#include <pgmspace.h>

const uint8_t Segoe_UI15[] PROGMEM = {
0x00, 0x00, 0x02, 0x3E, 0x00, 0x00, 0x00, 0x0B, 0x00, 0x00, 0x00, 0x0F, 0x00, 0x00, 0x00, 0x00,
0x00, 0x00, 0x00, 0x0B, 0x00, 0x00, 0x00, 0x03, 0x00, 0x00, 0x00, 0x21, 0x00, 0x00, 0x00, 0x0B,
0x00, 0x00, 0x00, 0x01, 0x00, 0x00, 0x00, 0x05, 0x00, 0x00, 0x00, 0x0B, 0x00, 0x00, 0x00, 0x02,
0x00, 0x00, 0x00, 0x00, 0x00, 0x00, 0x00, 0x22, 0x00, 0x00, 0x00, 0x04, 0x00, 0x00, 0x00, 0x03,
0x00, 0x00, 0x00, 0x05, 0x00, 0x00, 0x00, 0x0B, 0x00, 0x00, 0x00, 0x01, 0x00, 0x00, 0x00, 0x00,
0x00, 0x00, 0x00, 0x23, 0x00, 0x00, 0x00, 0x0B, 0x00, 0x00, 0x00, 0x08, 0x00, 0x00, 0x00, 0x08,
0x00, 0x00, 0x00, 0x0B, 0x00, 0x00, 0x00, 0x00, 0x00, 0x00, 0x00, 0x00, 0x00, 0x00, 0x00, 0x24,
0x00, 0x00, 0x00, 0x0D, 0x00, 0x00, 0x00, 0x07, 0x00, 0x00, 0x00, 0x08, 0x00, 0x00, 0x00, 0x0C,
0x00, 0x00, 0x00, 0x00, 0x00, 0x00, 0x00, 0x00, 0x00, 0x00, 0x00, 0x25, 0x00, 0x00, 0x00, 0x0B,
0x00, 0x00, 0x00, 0x0B, 0x00, 0x00, 0x00, 0x0D, 0x00, 0x00, 0x00, 0x0B, 0x00, 0x00, 0x00, 0x01,
0x00, 0x00, 0x00, 0x00, 0x00, 0x00, 0x00, 0x26, 0x00, 0x00, 0x00, 0x0B, 0x00, 0x00, 0x00, 0x09,
0x00, 0x00, 0x00, 0x0A, 0x00, 0x00, 0x00, 0x0B, 0x00, 0x00, 0x00, 0x01, 0x00, 0x00, 0x00, 0x00,
0x00, 0x00, 0x00, 0x27, 0x00, 0x00, 0x00, 0x04, 0x00, 0x00, 0x00, 0x01, 0x00, 0x00, 0x00, 0x03,
0x00, 0x00, 0x00, 0x0B, 0x00, 0x00, 0x00, 0x01, 0x00, 0x00, 0x00, 0x00, 0x00, 0x00, 0x00, 0x28,
0x00, 0x00, 0x00, 0x0E, 0x00, 0x00, 0x00, 0x03, 0x00, 0x00, 0x00, 0x05, 0x00, 0x00, 0x00, 0x0B,
0x00, 0x00, 0x00, 0x01, 0x00, 0x00, 0x00, 0x00, 0x00, 0x00, 0x00, 0x29, 0x00, 0x00, 0x00, 0x0E,
0x00, 0x00, 0x00, 0x03, 0x00, 0x00, 0x00, 0x05, 0x00, 0x00, 0x00, 0x0B, 0x00, 0x00, 0x00, 0x01,
0x00, 0x00, 0x00, 0x00, 0x00, 0x00, 0x00, 0x2A, 0x00, 0x00, 0x00, 0x05, 0x00, 0x00, 0x00, 0x05,
0x00, 0x00, 0x00, 0x06, 0x00, 0x00, 0x00, 0x0B, 0x00, 0x00, 0x00, 0x00, 0x00, 0x00, 0x00, 0x00,
0x00, 0x00, 0x00, 0x2B, 0x00, 0x00, 0x00, 0x07, 0x00, 0x00, 0x00, 0x07, 0x00, 0x00, 0x00, 0x09,
0x00, 0x00, 0x00, 0x09, 0x00, 0x00, 0x00, 0x01, 0x00, 0x00, 0x00, 0x00, 0x00, 0x00, 0x00, 0x2C,
0x00, 0x00, 0x00, 0x04, 0x00, 0x00, 0x00, 0x01, 0x00, 0x00, 0x00, 0x04, 0x00, 0x00, 0x00, 0x01,
0x00, 0x00, 0x00, 0x02, 0x00, 0x00, 0x00, 0x00, 0x00, 0x00, 0x00, 0x2D, 0x00, 0x00, 0x00, 0x01,
0x00, 0x00, 0x00, 0x04, 0x00, 0x00, 0x00, 0x05, 0x00, 0x00, 0x00, 0x04, 0x00, 0x00, 0x00, 0x00,
0x00, 0x00, 0x00, 0x00, 0x00, 0x00, 0x00, 0x2E, 0x00, 0x00, 0x00, 0x01, 0x00, 0x00, 0x00, 0x01,
0x00, 0x00, 0x00, 0x04, 0x00, 0x00, 0x00, 0x01, 0x00, 0x00, 0x00, 0x02, 0x00, 0x00, 0x00, 0x00,
0x00, 0x00, 0x00, 0x2F, 0x00, 0x00, 0x00, 0x0B, 0x00, 0x00, 0x00, 0x04, 0x00, 0x00, 0x00, 0x04,
0x00, 0x00, 0x00, 0x0B, 0x00, 0x00, 0x00, 0x00, 0x00, 0x00, 0x00, 0x00, 0x00, 0x00, 0x00, 0x30,
0x00, 0x00, 0x00, 0x0B, 0x00, 0x00, 0x00, 0x07, 0x00, 0x00, 0x00, 0x08, 0x00, 0x00, 0x00, 0x0B,
0x00, 0x00, 0x00, 0x01, 0x00, 0x00, 0x00, 0x00, 0x00, 0x00, 0x00, 0x31, 0x00, 0x00, 0x00, 0x0B,
0x00, 0x00, 0x00, 0x03, 0x00, 0x00, 0x00, 0x08, 0x00, 0x00, 0x00, 0x0B, 0x00, 0x00, 0x00, 0x02,
0x00, 0x00, 0x00, 0x00, 0x00, 0x00, 0x00, 0x32, 0x00, 0x00, 0x00, 0x0B, 0x00, 0x00, 0x00, 0x06,
0x00, 0x00, 0x00, 0x08, 0x00, 0x00, 0x00, 0x0B, 0x00, 0x00, 0x00, 0x01, 0x00, 0x00, 0x00, 0x00,
0x00, 0x00, 0x00, 0x33, 0x00, 0x00, 0x00, 0x0B, 0x00, 0x00, 0x00, 0x06, 0x00, 0x00, 0x00, 0x08,
0x00, 0x00, 0x00, 0x0B, 0x00, 0x00, 0x00, 0x01, 0x00, 0x00, 0x00, 0x00, 0x00, 0x00, 0x00, 0x34,
0x00, 0x00, 0x00, 0x0B, 0x00, 0x00, 0x00, 0x07, 0x00, 0x00, 0x00, 0x08, 0x00, 0x00, 0x00, 0x0B,
0x00, 0x00, 0x00, 0x00, 0x00, 0x00, 0x00, 0x00, 0x00, 0x00, 0x00, 0x35, 0x00, 0x00, 0x00, 0x0B,
0x00, 0x00, 0x00, 0x06, 0x00, 0x00, 0x00, 0x08, 0x00, 0x00, 0x00, 0x0B, 0x00, 0x00, 0x00, 0x01,
0x00, 0x00, 0x00, 0x00, 0x00, 0x00, 0x00, 0x36, 0x00, 0x00, 0x00, 0x0B, 0x00, 0x00, 0x00, 0x06,
0x00, 0x00, 0x00, 0x08, 0x00, 0x00, 0x00, 0x0B, 0x00, 0x00, 0x00, 0x01, 0x00, 0x00, 0x00, 0x00,
0x00, 0x00, 0x00, 0x37, 0x00, 0x00, 0x00, 0x0B, 0x00, 0x00, 0x00, 0x06, 0x00, 0x00, 0x00, 0x08,
0x00, 0x00, 0x00, 0x0B, 0x00, 0x00, 0x00, 0x01, 0x00, 0x00, 0x00, 0x00, 0x00, 0x00, 0x00, 0x38,
0x00, 0x00, 0x00, 0x0B, 0x00, 0x00, 0x00, 0x06, 0x00, 0x00, 0x00, 0x08, 0x00, 0x00, 0x00, 0x0B,
0x00, 0x00, 0x00, 0x01, 0x00, 0x00, 0x00, 0x00, 0x00, 0x00, 0x00, 0x39, 0x00, 0x00, 0x00, 0x0B,
0x00, 0x00, 0x00, 0x06, 0x00, 0x00, 0x00, 0x08, 0x00, 0x00, 0x00, 0x0B, 0x00, 0x00, 0x00, 0x01,
0x00, 0x00, 0x00, 0x00, 0x00, 0x00, 0x00, 0x3A, 0x00, 0x00, 0x00, 0x08, 0x00, 0x00, 0x00, 0x01,
0x00, 0x00, 0x00, 0x04, 0x00, 0x00, 0x00, 0x08, 0x00, 0x00, 0x00, 0x01, 0x00, 0x00, 0x00, 0x00,
0x00, 0x00, 0x00, 0x3B, 0x00, 0x00, 0x00, 0x0B, 0x00, 0x00, 0x00, 0x01, 0x00, 0x00, 0x00, 0x04,
0x00, 0x00, 0x00, 0x08, 0x00, 0x00, 0x00, 0x01, 0x00, 0x00, 0x00, 0x00, 0x00, 0x00, 0x00, 0x3C,
0x00, 0x00, 0x00, 0x07, 0x00, 0x00, 0x00, 0x07, 0x00, 0x00, 0x00, 0x09, 0x00, 0x00, 0x00, 0x09,
0x00, 0x00, 0x00, 0x01, 0x00, 0x00, 0x00, 0x00, 0x00, 0x00, 0x00, 0x3D, 0x00, 0x00, 0x00, 0x05,
0x00, 0x00, 0x00, 0x07, 0x00, 0x00, 0x00, 0x09, 0x00, 0x00, 0x00, 0x08, 0x00, 0x00, 0x00, 0x01,
0x00, 0x00, 0x00, 0x00, 0x00, 0x00, 0x00, 0x3E, 0x00, 0x00, 0x00, 0x07, 0x00, 0x00, 0x00, 0x07,
0x00, 0x00, 0x00, 0x09, 0x00, 0x00, 0x00, 0x09, 0x00, 0x00, 0x00, 0x01, 0x00, 0x00, 0x00, 0x00,
0x00, 0x00, 0x00, 0x3F, 0x00, 0x00, 0x00, 0x0B, 0x00, 0x00, 0x00, 0x06, 0x00, 0x00, 0x00, 0x08,
0x00, 0x00, 0x00, 0x0B, 0x00, 0x00, 0x00, 0x01, 0x00, 0x00, 0x00, 0x00, 0x00, 0x00, 0x00, 0x40,
0x00, 0x00, 0x00, 0x0E, 0x00, 0x00, 0x00, 0x0E, 0x00, 0x00, 0x00, 0x0F, 0x00, 0x00, 0x00, 0x0B,
0x00, 0x00, 0x00, 0x00, 0x00, 0x00, 0x00, 0x00, 0x00, 0x00, 0x00, 0x41, 0x00, 0x00, 0x00, 0x0B,
0x00, 0x00, 0x00, 0x0B, 0x00, 0x00, 0x00, 0x09, 0x00, 0x00, 0x00, 0x0B, 0xFF, 0xFF, 0xFF, 0xFF,
0x00, 0x00, 0x00, 0x00, 0x00, 0x00, 0x00, 0x42, 0x00, 0x00, 0x00, 0x0B, 0x00, 0x00, 0x00, 0x08,
0x00, 0x00, 0x00, 0x0A, 0x00, 0x00, 0x00, 0x0B, 0x00, 0x00, 0x00, 0x01, 0x00, 0x00, 0x00, 0x00,
0x00, 0x00, 0x00, 0x43, 0x00, 0x00, 0x00, 0x0B, 0x00, 0x00, 0x00, 0x09, 0x00, 0x00, 0x00, 0x0B,
0x00, 0x00, 0x00, 0x0B, 0x00, 0x00, 0x00, 0x01, 0x00, 0x00, 0x00, 0x00, 0x00, 0x00, 0x00, 0x44,
0x00, 0x00, 0x00, 0x0B, 0x00, 0x00, 0x00, 0x09, 0x00, 0x00, 0x00, 0x0B, 0x00, 0x00, 0x00, 0x0B,
0x00, 0x00, 0x00, 0x01, 0x00, 0x00, 0x00, 0x00, 0x00, 0x00, 0x00, 0x45, 0x00, 0x00, 0x00, 0x0B,
0x00, 0x00, 0x00, 0x08, 0x00, 0x00, 0x00, 0x0A, 0x00, 0x00, 0x00, 0x0B, 0x00, 0x00, 0x00, 0x01,
0x00, 0x00, 0x00, 0x00, 0x00, 0x00, 0x00, 0x46, 0x00, 0x00, 0x00, 0x0B, 0x00, 0x00, 0x00, 0x07,
0x00, 0x00, 0x00, 0x09, 0x00, 0x00, 0x00, 0x0B, 0x00, 0x00, 0x00, 0x01, 0x00, 0x00, 0x00, 0x00,
0x00, 0x00, 0x00, 0x47, 0x00, 0x00, 0x00, 0x0B, 0x00, 0x00, 0x00, 0x09, 0x00, 0x00, 0x00, 0x0B,
0x00, 0x00, 0x00, 0x0B, 0x00, 0x00, 0x00, 0x01, 0x00, 0x00, 0x00, 0x00, 0x00, 0x00, 0x00, 0x48,
0x00, 0x00, 0x00, 0x0B, 0x00, 0x00, 0x00, 0x08, 0x00, 0x00, 0x00, 0x0A, 0x00, 0x00, 0x00, 0x0B,
0x00, 0x00, 0x00, 0x01, 0x00, 0x00, 0x00, 0x00, 0x00, 0x00, 0x00, 0x49, 0x00, 0x00, 0x00, 0x0B,
0x00, 0x00, 0x00, 0x01, 0x00, 0x00, 0x00, 0x03, 0x00, 0x00, 0x00, 0x0B, 0x00, 0x00, 0x00, 0x01,
0x00, 0x00, 0x00, 0x00, 0x00, 0x00, 0x00, 0x4A, 0x00, 0x00, 0x00, 0x0B, 0x00, 0x00, 0x00, 0x06,
0x00, 0x00, 0x00, 0x07, 0x00, 0x00, 0x00, 0x0B, 0x00, 0x00, 0x00, 0x00, 0x00, 0x00, 0x00, 0x00,
0x00, 0x00, 0x00, 0x4B, 0x00, 0x00, 0x00, 0x0B, 0x00, 0x00, 0x00, 0x09, 0x00, 0x00, 0x00, 0x0A,
0x00, 0x00, 0x00, 0x0B, 0x00, 0x00, 0x00, 0x01, 0x00, 0x00, 0x00, 0x00, 0x00, 0x00, 0x00, 0x4C,
0x00, 0x00, 0x00, 0x0B, 0x00, 0x00, 0x00, 0x07, 0x00, 0x00, 0x00, 0x08, 0x00, 0x00, 0x00, 0x0B,
0x00, 0x00, 0x00, 0x01, 0x00, 0x00, 0x00, 0x00, 0x00, 0x00, 0x00, 0x4D, 0x00, 0x00, 0x00, 0x0B,
0x00, 0x00, 0x00, 0x09, 0x00, 0x00, 0x00, 0x0B, 0x00, 0x00, 0x00, 0x0B, 0x00, 0x00, 0x00, 0x01,
0x00, 0x00, 0x00, 0x00, 0x00, 0x00, 0x00, 0x4E, 0x00, 0x00, 0x00, 0x0B, 0x00, 0x00, 0x00, 0x08,
0x00, 0x00, 0x00, 0x0A, 0x00, 0x00, 0x00, 0x0B, 0x00, 0x00, 0x00, 0x01, 0x00, 0x00, 0x00, 0x00,
0x00, 0x00, 0x00, 0x4F, 0x00, 0x00, 0x00, 0x0B, 0x00, 0x00, 0x00, 0x0A, 0x00, 0x00, 0x00, 0x0C,
0x00, 0x00, 0x00, 0x0B, 0x00, 0x00, 0x00, 0x01, 0x00, 0x00, 0x00, 0x00, 0x00, 0x00, 0x00, 0x50,
0x00, 0x00, 0x00, 0x0B, 0x00, 0x00, 0x00, 0x08, 0x00, 0x00, 0x00, 0x0A, 0x00, 0x00, 0x00, 0x0B,
0x00, 0x00, 0x00, 0x01, 0x00, 0x00, 0x00, 0x00, 0x00, 0x00, 0x00, 0x51, 0x00, 0x00, 0x00, 0x0C,
0x00, 0x00, 0x00, 0x0A, 0x00, 0x00, 0x00, 0x0C, 0x00, 0x00, 0x00, 0x0B, 0x00, 0x00, 0x00, 0x01,
0x00, 0x00, 0x00, 0x00, 0x00, 0x00, 0x00, 0x52, 0x00, 0x00, 0x00, 0x0B, 0x00, 0x00, 0x00, 0x09,
0x00, 0x00, 0x00, 0x0B, 0x00, 0x00, 0x00, 0x0B, 0x00, 0x00, 0x00, 0x01, 0x00, 0x00, 0x00, 0x00,
0x00, 0x00, 0x00, 0x53, 0x00, 0x00, 0x00, 0x0B, 0x00, 0x00, 0x00, 0x08, 0x00, 0x00, 0x00, 0x0A,
0x00, 0x00, 0x00, 0x0B, 0x00, 0x00, 0x00, 0x01, 0x00, 0x00, 0x00, 0x00, 0x00, 0x00, 0x00, 0x54,
0x00, 0x00, 0x00, 0x0B, 0x00, 0x00, 0x00, 0x09, 0x00, 0x00, 0x00, 0x09, 0x00, 0x00, 0x00, 0x0B,
0x00, 0x00, 0x00, 0x00, 0x00, 0x00, 0x00, 0x00, 0x00, 0x00, 0x00, 0x55, 0x00, 0x00, 0x00, 0x0B,
0x00, 0x00, 0x00, 0x08, 0x00, 0x00, 0x00, 0x0A, 0x00, 0x00, 0x00, 0x0B, 0x00, 0x00, 0x00, 0x01,
0x00, 0x00, 0x00, 0x00, 0x00, 0x00, 0x00, 0x56, 0x00, 0x00, 0x00, 0x0B, 0x00, 0x00, 0x00, 0x0B,
0x00, 0x00, 0x00, 0x09, 0x00, 0x00, 0x00, 0x0B, 0xFF, 0xFF, 0xFF, 0xFF, 0x00, 0x00, 0x00, 0x00,
0x00, 0x00, 0x00, 0x57, 0x00, 0x00, 0x00, 0x0B, 0x00, 0x00, 0x00, 0x0F, 0x00, 0x00, 0x00, 0x0F,
0x00, 0x00, 0x00, 0x0B, 0x00, 0x00, 0x00, 0x00, 0x00, 0x00, 0x00, 0x00, 0x00, 0x00, 0x00, 0x58,
0x00, 0x00, 0x00, 0x0B, 0x00, 0x00, 0x00, 0x09, 0x00, 0x00, 0x00, 0x09, 0x00, 0x00, 0x00, 0x0B,
0x00, 0x00, 0x00, 0x00, 0x00, 0x00, 0x00, 0x00, 0x00, 0x00, 0x00, 0x59, 0x00, 0x00, 0x00, 0x0B,
0x00, 0x00, 0x00, 0x09, 0x00, 0x00, 0x00, 0x09, 0x00, 0x00, 0x00, 0x0B, 0x00, 0x00, 0x00, 0x00,
0x00, 0x00, 0x00, 0x00, 0x00, 0x00, 0x00, 0x5A, 0x00, 0x00, 0x00, 0x0B, 0x00, 0x00, 0x00, 0x08,
0x00, 0x00, 0x00, 0x08, 0x00, 0x00, 0x00, 0x0B, 0x00, 0x00, 0x00, 0x00, 0x00, 0x00, 0x00, 0x00,
0x00, 0x00, 0x00, 0x5B, 0x00, 0x00, 0x00, 0x0E, 0x00, 0x00, 0x00, 0x03, 0x00, 0x00, 0x00, 0x04,
0x00, 0x00, 0x00, 0x0B, 0x00, 0x00, 0x00, 0x01, 0x00, 0x00, 0x00, 0x00, 0x00, 0x00, 0x00, 0x5C,
0x00, 0x00, 0x00, 0x0B, 0x00, 0x00, 0x00, 0x04, 0x00, 0x00, 0x00, 0x04, 0x00, 0x00, 0x00, 0x0B,
0x00, 0x00, 0x00, 0x00, 0x00, 0x00, 0x00, 0x00, 0x00, 0x00, 0x00, 0x5D, 0x00, 0x00, 0x00, 0x0E,
0x00, 0x00, 0x00, 0x03, 0x00, 0x00, 0x00, 0x04, 0x00, 0x00, 0x00, 0x0B, 0x00, 0x00, 0x00, 0x00,
0x00, 0x00, 0x00, 0x00, 0x00, 0x00, 0x00, 0x5E, 0x00, 0x00, 0x00, 0x06, 0x00, 0x00, 0x00, 0x05,
0x00, 0x00, 0x00, 0x05, 0x00, 0x00, 0x00, 0x0B, 0x00, 0x00, 0x00, 0x00, 0x00, 0x00, 0x00, 0x00,
0x00, 0x00, 0x00, 0x5F, 0x00, 0x00, 0x00, 0x01, 0x00, 0x00, 0x00, 0x08, 0x00, 0x00, 0x00, 0x08,
0xFF, 0xFF, 0xFF, 0xFE, 0x00, 0x00, 0x00, 0x00, 0x00, 0x00, 0x00, 0x00, 0x00, 0x00, 0x00, 0x60,
0x00, 0x00, 0x00, 0x02, 0x00, 0x00, 0x00, 0x02, 0x00, 0x00, 0x00, 0x05, 0x00, 0x00, 0x00, 0x0B,
0x00, 0x00, 0x00, 0x01, 0x00, 0x00, 0x00, 0x00, 0x00, 0x00, 0x00, 0x61, 0x00, 0x00, 0x00, 0x08,
0x00, 0x00, 0x00, 0x06, 0x00, 0x00, 0x00, 0x08, 0x00, 0x00, 0x00, 0x08, 0x00, 0x00, 0x00, 0x01,
0x00, 0x00, 0x00, 0x00, 0x00, 0x00, 0x00, 0x62, 0x00, 0x00, 0x00, 0x0B, 0x00, 0x00, 0x00, 0x06,
0x00, 0x00, 0x00, 0x08, 0x00, 0x00, 0x00, 0x0B, 0x00, 0x00, 0x00, 0x01, 0x00, 0x00, 0x00, 0x00,
0x00, 0x00, 0x00, 0x63, 0x00, 0x00, 0x00, 0x08, 0x00, 0x00, 0x00, 0x06, 0x00, 0x00, 0x00, 0x08,
0x00, 0x00, 0x00, 0x08, 0x00, 0x00, 0x00, 0x01, 0x00, 0x00, 0x00, 0x00, 0x00, 0x00, 0x00, 0x64,
0x00, 0x00, 0x00, 0x0B, 0x00, 0x00, 0x00, 0x06, 0x00, 0x00, 0x00, 0x08, 0x00, 0x00, 0x00, 0x0B,
0x00, 0x00, 0x00, 0x01, 0x00, 0x00, 0x00, 0x00, 0x00, 0x00, 0x00, 0x65, 0x00, 0x00, 0x00, 0x08,
0x00, 0x00, 0x00, 0x06, 0x00, 0x00, 0x00, 0x08, 0x00, 0x00, 0x00, 0x08, 0x00, 0x00, 0x00, 0x01,
0x00, 0x00, 0x00, 0x00, 0x00, 0x00, 0x00, 0x66, 0x00, 0x00, 0x00, 0x0B, 0x00, 0x00, 0x00, 0x05,
0x00, 0x00, 0x00, 0x04, 0x00, 0x00, 0x00, 0x0B, 0x00, 0x00, 0x00, 0x00, 0x00, 0x00, 0x00, 0x00,
0x00, 0x00, 0x00, 0x67, 0x00, 0x00, 0x00, 0x0B, 0x00, 0x00, 0x00, 0x06, 0x00, 0x00, 0x00, 0x08,
0x00, 0x00, 0x00, 0x08, 0x00, 0x00, 0x00, 0x01, 0x00, 0x00, 0x00, 0x00, 0x00, 0x00, 0x00, 0x68,
0x00, 0x00, 0x00, 0x0B, 0x00, 0x00, 0x00, 0x06, 0x00, 0x00, 0x00, 0x08, 0x00, 0x00, 0x00, 0x0B,
0x00, 0x00, 0x00, 0x01, 0x00, 0x00, 0x00, 0x00, 0x00, 0x00, 0x00, 0x69, 0x00, 0x00, 0x00, 0x0B,
0x00, 0x00, 0x00, 0x01, 0x00, 0x00, 0x00, 0x03, 0x00, 0x00, 0x00, 0x0B, 0x00, 0x00, 0x00, 0x01,
0x00, 0x00, 0x00, 0x00, 0x00, 0x00, 0x00, 0x6A, 0x00, 0x00, 0x00, 0x0E, 0x00, 0x00, 0x00, 0x03,
0x00, 0x00, 0x00, 0x03, 0x00, 0x00, 0x00, 0x0B, 0xFF, 0xFF, 0xFF, 0xFF, 0x00, 0x00, 0x00, 0x00,
0x00, 0x00, 0x00, 0x6B, 0x00, 0x00, 0x00, 0x0B, 0x00, 0x00, 0x00, 0x06, 0x00, 0x00, 0x00, 0x07,
0x00, 0x00, 0x00, 0x0B, 0x00, 0x00, 0x00, 0x01, 0x00, 0x00, 0x00, 0x00, 0x00, 0x00, 0x00, 0x6C,
0x00, 0x00, 0x00, 0x0B, 0x00, 0x00, 0x00, 0x01, 0x00, 0x00, 0x00, 0x03, 0x00, 0x00, 0x00, 0x0B,
0x00, 0x00, 0x00, 0x01, 0x00, 0x00, 0x00, 0x00, 0x00, 0x00, 0x00, 0x6D, 0x00, 0x00, 0x00, 0x08,
0x00, 0x00, 0x00, 0x0B, 0x00, 0x00, 0x00, 0x0D, 0x00, 0x00, 0x00, 0x08, 0x00, 0x00, 0x00, 0x01,
0x00, 0x00, 0x00, 0x00, 0x00, 0x00, 0x00, 0x6E, 0x00, 0x00, 0x00, 0x08, 0x00, 0x00, 0x00, 0x06,
0x00, 0x00, 0x00, 0x08, 0x00, 0x00, 0x00, 0x08, 0x00, 0x00, 0x00, 0x01, 0x00, 0x00, 0x00, 0x00,
0x00, 0x00, 0x00, 0x6F, 0x00, 0x00, 0x00, 0x08, 0x00, 0x00, 0x00, 0x06, 0x00, 0x00, 0x00, 0x08,
0x00, 0x00, 0x00, 0x08, 0x00, 0x00, 0x00, 0x01, 0x00, 0x00, 0x00, 0x00, 0x00, 0x00, 0x00, 0x70,
0x00, 0x00, 0x00, 0x0B, 0x00, 0x00, 0x00, 0x06, 0x00, 0x00, 0x00, 0x08, 0x00, 0x00, 0x00, 0x08,
0x00, 0x00, 0x00, 0x01, 0x00, 0x00, 0x00, 0x00, 0x00, 0x00, 0x00, 0x71, 0x00, 0x00, 0x00, 0x0B,
0x00, 0x00, 0x00, 0x06, 0x00, 0x00, 0x00, 0x08, 0x00, 0x00, 0x00, 0x08, 0x00, 0x00, 0x00, 0x01,
0x00, 0x00, 0x00, 0x00, 0x00, 0x00, 0x00, 0x72, 0x00, 0x00, 0x00, 0x08, 0x00, 0x00, 0x00, 0x04,
0x00, 0x00, 0x00, 0x05, 0x00, 0x00, 0x00, 0x08, 0x00, 0x00, 0x00, 0x01, 0x00, 0x00, 0x00, 0x00,
0x00, 0x00, 0x00, 0x73, 0x00, 0x00, 0x00, 0x08, 0x00, 0x00, 0x00, 0x06, 0x00, 0x00, 0x00, 0x08,
0x00, 0x00, 0x00, 0x08, 0x00, 0x00, 0x00, 0x01, 0x00, 0x00, 0x00, 0x00, 0x00, 0x00, 0x00, 0x74,
0x00, 0x00, 0x00, 0x0B, 0x00, 0x00, 0x00, 0x04, 0x00, 0x00, 0x00, 0x04, 0x00, 0x00, 0x00, 0x0B,
0x00, 0x00, 0x00, 0x00, 0x00, 0x00, 0x00, 0x00, 0x00, 0x00, 0x00, 0x75, 0x00, 0x00, 0x00, 0x08,
0x00, 0x00, 0x00, 0x06, 0x00, 0x00, 0x00, 0x08, 0x00, 0x00, 0x00, 0x08, 0x00, 0x00, 0x00, 0x01,
0x00, 0x00, 0x00, 0x00, 0x00, 0x00, 0x00, 0x76, 0x00, 0x00, 0x00, 0x08, 0x00, 0x00, 0x00, 0x09,
0x00, 0x00, 0x00, 0x07, 0x00, 0x00, 0x00, 0x08, 0xFF, 0xFF, 0xFF, 0xFF, 0x00, 0x00, 0x00, 0x00,
0x00, 0x00, 0x00, 0x77, 0x00, 0x00, 0x00, 0x08, 0x00, 0x00, 0x00, 0x0B, 0x00, 0x00, 0x00, 0x0B,
0x00, 0x00, 0x00, 0x08, 0x00, 0x00, 0x00, 0x00, 0x00, 0x00, 0x00, 0x00, 0x00, 0x00, 0x00, 0x78,
0x00, 0x00, 0x00, 0x08, 0x00, 0x00, 0x00, 0x07, 0x00, 0x00, 0x00, 0x07, 0x00, 0x00, 0x00, 0x08,
0x00, 0x00, 0x00, 0x00, 0x00, 0x00, 0x00, 0x00, 0x00, 0x00, 0x00, 0x79, 0x00, 0x00, 0x00, 0x0B,
0x00, 0x00, 0x00, 0x09, 0x00, 0x00, 0x00, 0x07, 0x00, 0x00, 0x00, 0x08, 0xFF, 0xFF, 0xFF, 0xFF,
0x00, 0x00, 0x00, 0x00, 0x00, 0x00, 0x00, 0x7A, 0x00, 0x00, 0x00, 0x08, 0x00, 0x00, 0x00, 0x06,
0x00, 0x00, 0x00, 0x08, 0x00, 0x00, 0x00, 0x08, 0x00, 0x00, 0x00, 0x01, 0x00, 0x00, 0x00, 0x00,
0x00, 0x00, 0x00, 0x7B, 0x00, 0x00, 0x00, 0x0E, 0x00, 0x00, 0x00, 0x05, 0x00, 0x00, 0x00, 0x05,
0x00, 0x00, 0x00, 0x0B, 0x00, 0x00, 0x00, 0x00, 0x00, 0x00, 0x00, 0x00, 0x00, 0x00, 0x00, 0x7C,
0x00, 0x00, 0x00, 0x0E, 0x00, 0x00, 0x00, 0x01, 0x00, 0x00, 0x00, 0x03, 0x00, 0x00, 0x00, 0x0B,
0x00, 0x00, 0x00, 0x01, 0x00, 0x00, 0x00, 0x00, 0x00, 0x00, 0x00, 0x7D, 0x00, 0x00, 0x00, 0x0E,
0x00, 0x00, 0x00, 0x05, 0x00, 0x00, 0x00, 0x05, 0x00, 0x00, 0x00, 0x0B, 0x00, 0x00, 0x00, 0x00,
0x00, 0x00, 0x00, 0x00, 0x00, 0x00, 0x00, 0x7E, 0x00, 0x00, 0x00, 0x02, 0x00, 0x00, 0x00, 0x08,
0x00, 0x00, 0x00, 0x09, 0x00, 0x00, 0x00, 0x06, 0x00, 0x00, 0x00, 0x00, 0x00, 0x00, 0x00, 0x00,
0x00, 0x00, 0x00, 0xA0, 0x00, 0x00, 0x00, 0x01, 0x00, 0x00, 0x00, 0x01, 0x00, 0x00, 0x00, 0x04,
0x00, 0x00, 0x00, 0x1E, 0xFF, 0xFF, 0xFF, 0xF1, 0x00, 0x00, 0x00, 0x00, 0x00, 0x00, 0x00, 0xA1,
0x00, 0x00, 0x00, 0x0B, 0x00, 0x00, 0x00, 0x01, 0x00, 0x00, 0x00, 0x05, 0x00, 0x00, 0x00, 0x08,
0x00, 0x00, 0x00, 0x02, 0x00, 0x00, 0x00, 0x00, 0x00, 0x00, 0x00, 0xA2, 0x00, 0x00, 0x00, 0x10,
0x00, 0x00, 0x00, 0x06, 0x00, 0x00, 0x00, 0x08, 0x00, 0x00, 0x00, 0x0C, 0x00, 0x00, 0x00, 0x01,
0x00, 0x00, 0x00, 0x00, 0x00, 0x00, 0x00, 0xA3, 0x00, 0x00, 0x00, 0x0B, 0x00, 0x00, 0x00, 0x07,
0x00, 0x00, 0x00, 0x08, 0x00, 0x00, 0x00, 0x0B, 0x00, 0x00, 0x00, 0x00, 0x00, 0x00, 0x00, 0x00,
0x00, 0x00, 0x00, 0xA4, 0x00, 0x00, 0x00, 0x06, 0x00, 0x00, 0x00, 0x08, 0x00, 0x00, 0x00, 0x08,
0x00, 0x00, 0x00, 0x08, 0x00, 0x00, 0x00, 0x00, 0x00, 0x00, 0x00, 0x00, 0x00, 0x00, 0x00, 0xA5,
0x00, 0x00, 0x00, 0x0B, 0x00, 0x00, 0x00, 0x07, 0x00, 0x00, 0x00, 0x08, 0x00, 0x00, 0x00, 0x0B,
0x00, 0x00, 0x00, 0x00, 0x00, 0x00, 0x00, 0x00, 0x00, 0x00, 0x00, 0xA6, 0x00, 0x00, 0x00, 0x0E,
0x00, 0x00, 0x00, 0x01, 0x00, 0x00, 0x00, 0x03, 0x00, 0x00, 0x00, 0x0B, 0x00, 0x00, 0x00, 0x01,
0x00, 0x00, 0x00, 0x00, 0x00, 0x00, 0x00, 0xA7, 0x00, 0x00, 0x00, 0x0E, 0x00, 0x00, 0x00, 0x07,
0x00, 0x00, 0x00, 0x08, 0x00, 0x00, 0x00, 0x0B, 0x00, 0x00, 0x00, 0x00, 0x00, 0x00, 0x00, 0x00,
0x00, 0x00, 0x00, 0xA8, 0x00, 0x00, 0x00, 0x01, 0x00, 0x00, 0x00, 0x03, 0x00, 0x00, 0x00, 0x05,
0x00, 0x00, 0x00, 0x0B, 0x00, 0x00, 0x00, 0x01, 0x00, 0x00, 0x00, 0x00, 0x00, 0x00, 0x00, 0xA9,
0x00, 0x00, 0x00, 0x0B, 0x00, 0x00, 0x00, 0x0B, 0x00, 0x00, 0x00, 0x0B, 0x00, 0x00, 0x00, 0x0B,
0x00, 0x00, 0x00, 0x00, 0x00, 0x00, 0x00, 0x00, 0x00, 0x00, 0x00, 0xAA, 0x00, 0x00, 0x00, 0x06,
0x00, 0x00, 0x00, 0x05, 0x00, 0x00, 0x00, 0x05, 0x00, 0x00, 0x00, 0x0B, 0x00, 0x00, 0x00, 0x00,
0x00, 0x00, 0x00, 0x00, 0x00, 0x00, 0x00, 0xAB, 0x00, 0x00, 0x00, 0x07, 0x00, 0x00, 0x00, 0x06,
0x00, 0x00, 0x00, 0x08, 0x00, 0x00, 0x00, 0x08, 0x00, 0x00, 0x00, 0x01, 0x00, 0x00, 0x00, 0x00,
0x00, 0x00, 0x00, 0xAC, 0x00, 0x00, 0x00, 0x04, 0x00, 0x00, 0x00, 0x07, 0x00, 0x00, 0x00, 0x09,
0x00, 0x00, 0x00, 0x07, 0x00, 0x00, 0x00, 0x01, 0x00, 0x00, 0x00, 0x00, 0x00, 0x00, 0x00, 0xAD,
0x00, 0x00, 0x00, 0x01, 0x00, 0x00, 0x00, 0x04, 0x00, 0x00, 0x00, 0x05, 0x00, 0x00, 0x00, 0x04,
0x00, 0x00, 0x00, 0x00, 0x00, 0x00, 0x00, 0x00, 0x00, 0x00, 0x00, 0xAE, 0x00, 0x00, 0x00, 0x0B,
0x00, 0x00, 0x00, 0x0B, 0x00, 0x00, 0x00, 0x0B, 0x00, 0x00, 0x00, 0x0B, 0x00, 0x00, 0x00, 0x00,
0x00, 0x00, 0x00, 0x00, 0x00, 0x00, 0x00, 0xAF, 0x00, 0x00, 0x00, 0x01, 0x00, 0x00, 0x00, 0x08,
0x00, 0x00, 0x00, 0x08, 0x00, 0x00, 0x00, 0x0C, 0x00, 0x00, 0x00, 0x00, 0x00, 0x00, 0x00, 0x00,
0x00, 0x00, 0x00, 0xB0, 0x00, 0x00, 0x00, 0x04, 0x00, 0x00, 0x00, 0x04, 0x00, 0x00, 0x00, 0x06,
0x00, 0x00, 0x00, 0x0B, 0x00, 0x00, 0x00, 0x01, 0x00, 0x00, 0x00, 0x00, 0x00, 0x00, 0x00, 0xB1,
0x00, 0x00, 0x00, 0x09, 0x00, 0x00, 0x00, 0x07, 0x00, 0x00, 0x00, 0x08, 0x00, 0x00, 0x00, 0x09,
0x00, 0x00, 0x00, 0x01, 0x00, 0x00, 0x00, 0x00, 0x00, 0x00, 0x00, 0xB2, 0x00, 0x00, 0x00, 0x06,
0x00, 0x00, 0x00, 0x05, 0x00, 0x00, 0x00, 0x05, 0x00, 0x00, 0x00, 0x0B, 0x00, 0x00, 0x00, 0x00,
0x00, 0x00, 0x00, 0x00, 0x00, 0x00, 0x00, 0xB3, 0x00, 0x00, 0x00, 0x06, 0x00, 0x00, 0x00, 0x05,
0x00, 0x00, 0x00, 0x05, 0x00, 0x00, 0x00, 0x0B, 0x00, 0x00, 0x00, 0x00, 0x00, 0x00, 0x00, 0x00,
0x00, 0x00, 0x00, 0xB4, 0x00, 0x00, 0x00, 0x02, 0x00, 0x00, 0x00, 0x02, 0x00, 0x00, 0x00, 0x05,
0x00, 0x00, 0x00, 0x0B, 0x00, 0x00, 0x00, 0x02, 0x00, 0x00, 0x00, 0x00, 0x00, 0x00, 0x00, 0xB5,
0x00, 0x00, 0x00, 0x0B, 0x00, 0x00, 0x00, 0x06, 0x00, 0x00, 0x00, 0x08, 0x00, 0x00, 0x00, 0x08,
0x00, 0x00, 0x00, 0x01, 0x00, 0x00, 0x00, 0x00, 0x00, 0x00, 0x00, 0xB6, 0x00, 0x00, 0x00, 0x0E,
0x00, 0x00, 0x00, 0x08, 0x00, 0x00, 0x00, 0x08, 0x00, 0x00, 0x00, 0x0B, 0x00, 0x00, 0x00, 0x00,
0x00, 0x00, 0x00, 0x00, 0x00, 0x00, 0x00, 0xB7, 0x00, 0x00, 0x00, 0x01, 0x00, 0x00, 0x00, 0x01,
0x00, 0x00, 0x00, 0x05, 0x00, 0x00, 0x00, 0x06, 0x00, 0x00, 0x00, 0x02, 0x00, 0x00, 0x00, 0x00,
0x00, 0x00, 0x00, 0xB8, 0x00, 0x00, 0x00, 0x03, 0x00, 0x00, 0x00, 0x03, 0x00, 0x00, 0x00, 0x05,
0x00, 0x00, 0x00, 0x00, 0x00, 0x00, 0x00, 0x01, 0x00, 0x00, 0x00, 0x00, 0x00, 0x00, 0x00, 0xB9,
0x00, 0x00, 0x00, 0x06, 0x00, 0x00, 0x00, 0x03, 0x00, 0x00, 0x00, 0x05, 0x00, 0x00, 0x00, 0x0B,
0x00, 0x00, 0x00, 0x01, 0x00, 0x00, 0x00, 0x00, 0x00, 0x00, 0x00, 0xBA, 0x00, 0x00, 0x00, 0x06,
0x00, 0x00, 0x00, 0x05, 0x00, 0x00, 0x00, 0x05, 0x00, 0x00, 0x00, 0x0B, 0x00, 0x00, 0x00, 0x00,
0x00, 0x00, 0x00, 0x00, 0x00, 0x00, 0x00, 0xBB, 0x00, 0x00, 0x00, 0x07, 0x00, 0x00, 0x00, 0x06,
0x00, 0x00, 0x00, 0x08, 0x00, 0x00, 0x00, 0x08, 0x00, 0x00, 0x00, 0x01, 0x00, 0x00, 0x00, 0x00,
0x00, 0x00, 0x00, 0xBC, 0x00, 0x00, 0x00, 0x0B, 0x00, 0x00, 0x00, 0x0C, 0x00, 0x00, 0x00, 0x0D,
0x00, 0x00, 0x00, 0x0B, 0x00, 0x00, 0x00, 0x01, 0x00, 0x00, 0x00, 0x00, 0x00, 0x00, 0x00, 0xBD,
0x00, 0x00, 0x00, 0x0B, 0x00, 0x00, 0x00, 0x0C, 0x00, 0x00, 0x00, 0x0D, 0x00, 0x00, 0x00, 0x0B,
0x00, 0x00, 0x00, 0x01, 0x00, 0x00, 0x00, 0x00, 0x00, 0x00, 0x00, 0xBE, 0x00, 0x00, 0x00, 0x0B,
0x00, 0x00, 0x00, 0x0D, 0x00, 0x00, 0x00, 0x0D, 0x00, 0x00, 0x00, 0x0B, 0x00, 0x00, 0x00, 0x00,
0x00, 0x00, 0x00, 0x00, 0x00, 0x00, 0x00, 0xBF, 0x00, 0x00, 0x00, 0x0B, 0x00, 0x00, 0x00, 0x07,
0x00, 0x00, 0x00, 0x09, 0x00, 0x00, 0x00, 0x08, 0x00, 0x00, 0x00, 0x01, 0x00, 0x00, 0x00, 0x00,
0x00, 0x00, 0x00, 0xC0, 0x00, 0x00, 0x00, 0x0E, 0x00, 0x00, 0x00, 0x0B, 0x00, 0x00, 0x00, 0x09,
0x00, 0x00, 0x00, 0x0E, 0xFF, 0xFF, 0xFF, 0xFF, 0x00, 0x00, 0x00, 0x00, 0x00, 0x00, 0x00, 0xC1,
0x00, 0x00, 0x00, 0x0E, 0x00, 0x00, 0x00, 0x0B, 0x00, 0x00, 0x00, 0x09, 0x00, 0x00, 0x00, 0x0E,
0xFF, 0xFF, 0xFF, 0xFF, 0x00, 0x00, 0x00, 0x00, 0x00, 0x00, 0x00, 0xC2, 0x00, 0x00, 0x00, 0x0E,
0x00, 0x00, 0x00, 0x0B, 0x00, 0x00, 0x00, 0x09, 0x00, 0x00, 0x00, 0x0E, 0xFF, 0xFF, 0xFF, 0xFF,
0x00, 0x00, 0x00, 0x00, 0x00, 0x00, 0x00, 0xC3, 0x00, 0x00, 0x00, 0x0E, 0x00, 0x00, 0x00, 0x0B,
0x00, 0x00, 0x00, 0x09, 0x00, 0x00, 0x00, 0x0E, 0xFF, 0xFF, 0xFF, 0xFF, 0x00, 0x00, 0x00, 0x00,
0x00, 0x00, 0x00, 0xC4, 0x00, 0x00, 0x00, 0x0D, 0x00, 0x00, 0x00, 0x0B, 0x00, 0x00, 0x00, 0x09,
0x00, 0x00, 0x00, 0x0D, 0xFF, 0xFF, 0xFF, 0xFF, 0x00, 0x00, 0x00, 0x00, 0x00, 0x00, 0x00, 0xC5,
0x00, 0x00, 0x00, 0x0D, 0x00, 0x00, 0x00, 0x0B, 0x00, 0x00, 0x00, 0x09, 0x00, 0x00, 0x00, 0x0D,
0xFF, 0xFF, 0xFF, 0xFF, 0x00, 0x00, 0x00, 0x00, 0x00, 0x00, 0x00, 0xC6, 0x00, 0x00, 0x00, 0x0B,
0x00, 0x00, 0x00, 0x0F, 0x00, 0x00, 0x00, 0x0F, 0x00, 0x00, 0x00, 0x0B, 0xFF, 0xFF, 0xFF, 0xFF,
0x00, 0x00, 0x00, 0x00, 0x00, 0x00, 0x00, 0xC7, 0x00, 0x00, 0x00, 0x0E, 0x00, 0x00, 0x00, 0x09,
0x00, 0x00, 0x00, 0x0B, 0x00, 0x00, 0x00, 0x0B, 0x00, 0x00, 0x00, 0x01, 0x00, 0x00, 0x00, 0x00,
0x00, 0x00, 0x00, 0xC8, 0x00, 0x00, 0x00, 0x0E, 0x00, 0x00, 0x00, 0x08, 0x00, 0x00, 0x00, 0x0A,
0x00, 0x00, 0x00, 0x0E, 0x00, 0x00, 0x00, 0x01, 0x00, 0x00, 0x00, 0x00, 0x00, 0x00, 0x00, 0xC9,
0x00, 0x00, 0x00, 0x0E, 0x00, 0x00, 0x00, 0x08, 0x00, 0x00, 0x00, 0x0A, 0x00, 0x00, 0x00, 0x0E,
0x00, 0x00, 0x00, 0x01, 0x00, 0x00, 0x00, 0x00, 0x00, 0x00, 0x00, 0xCA, 0x00, 0x00, 0x00, 0x0E,
0x00, 0x00, 0x00, 0x08, 0x00, 0x00, 0x00, 0x0A, 0x00, 0x00, 0x00, 0x0E, 0x00, 0x00, 0x00, 0x01,
0x00, 0x00, 0x00, 0x00, 0x00, 0x00, 0x00, 0xCB, 0x00, 0x00, 0x00, 0x0D, 0x00, 0x00, 0x00, 0x08,
0x00, 0x00, 0x00, 0x0A, 0x00, 0x00, 0x00, 0x0D, 0x00, 0x00, 0x00, 0x01, 0x00, 0x00, 0x00, 0x00,
0x00, 0x00, 0x00, 0xCC, 0x00, 0x00, 0x00, 0x0E, 0x00, 0x00, 0x00, 0x02, 0x00, 0x00, 0x00, 0x03,
0x00, 0x00, 0x00, 0x0E, 0x00, 0x00, 0x00, 0x00, 0x00, 0x00, 0x00, 0x00, 0x00, 0x00, 0x00, 0xCD,
0x00, 0x00, 0x00, 0x0E, 0x00, 0x00, 0x00, 0x02, 0x00, 0x00, 0x00, 0x03, 0x00, 0x00, 0x00, 0x0E,
0x00, 0x00, 0x00, 0x01, 0x00, 0x00, 0x00, 0x00, 0x00, 0x00, 0x00, 0xCE, 0x00, 0x00, 0x00, 0x0E,
0x00, 0x00, 0x00, 0x06, 0x00, 0x00, 0x00, 0x03, 0x00, 0x00, 0x00, 0x0E, 0xFF, 0xFF, 0xFF, 0xFF,
0x00, 0x00, 0x00, 0x00, 0x00, 0x00, 0x00, 0xCF, 0x00, 0x00, 0x00, 0x0D, 0x00, 0x00, 0x00, 0x03,
0x00, 0x00, 0x00, 0x03, 0x00, 0x00, 0x00, 0x0D, 0x00, 0x00, 0x00, 0x00, 0x00, 0x00, 0x00, 0x00,
0x00, 0x00, 0x00, 0xD0, 0x00, 0x00, 0x00, 0x0B, 0x00, 0x00, 0x00, 0x0A, 0x00, 0x00, 0x00, 0x0B,
0x00, 0x00, 0x00, 0x0B, 0x00, 0x00, 0x00, 0x00, 0x00, 0x00, 0x00, 0x00, 0x00, 0x00, 0x00, 0xD1,
0x00, 0x00, 0x00, 0x0E, 0x00, 0x00, 0x00, 0x08, 0x00, 0x00, 0x00, 0x0A, 0x00, 0x00, 0x00, 0x0E,
0x00, 0x00, 0x00, 0x01, 0x00, 0x00, 0x00, 0x00, 0x00, 0x00, 0x00, 0xD2, 0x00, 0x00, 0x00, 0x0E,
0x00, 0x00, 0x00, 0x0A, 0x00, 0x00, 0x00, 0x0C, 0x00, 0x00, 0x00, 0x0E, 0x00, 0x00, 0x00, 0x01,
0x00, 0x00, 0x00, 0x00, 0x00, 0x00, 0x00, 0xD3, 0x00, 0x00, 0x00, 0x0E, 0x00, 0x00, 0x00, 0x0A,
0x00, 0x00, 0x00, 0x0C, 0x00, 0x00, 0x00, 0x0E, 0x00, 0x00, 0x00, 0x01, 0x00, 0x00, 0x00, 0x00,
0x00, 0x00, 0x00, 0xD4, 0x00, 0x00, 0x00, 0x0E, 0x00, 0x00, 0x00, 0x0A, 0x00, 0x00, 0x00, 0x0C,
0x00, 0x00, 0x00, 0x0E, 0x00, 0x00, 0x00, 0x01, 0x00, 0x00, 0x00, 0x00, 0x00, 0x00, 0x00, 0xD5,
0x00, 0x00, 0x00, 0x0E, 0x00, 0x00, 0x00, 0x0A, 0x00, 0x00, 0x00, 0x0C, 0x00, 0x00, 0x00, 0x0E,
0x00, 0x00, 0x00, 0x01, 0x00, 0x00, 0x00, 0x00, 0x00, 0x00, 0x00, 0xD6, 0x00, 0x00, 0x00, 0x0D,
0x00, 0x00, 0x00, 0x0A, 0x00, 0x00, 0x00, 0x0C, 0x00, 0x00, 0x00, 0x0D, 0x00, 0x00, 0x00, 0x01,
0x00, 0x00, 0x00, 0x00, 0x00, 0x00, 0x00, 0xD7, 0x00, 0x00, 0x00, 0x07, 0x00, 0x00, 0x00, 0x08,
0x00, 0x00, 0x00, 0x09, 0x00, 0x00, 0x00, 0x09, 0x00, 0x00, 0x00, 0x01, 0x00, 0x00, 0x00, 0x00,
0x00, 0x00, 0x00, 0xD8, 0x00, 0x00, 0x00, 0x0D, 0x00, 0x00, 0x00, 0x0A, 0x00, 0x00, 0x00, 0x0C,
0x00, 0x00, 0x00, 0x0C, 0x00, 0x00, 0x00, 0x01, 0x00, 0x00, 0x00, 0x00, 0x00, 0x00, 0x00, 0xD9,
0x00, 0x00, 0x00, 0x0E, 0x00, 0x00, 0x00, 0x08, 0x00, 0x00, 0x00, 0x0A, 0x00, 0x00, 0x00, 0x0E,
0x00, 0x00, 0x00, 0x01, 0x00, 0x00, 0x00, 0x00, 0x00, 0x00, 0x00, 0xDA, 0x00, 0x00, 0x00, 0x0E,
0x00, 0x00, 0x00, 0x08, 0x00, 0x00, 0x00, 0x0A, 0x00, 0x00, 0x00, 0x0E, 0x00, 0x00, 0x00, 0x01,
0x00, 0x00, 0x00, 0x00, 0x00, 0x00, 0x00, 0xDB, 0x00, 0x00, 0x00, 0x0E, 0x00, 0x00, 0x00, 0x08,
0x00, 0x00, 0x00, 0x0A, 0x00, 0x00, 0x00, 0x0E, 0x00, 0x00, 0x00, 0x01, 0x00, 0x00, 0x00, 0x00,
0x00, 0x00, 0x00, 0xDC, 0x00, 0x00, 0x00, 0x0D, 0x00, 0x00, 0x00, 0x08, 0x00, 0x00, 0x00, 0x0A,
0x00, 0x00, 0x00, 0x0D, 0x00, 0x00, 0x00, 0x01, 0x00, 0x00, 0x00, 0x00, 0x00, 0x00, 0x00, 0xDD,
0x00, 0x00, 0x00, 0x0E, 0x00, 0x00, 0x00, 0x09, 0x00, 0x00, 0x00, 0x09, 0x00, 0x00, 0x00, 0x0E,
0x00, 0x00, 0x00, 0x00, 0x00, 0x00, 0x00, 0x00, 0x00, 0x00, 0x00, 0xDE, 0x00, 0x00, 0x00, 0x0B,
0x00, 0x00, 0x00, 0x08, 0x00, 0x00, 0x00, 0x0A, 0x00, 0x00, 0x00, 0x0B, 0x00, 0x00, 0x00, 0x01,
0x00, 0x00, 0x00, 0x00, 0x00, 0x00, 0x00, 0xDF, 0x00, 0x00, 0x00, 0x0B, 0x00, 0x00, 0x00, 0x07,
0x00, 0x00, 0x00, 0x09, 0x00, 0x00, 0x00, 0x0B, 0x00, 0x00, 0x00, 0x01, 0x00, 0x00, 0x00, 0x00,
0x00, 0x00, 0x00, 0xE0, 0x00, 0x00, 0x00, 0x0B, 0x00, 0x00, 0x00, 0x06, 0x00, 0x00, 0x00, 0x08,
0x00, 0x00, 0x00, 0x0B, 0x00, 0x00, 0x00, 0x01, 0x00, 0x00, 0x00, 0x00, 0x00, 0x00, 0x00, 0xE1,
0x00, 0x00, 0x00, 0x0B, 0x00, 0x00, 0x00, 0x06, 0x00, 0x00, 0x00, 0x08, 0x00, 0x00, 0x00, 0x0B,
0x00, 0x00, 0x00, 0x01, 0x00, 0x00, 0x00, 0x00, 0x00, 0x00, 0x00, 0xE2, 0x00, 0x00, 0x00, 0x0B,
0x00, 0x00, 0x00, 0x06, 0x00, 0x00, 0x00, 0x08, 0x00, 0x00, 0x00, 0x0B, 0x00, 0x00, 0x00, 0x01,
0x00, 0x00, 0x00, 0x00, 0x00, 0x00, 0x00, 0xE3, 0x00, 0x00, 0x00, 0x0B, 0x00, 0x00, 0x00, 0x06,
0x00, 0x00, 0x00, 0x08, 0x00, 0x00, 0x00, 0x0B, 0x00, 0x00, 0x00, 0x01, 0x00, 0x00, 0x00, 0x00,
0x00, 0x00, 0x00, 0xE4, 0x00, 0x00, 0x00, 0x0A, 0x00, 0x00, 0x00, 0x06, 0x00, 0x00, 0x00, 0x08,
0x00, 0x00, 0x00, 0x0A, 0x00, 0x00, 0x00, 0x01, 0x00, 0x00, 0x00, 0x00, 0x00, 0x00, 0x00, 0xE5,
0x00, 0x00, 0x00, 0x0C, 0x00, 0x00, 0x00, 0x06, 0x00, 0x00, 0x00, 0x08, 0x00, 0x00, 0x00, 0x0C,
0x00, 0x00, 0x00, 0x01, 0x00, 0x00, 0x00, 0x00, 0x00, 0x00, 0x00, 0xE6, 0x00, 0x00, 0x00, 0x08,
0x00, 0x00, 0x00, 0x0C, 0x00, 0x00, 0x00, 0x0D, 0x00, 0x00, 0x00, 0x08, 0x00, 0x00, 0x00, 0x01,
0x00, 0x00, 0x00, 0x00, 0x00, 0x00, 0x00, 0xE7, 0x00, 0x00, 0x00, 0x0B, 0x00, 0x00, 0x00, 0x06,
0x00, 0x00, 0x00, 0x08, 0x00, 0x00, 0x00, 0x08, 0x00, 0x00, 0x00, 0x01, 0x00, 0x00, 0x00, 0x00,
0x00, 0x00, 0x00, 0xE8, 0x00, 0x00, 0x00, 0x0B, 0x00, 0x00, 0x00, 0x06, 0x00, 0x00, 0x00, 0x08,
0x00, 0x00, 0x00, 0x0B, 0x00, 0x00, 0x00, 0x01, 0x00, 0x00, 0x00, 0x00, 0x00, 0x00, 0x00, 0xE9,
0x00, 0x00, 0x00, 0x0B, 0x00, 0x00, 0x00, 0x06, 0x00, 0x00, 0x00, 0x08, 0x00, 0x00, 0x00, 0x0B,
0x00, 0x00, 0x00, 0x01, 0x00, 0x00, 0x00, 0x00, 0x00, 0x00, 0x00, 0xEA, 0x00, 0x00, 0x00, 0x0B,
0x00, 0x00, 0x00, 0x06, 0x00, 0x00, 0x00, 0x08, 0x00, 0x00, 0x00, 0x0B, 0x00, 0x00, 0x00, 0x01,
0x00, 0x00, 0x00, 0x00, 0x00, 0x00, 0x00, 0xEB, 0x00, 0x00, 0x00, 0x0A, 0x00, 0x00, 0x00, 0x06,
0x00, 0x00, 0x00, 0x08, 0x00, 0x00, 0x00, 0x0A, 0x00, 0x00, 0x00, 0x01, 0x00, 0x00, 0x00, 0x00,
0x00, 0x00, 0x00, 0xEC, 0x00, 0x00, 0x00, 0x0B, 0x00, 0x00, 0x00, 0x02, 0x00, 0x00, 0x00, 0x03,
0x00, 0x00, 0x00, 0x0B, 0x00, 0x00, 0x00, 0x00, 0x00, 0x00, 0x00, 0x00, 0x00, 0x00, 0x00, 0xED,
0x00, 0x00, 0x00, 0x0B, 0x00, 0x00, 0x00, 0x02, 0x00, 0x00, 0x00, 0x03, 0x00, 0x00, 0x00, 0x0B,
0x00, 0x00, 0x00, 0x01, 0x00, 0x00, 0x00, 0x00, 0x00, 0x00, 0x00, 0xEE, 0x00, 0x00, 0x00, 0x0B,
0x00, 0x00, 0x00, 0x06, 0x00, 0x00, 0x00, 0x03, 0x00, 0x00, 0x00, 0x0B, 0xFF, 0xFF, 0xFF, 0xFF,
0x00, 0x00, 0x00, 0x00, 0x00, 0x00, 0x00, 0xEF, 0x00, 0x00, 0x00, 0x0A, 0x00, 0x00, 0x00, 0x03,
0x00, 0x00, 0x00, 0x03, 0x00, 0x00, 0x00, 0x0A, 0x00, 0x00, 0x00, 0x00, 0x00, 0x00, 0x00, 0x00,
0x00, 0x00, 0x00, 0xF0, 0x00, 0x00, 0x00, 0x0B, 0x00, 0x00, 0x00, 0x06, 0x00, 0x00, 0x00, 0x08,
0x00, 0x00, 0x00, 0x0B, 0x00, 0x00, 0x00, 0x01, 0x00, 0x00, 0x00, 0x00, 0x00, 0x00, 0x00, 0xF1,
0x00, 0x00, 0x00, 0x0B, 0x00, 0x00, 0x00, 0x06, 0x00, 0x00, 0x00, 0x08, 0x00, 0x00, 0x00, 0x0B,
0x00, 0x00, 0x00, 0x01, 0x00, 0x00, 0x00, 0x00, 0x00, 0x00, 0x00, 0xF2, 0x00, 0x00, 0x00, 0x0B,
0x00, 0x00, 0x00, 0x06, 0x00, 0x00, 0x00, 0x08, 0x00, 0x00, 0x00, 0x0B, 0x00, 0x00, 0x00, 0x01,
0x00, 0x00, 0x00, 0x00, 0x00, 0x00, 0x00, 0xF3, 0x00, 0x00, 0x00, 0x0B, 0x00, 0x00, 0x00, 0x06,
0x00, 0x00, 0x00, 0x08, 0x00, 0x00, 0x00, 0x0B, 0x00, 0x00, 0x00, 0x01, 0x00, 0x00, 0x00, 0x00,
0x00, 0x00, 0x00, 0xF4, 0x00, 0x00, 0x00, 0x0B, 0x00, 0x00, 0x00, 0x06, 0x00, 0x00, 0x00, 0x08,
0x00, 0x00, 0x00, 0x0B, 0x00, 0x00, 0x00, 0x01, 0x00, 0x00, 0x00, 0x00, 0x00, 0x00, 0x00, 0xF5,
0x00, 0x00, 0x00, 0x0B, 0x00, 0x00, 0x00, 0x06, 0x00, 0x00, 0x00, 0x08, 0x00, 0x00, 0x00, 0x0B,
0x00, 0x00, 0x00, 0x01, 0x00, 0x00, 0x00, 0x00, 0x00, 0x00, 0x00, 0xF6, 0x00, 0x00, 0x00, 0x0A,
0x00, 0x00, 0x00, 0x06, 0x00, 0x00, 0x00, 0x08, 0x00, 0x00, 0x00, 0x0A, 0x00, 0x00, 0x00, 0x01,
0x00, 0x00, 0x00, 0x00, 0x00, 0x00, 0x00, 0xF7, 0x00, 0x00, 0x00, 0x05, 0x00, 0x00, 0x00, 0x07,
0x00, 0x00, 0x00, 0x08, 0x00, 0x00, 0x00, 0x08, 0x00, 0x00, 0x00, 0x01, 0x00, 0x00, 0x00, 0x00,
0x00, 0x00, 0x00, 0xF8, 0x00, 0x00, 0x00, 0x09, 0x00, 0x00, 0x00, 0x06, 0x00, 0x00, 0x00, 0x08,
0x00, 0x00, 0x00, 0x09, 0x00, 0x00, 0x00, 0x01, 0x00, 0x00, 0x00, 0x00, 0x00, 0x00, 0x00, 0xF9,
0x00, 0x00, 0x00, 0x0B, 0x00, 0x00, 0x00, 0x06, 0x00, 0x00, 0x00, 0x08, 0x00, 0x00, 0x00, 0x0B,
0x00, 0x00, 0x00, 0x01, 0x00, 0x00, 0x00, 0x00, 0x00, 0x00, 0x00, 0xFA, 0x00, 0x00, 0x00, 0x0B,
0x00, 0x00, 0x00, 0x06, 0x00, 0x00, 0x00, 0x08, 0x00, 0x00, 0x00, 0x0B, 0x00, 0x00, 0x00, 0x01,
0x00, 0x00, 0x00, 0x00, 0x00, 0x00, 0x00, 0xFB, 0x00, 0x00, 0x00, 0x0B, 0x00, 0x00, 0x00, 0x06,
0x00, 0x00, 0x00, 0x08, 0x00, 0x00, 0x00, 0x0B, 0x00, 0x00, 0x00, 0x01, 0x00, 0x00, 0x00, 0x00,
0x00, 0x00, 0x00, 0xFC, 0x00, 0x00, 0x00, 0x0A, 0x00, 0x00, 0x00, 0x06, 0x00, 0x00, 0x00, 0x08,
0x00, 0x00, 0x00, 0x0A, 0x00, 0x00, 0x00, 0x01, 0x00, 0x00, 0x00, 0x00, 0x00, 0x00, 0x00, 0xFD,
0x00, 0x00, 0x00, 0x0E, 0x00, 0x00, 0x00, 0x09, 0x00, 0x00, 0x00, 0x07, 0x00, 0x00, 0x00, 0x0B,
0xFF, 0xFF, 0xFF, 0xFF, 0x00, 0x00, 0x00, 0x00, 0x00, 0x00, 0x00, 0xFE, 0x00, 0x00, 0x00, 0x0E,
0x00, 0x00, 0x00, 0x06, 0x00, 0x00, 0x00, 0x08, 0x00, 0x00, 0x00, 0x0B, 0x00, 0x00, 0x00, 0x01,
0x00, 0x00, 0x00, 0x00, 0x00, 0x00, 0x00, 0xFF, 0x00, 0x00, 0x00, 0x0D, 0x00, 0x00, 0x00, 0x09,
0x00, 0x00, 0x00, 0x07, 0x00, 0x00, 0x00, 0x0A, 0xFF, 0xFF, 0xFF, 0xFF, 0x00, 0x00, 0x00, 0x00,
0x00, 0x00, 0x01, 0x00, 0x00, 0x00, 0x00, 0x0D, 0x00, 0x00, 0x00, 0x0B, 0x00, 0x00, 0x00, 0x09,
0x00, 0x00, 0x00, 0x0D, 0xFF, 0xFF, 0xFF, 0xFF, 0x00, 0x00, 0x00, 0x00, 0x00, 0x00, 0x01, 0x01,
0x00, 0x00, 0x00, 0x0A, 0x00, 0x00, 0x00, 0x06, 0x00, 0x00, 0x00, 0x08, 0x00, 0x00, 0x00, 0x0A,
0x00, 0x00, 0x00, 0x01, 0x00, 0x00, 0x00, 0x00, 0x00, 0x00, 0x01, 0x02, 0x00, 0x00, 0x00, 0x0E,
0x00, 0x00, 0x00, 0x0B, 0x00, 0x00, 0x00, 0x09, 0x00, 0x00, 0x00, 0x0E, 0xFF, 0xFF, 0xFF, 0xFF,
0x00, 0x00, 0x00, 0x00, 0x00, 0x00, 0x01, 0x03, 0x00, 0x00, 0x00, 0x0B, 0x00, 0x00, 0x00, 0x06,
0x00, 0x00, 0x00, 0x08, 0x00, 0x00, 0x00, 0x0B, 0x00, 0x00, 0x00, 0x01, 0x00, 0x00, 0x00, 0x00,
0x00, 0x00, 0x01, 0x04, 0x00, 0x00, 0x00, 0x0E, 0x00, 0x00, 0x00, 0x0B, 0x00, 0x00, 0x00, 0x09,
0x00, 0x00, 0x00, 0x0B, 0xFF, 0xFF, 0xFF, 0xFF, 0x00, 0x00, 0x00, 0x00, 0x00, 0x00, 0x01, 0x05,
0x00, 0x00, 0x00, 0x0B, 0x00, 0x00, 0x00, 0x06, 0x00, 0x00, 0x00, 0x08, 0x00, 0x00, 0x00, 0x08,
0x00, 0x00, 0x00, 0x01, 0x00, 0x00, 0x00, 0x00, 0x00, 0x00, 0x01, 0x06, 0x00, 0x00, 0x00, 0x0E,
0x00, 0x00, 0x00, 0x09, 0x00, 0x00, 0x00, 0x0B, 0x00, 0x00, 0x00, 0x0E, 0x00, 0x00, 0x00, 0x01,
0x00, 0x00, 0x00, 0x00, 0x00, 0x00, 0x01, 0x07, 0x00, 0x00, 0x00, 0x0B, 0x00, 0x00, 0x00, 0x06,
0x00, 0x00, 0x00, 0x08, 0x00, 0x00, 0x00, 0x0B, 0x00, 0x00, 0x00, 0x01, 0x00, 0x00, 0x00, 0x00,
0x00, 0x00, 0x01, 0x08, 0x00, 0x00, 0x00, 0x0E, 0x00, 0x00, 0x00, 0x09, 0x00, 0x00, 0x00, 0x0B,
0x00, 0x00, 0x00, 0x0E, 0x00, 0x00, 0x00, 0x01, 0x00, 0x00, 0x00, 0x00, 0x00, 0x00, 0x01, 0x09,
0x00, 0x00, 0x00, 0x0B, 0x00, 0x00, 0x00, 0x06, 0x00, 0x00, 0x00, 0x08, 0x00, 0x00, 0x00, 0x0B,
0x00, 0x00, 0x00, 0x01, 0x00, 0x00, 0x00, 0x00, 0x00, 0x00, 0x01, 0x0A, 0x00, 0x00, 0x00, 0x0D,
0x00, 0x00, 0x00, 0x09, 0x00, 0x00, 0x00, 0x0B, 0x00, 0x00, 0x00, 0x0D, 0x00, 0x00, 0x00, 0x01,
0x00, 0x00, 0x00, 0x00, 0x00, 0x00, 0x01, 0x0B, 0x00, 0x00, 0x00, 0x0A, 0x00, 0x00, 0x00, 0x06,
0x00, 0x00, 0x00, 0x08, 0x00, 0x00, 0x00, 0x0A, 0x00, 0x00, 0x00, 0x01, 0x00, 0x00, 0x00, 0x00,
0x00, 0x00, 0x01, 0x0C, 0x00, 0x00, 0x00, 0x0E, 0x00, 0x00, 0x00, 0x09, 0x00, 0x00, 0x00, 0x0B,
0x00, 0x00, 0x00, 0x0E, 0x00, 0x00, 0x00, 0x01, 0x00, 0x00, 0x00, 0x00, 0x00, 0x00, 0x01, 0x0D,
0x00, 0x00, 0x00, 0x0B, 0x00, 0x00, 0x00, 0x06, 0x00, 0x00, 0x00, 0x08, 0x00, 0x00, 0x00, 0x0B,
0x00, 0x00, 0x00, 0x01, 0x00, 0x00, 0x00, 0x00, 0x00, 0x00, 0x01, 0x0E, 0x00, 0x00, 0x00, 0x0E,
0x00, 0x00, 0x00, 0x09, 0x00, 0x00, 0x00, 0x0B, 0x00, 0x00, 0x00, 0x0E, 0x00, 0x00, 0x00, 0x01,
0x00, 0x00, 0x00, 0x00, 0x00, 0x00, 0x01, 0x0F, 0x00, 0x00, 0x00, 0x0B, 0x00, 0x00, 0x00, 0x08,
0x00, 0x00, 0x00, 0x09, 0x00, 0x00, 0x00, 0x0B, 0x00, 0x00, 0x00, 0x01, 0x00, 0x00, 0x00, 0x00,
0x00, 0x00, 0x01, 0x10, 0x00, 0x00, 0x00, 0x0B, 0x00, 0x00, 0x00, 0x0A, 0x00, 0x00, 0x00, 0x0B,
0x00, 0x00, 0x00, 0x0B, 0x00, 0x00, 0x00, 0x00, 0x00, 0x00, 0x00, 0x00, 0x00, 0x00, 0x01, 0x11,
0x00, 0x00, 0x00, 0x0B, 0x00, 0x00, 0x00, 0x08, 0x00, 0x00, 0x00, 0x08, 0x00, 0x00, 0x00, 0x0B,
0x00, 0x00, 0x00, 0x00, 0x00, 0x00, 0x00, 0x00, 0x00, 0x00, 0x01, 0x12, 0x00, 0x00, 0x00, 0x0D,
0x00, 0x00, 0x00, 0x08, 0x00, 0x00, 0x00, 0x0A, 0x00, 0x00, 0x00, 0x0D, 0x00, 0x00, 0x00, 0x01,
0x00, 0x00, 0x00, 0x00, 0x00, 0x00, 0x01, 0x13, 0x00, 0x00, 0x00, 0x0A, 0x00, 0x00, 0x00, 0x06,
0x00, 0x00, 0x00, 0x08, 0x00, 0x00, 0x00, 0x0A, 0x00, 0x00, 0x00, 0x01, 0x00, 0x00, 0x00, 0x00,
0x00, 0x00, 0x01, 0x14, 0x00, 0x00, 0x00, 0x0E, 0x00, 0x00, 0x00, 0x08, 0x00, 0x00, 0x00, 0x0A,
0x00, 0x00, 0x00, 0x0E, 0x00, 0x00, 0x00, 0x01, 0x00, 0x00, 0x00, 0x00, 0x00, 0x00, 0x01, 0x15,
0x00, 0x00, 0x00, 0x0B, 0x00, 0x00, 0x00, 0x06, 0x00, 0x00, 0x00, 0x08, 0x00, 0x00, 0x00, 0x0B,
0x00, 0x00, 0x00, 0x01, 0x00, 0x00, 0x00, 0x00, 0x00, 0x00, 0x01, 0x16, 0x00, 0x00, 0x00, 0x0D,
0x00, 0x00, 0x00, 0x08, 0x00, 0x00, 0x00, 0x0A, 0x00, 0x00, 0x00, 0x0D, 0x00, 0x00, 0x00, 0x01,
0x00, 0x00, 0x00, 0x00, 0x00, 0x00, 0x01, 0x17, 0x00, 0x00, 0x00, 0x0A, 0x00, 0x00, 0x00, 0x06,
0x00, 0x00, 0x00, 0x08, 0x00, 0x00, 0x00, 0x0A, 0x00, 0x00, 0x00, 0x01, 0x00, 0x00, 0x00, 0x00,
0x00, 0x00, 0x01, 0x18, 0x00, 0x00, 0x00, 0x0E, 0x00, 0x00, 0x00, 0x08, 0x00, 0x00, 0x00, 0x0A,
0x00, 0x00, 0x00, 0x0B, 0x00, 0x00, 0x00, 0x01, 0x00, 0x00, 0x00, 0x00, 0x00, 0x00, 0x01, 0x19,
0x00, 0x00, 0x00, 0x0B, 0x00, 0x00, 0x00, 0x06, 0x00, 0x00, 0x00, 0x08, 0x00, 0x00, 0x00, 0x08,
0x00, 0x00, 0x00, 0x01, 0x00, 0x00, 0x00, 0x00, 0x00, 0x00, 0x01, 0x1A, 0x00, 0x00, 0x00, 0x0E,
0x00, 0x00, 0x00, 0x08, 0x00, 0x00, 0x00, 0x0A, 0x00, 0x00, 0x00, 0x0E, 0x00, 0x00, 0x00, 0x01,
0x00, 0x00, 0x00, 0x00, 0x00, 0x00, 0x01, 0x1B, 0x00, 0x00, 0x00, 0x0B, 0x00, 0x00, 0x00, 0x06,
0x00, 0x00, 0x00, 0x08, 0x00, 0x00, 0x00, 0x0B, 0x00, 0x00, 0x00, 0x01, 0x00, 0x00, 0x00, 0x00,
0x00, 0x00, 0x01, 0x1C, 0x00, 0x00, 0x00, 0x0E, 0x00, 0x00, 0x00, 0x09, 0x00, 0x00, 0x00, 0x0B,
0x00, 0x00, 0x00, 0x0E, 0x00, 0x00, 0x00, 0x01, 0x00, 0x00, 0x00, 0x00, 0x00, 0x00, 0x01, 0x1D,
0x00, 0x00, 0x00, 0x0E, 0x00, 0x00, 0x00, 0x06, 0x00, 0x00, 0x00, 0x08, 0x00, 0x00, 0x00, 0x0B,
0x00, 0x00, 0x00, 0x01, 0x00, 0x00, 0x00, 0x00, 0x00, 0x00, 0x01, 0x1E, 0x00, 0x00, 0x00, 0x0E,
0x00, 0x00, 0x00, 0x09, 0x00, 0x00, 0x00, 0x0B, 0x00, 0x00, 0x00, 0x0E, 0x00, 0x00, 0x00, 0x01,
0x00, 0x00, 0x00, 0x00, 0x00, 0x00, 0x01, 0x1F, 0x00, 0x00, 0x00, 0x0E, 0x00, 0x00, 0x00, 0x06,
0x00, 0x00, 0x00, 0x08, 0x00, 0x00, 0x00, 0x0B, 0x00, 0x00, 0x00, 0x01, 0x00, 0x00, 0x00, 0x00,
0x00, 0x00, 0x01, 0x20, 0x00, 0x00, 0x00, 0x0D, 0x00, 0x00, 0x00, 0x09, 0x00, 0x00, 0x00, 0x0B,
0x00, 0x00, 0x00, 0x0D, 0x00, 0x00, 0x00, 0x01, 0x00, 0x00, 0x00, 0x00, 0x00, 0x00, 0x01, 0x21,
0x00, 0x00, 0x00, 0x0D, 0x00, 0x00, 0x00, 0x06, 0x00, 0x00, 0x00, 0x08, 0x00, 0x00, 0x00, 0x0A,
0x00, 0x00, 0x00, 0x01, 0x00, 0x00, 0x00, 0x00, 0x00, 0x00, 0x01, 0x22, 0x00, 0x00, 0x00, 0x0F,
0x00, 0x00, 0x00, 0x09, 0x00, 0x00, 0x00, 0x0B, 0x00, 0x00, 0x00, 0x0B, 0x00, 0x00, 0x00, 0x01,
0x00, 0x00, 0x00, 0x00, 0x00, 0x00, 0x01, 0x23, 0x00, 0x00, 0x00, 0x0F, 0x00, 0x00, 0x00, 0x06,
0x00, 0x00, 0x00, 0x08, 0x00, 0x00, 0x00, 0x0C, 0x00, 0x00, 0x00, 0x01, 0x00, 0x00, 0x00, 0x00,
0x00, 0x00, 0x01, 0x24, 0x00, 0x00, 0x00, 0x0E, 0x00, 0x00, 0x00, 0x08, 0x00, 0x00, 0x00, 0x0A,
0x00, 0x00, 0x00, 0x0E, 0x00, 0x00, 0x00, 0x01, 0x00, 0x00, 0x00, 0x00, 0x00, 0x00, 0x01, 0x25,
0x00, 0x00, 0x00, 0x0E, 0x00, 0x00, 0x00, 0x06, 0x00, 0x00, 0x00, 0x08, 0x00, 0x00, 0x00, 0x0E,
0x00, 0x00, 0x00, 0x01, 0x00, 0x00, 0x00, 0x00, 0x00, 0x00, 0x01, 0x26, 0x00, 0x00, 0x00, 0x0B,
0x00, 0x00, 0x00, 0x0A, 0x00, 0x00, 0x00, 0x0A, 0x00, 0x00, 0x00, 0x0B, 0x00, 0x00, 0x00, 0x00,
0x00, 0x00, 0x00, 0x00, 0x00, 0x00, 0x01, 0x27, 0x00, 0x00, 0x00, 0x0B, 0x00, 0x00, 0x00, 0x07,
0x00, 0x00, 0x00, 0x08, 0x00, 0x00, 0x00, 0x0B, 0x00, 0x00, 0x00, 0x00, 0x00, 0x00, 0x00, 0x00,
0x00, 0x00, 0x01, 0x28, 0x00, 0x00, 0x00, 0x0E, 0x00, 0x00, 0x00, 0x04, 0x00, 0x00, 0x00, 0x03,
0x00, 0x00, 0x00, 0x0E, 0x00, 0x00, 0x00, 0x00, 0x00, 0x00, 0x00, 0x00, 0x00, 0x00, 0x01, 0x29,
0x00, 0x00, 0x00, 0x0B, 0x00, 0x00, 0x00, 0x04, 0x00, 0x00, 0x00, 0x03, 0x00, 0x00, 0x00, 0x0B,
0x00, 0x00, 0x00, 0x00, 0x00, 0x00, 0x00, 0x00, 0x00, 0x00, 0x01, 0x2A, 0x00, 0x00, 0x00, 0x0D,
0x00, 0x00, 0x00, 0x05, 0x00, 0x00, 0x00, 0x03, 0x00, 0x00, 0x00, 0x0D, 0xFF, 0xFF, 0xFF, 0xFF,
0x00, 0x00, 0x00, 0x00, 0x00, 0x00, 0x01, 0x2B, 0x00, 0x00, 0x00, 0x0A, 0x00, 0x00, 0x00, 0x05,
0x00, 0x00, 0x00, 0x03, 0x00, 0x00, 0x00, 0x0A, 0xFF, 0xFF, 0xFF, 0xFF, 0x00, 0x00, 0x00, 0x00,
0x00, 0x00, 0x01, 0x2C, 0x00, 0x00, 0x00, 0x0E, 0x00, 0x00, 0x00, 0x05, 0x00, 0x00, 0x00, 0x03,
0x00, 0x00, 0x00, 0x0E, 0xFF, 0xFF, 0xFF, 0xFF, 0x00, 0x00, 0x00, 0x00, 0x00, 0x00, 0x01, 0x2D,
0x00, 0x00, 0x00, 0x0B, 0x00, 0x00, 0x00, 0x05, 0x00, 0x00, 0x00, 0x03, 0x00, 0x00, 0x00, 0x0B,
0xFF, 0xFF, 0xFF, 0xFF, 0x00, 0x00, 0x00, 0x00, 0x00, 0x00, 0x01, 0x2E, 0x00, 0x00, 0x00, 0x0E,
0x00, 0x00, 0x00, 0x02, 0x00, 0x00, 0x00, 0x03, 0x00, 0x00, 0x00, 0x0B, 0x00, 0x00, 0x00, 0x00,
0x00, 0x00, 0x00, 0x00, 0x00, 0x00, 0x01, 0x2F, 0x00, 0x00, 0x00, 0x0E, 0x00, 0x00, 0x00, 0x02,
0x00, 0x00, 0x00, 0x03, 0x00, 0x00, 0x00, 0x0B, 0x00, 0x00, 0x00, 0x00, 0x00, 0x00, 0x00, 0x00,
0x00, 0x00, 0x01, 0x30, 0x00, 0x00, 0x00, 0x0D, 0x00, 0x00, 0x00, 0x01, 0x00, 0x00, 0x00, 0x03,
0x00, 0x00, 0x00, 0x0D, 0x00, 0x00, 0x00, 0x01, 0x00, 0x00, 0x00, 0x00, 0x00, 0x00, 0x01, 0x31,
0x00, 0x00, 0x00, 0x08, 0x00, 0x00, 0x00, 0x01, 0x00, 0x00, 0x00, 0x03, 0x00, 0x00, 0x00, 0x08,
0x00, 0x00, 0x00, 0x01, 0x00, 0x00, 0x00, 0x00, 0x00, 0x00, 0x01, 0x32, 0x00, 0x00, 0x00, 0x0B,
0x00, 0x00, 0x00, 0x08, 0x00, 0x00, 0x00, 0x0B, 0x00, 0x00, 0x00, 0x0B, 0x00, 0x00, 0x00, 0x02,
0x00, 0x00, 0x00, 0x00, 0x00, 0x00, 0x01, 0x33, 0x00, 0x00, 0x00, 0x0E, 0x00, 0x00, 0x00, 0x05,
0x00, 0x00, 0x00, 0x07, 0x00, 0x00, 0x00, 0x0B, 0x00, 0x00, 0x00, 0x01, 0x00, 0x00, 0x00, 0x00,
0x00, 0x00, 0x01, 0x34, 0x00, 0x00, 0x00, 0x0E, 0x00, 0x00, 0x00, 0x09, 0x00, 0x00, 0x00, 0x07,
0x00, 0x00, 0x00, 0x0E, 0x00, 0x00, 0x00, 0x00, 0x00, 0x00, 0x00, 0x00, 0x00, 0x00, 0x01, 0x35,
0x00, 0x00, 0x00, 0x0E, 0x00, 0x00, 0x00, 0x06, 0x00, 0x00, 0x00, 0x03, 0x00, 0x00, 0x00, 0x0B,
0xFF, 0xFF, 0xFF, 0xFE, 0x00, 0x00, 0x00, 0x00, 0x00, 0x00, 0x01, 0x36, 0x00, 0x00, 0x00, 0x0F,
0x00, 0x00, 0x00, 0x09, 0x00, 0x00, 0x00, 0x0A, 0x00, 0x00, 0x00, 0x0B, 0x00, 0x00, 0x00, 0x01,
0x00, 0x00, 0x00, 0x00, 0x00, 0x00, 0x01, 0x37, 0x00, 0x00, 0x00, 0x0F, 0x00, 0x00, 0x00, 0x06,
0x00, 0x00, 0x00, 0x07, 0x00, 0x00, 0x00, 0x0B, 0x00, 0x00, 0x00, 0x01, 0x00, 0x00, 0x00, 0x00,
0x00, 0x00, 0x01, 0x38, 0x00, 0x00, 0x00, 0x08, 0x00, 0x00, 0x00, 0x07, 0x00, 0x00, 0x00, 0x08,
0x00, 0x00, 0x00, 0x08, 0x00, 0x00, 0x00, 0x01, 0x00, 0x00, 0x00, 0x00, 0x00, 0x00, 0x01, 0x39,
0x00, 0x00, 0x00, 0x0E, 0x00, 0x00, 0x00, 0x07, 0x00, 0x00, 0x00, 0x08, 0x00, 0x00, 0x00, 0x0E,
0x00, 0x00, 0x00, 0x01, 0x00, 0x00, 0x00, 0x00, 0x00, 0x00, 0x01, 0x3A, 0x00, 0x00, 0x00, 0x0E,
0x00, 0x00, 0x00, 0x02, 0x00, 0x00, 0x00, 0x03, 0x00, 0x00, 0x00, 0x0E, 0x00, 0x00, 0x00, 0x01,
0x00, 0x00, 0x00, 0x00, 0x00, 0x00, 0x01, 0x3B, 0x00, 0x00, 0x00, 0x0F, 0x00, 0x00, 0x00, 0x07,
0x00, 0x00, 0x00, 0x08, 0x00, 0x00, 0x00, 0x0B, 0x00, 0x00, 0x00, 0x01, 0x00, 0x00, 0x00, 0x00,
0x00, 0x00, 0x01, 0x3C, 0x00, 0x00, 0x00, 0x0F, 0x00, 0x00, 0x00, 0x01, 0x00, 0x00, 0x00, 0x03,
0x00, 0x00, 0x00, 0x0B, 0x00, 0x00, 0x00, 0x01, 0x00, 0x00, 0x00, 0x00, 0x00, 0x00, 0x01, 0x3D,
0x00, 0x00, 0x00, 0x0B, 0x00, 0x00, 0x00, 0x06, 0x00, 0x00, 0x00, 0x08, 0x00, 0x00, 0x00, 0x0B,
0x00, 0x00, 0x00, 0x01, 0x00, 0x00, 0x00, 0x00, 0x00, 0x00, 0x01, 0x3E, 0x00, 0x00, 0x00, 0x0B,
0x00, 0x00, 0x00, 0x03, 0x00, 0x00, 0x00, 0x04, 0x00, 0x00, 0x00, 0x0B, 0x00, 0x00, 0x00, 0x01,
0x00, 0x00, 0x00, 0x00, 0x00, 0x00, 0x01, 0x3F, 0x00, 0x00, 0x00, 0x0B, 0x00, 0x00, 0x00, 0x07,
0x00, 0x00, 0x00, 0x08, 0x00, 0x00, 0x00, 0x0B, 0x00, 0x00, 0x00, 0x01, 0x00, 0x00, 0x00, 0x00,
0x00, 0x00, 0x01, 0x40, 0x00, 0x00, 0x00, 0x0B, 0x00, 0x00, 0x00, 0x03, 0x00, 0x00, 0x00, 0x05,
0x00, 0x00, 0x00, 0x0B, 0x00, 0x00, 0x00, 0x01, 0x00, 0x00, 0x00, 0x00, 0x00, 0x00, 0x01, 0x41,
0x00, 0x00, 0x00, 0x0B, 0x00, 0x00, 0x00, 0x08, 0x00, 0x00, 0x00, 0x08, 0x00, 0x00, 0x00, 0x0B,
0x00, 0x00, 0x00, 0x00, 0x00, 0x00, 0x00, 0x00, 0x00, 0x00, 0x01, 0x42, 0x00, 0x00, 0x00, 0x0B,
0x00, 0x00, 0x00, 0x03, 0x00, 0x00, 0x00, 0x03, 0x00, 0x00, 0x00, 0x0B, 0x00, 0x00, 0x00, 0x00,
0x00, 0x00, 0x00, 0x00, 0x00, 0x00, 0x01, 0x43, 0x00, 0x00, 0x00, 0x0E, 0x00, 0x00, 0x00, 0x08,
0x00, 0x00, 0x00, 0x0A, 0x00, 0x00, 0x00, 0x0E, 0x00, 0x00, 0x00, 0x01, 0x00, 0x00, 0x00, 0x00,
0x00, 0x00, 0x01, 0x44, 0x00, 0x00, 0x00, 0x0B, 0x00, 0x00, 0x00, 0x06, 0x00, 0x00, 0x00, 0x08,
0x00, 0x00, 0x00, 0x0B, 0x00, 0x00, 0x00, 0x01, 0x00, 0x00, 0x00, 0x00, 0x00, 0x00, 0x01, 0x45,
0x00, 0x00, 0x00, 0x0F, 0x00, 0x00, 0x00, 0x08, 0x00, 0x00, 0x00, 0x0A, 0x00, 0x00, 0x00, 0x0B,
0x00, 0x00, 0x00, 0x01, 0x00, 0x00, 0x00, 0x00, 0x00, 0x00, 0x01, 0x46, 0x00, 0x00, 0x00, 0x0C,
0x00, 0x00, 0x00, 0x06, 0x00, 0x00, 0x00, 0x08, 0x00, 0x00, 0x00, 0x08, 0x00, 0x00, 0x00, 0x01,
0x00, 0x00, 0x00, 0x00, 0x00, 0x00, 0x01, 0x47, 0x00, 0x00, 0x00, 0x0E, 0x00, 0x00, 0x00, 0x08,
0x00, 0x00, 0x00, 0x0A, 0x00, 0x00, 0x00, 0x0E, 0x00, 0x00, 0x00, 0x01, 0x00, 0x00, 0x00, 0x00,
0x00, 0x00, 0x01, 0x48, 0x00, 0x00, 0x00, 0x0B, 0x00, 0x00, 0x00, 0x06, 0x00, 0x00, 0x00, 0x08,
0x00, 0x00, 0x00, 0x0B, 0x00, 0x00, 0x00, 0x01, 0x00, 0x00, 0x00, 0x00, 0x00, 0x00, 0x01, 0x49,
0x00, 0x00, 0x00, 0x0B, 0x00, 0x00, 0x00, 0x08, 0x00, 0x00, 0x00, 0x09, 0x00, 0x00, 0x00, 0x0B,
0x00, 0x00, 0x00, 0x00, 0x00, 0x00, 0x00, 0x00, 0x00, 0x00, 0x01, 0x4A, 0x00, 0x00, 0x00, 0x0B,
0x00, 0x00, 0x00, 0x09, 0x00, 0x00, 0x00, 0x0B, 0x00, 0x00, 0x00, 0x0B, 0x00, 0x00, 0x00, 0x01,
0x00, 0x00, 0x00, 0x00, 0x00, 0x00, 0x01, 0x4B, 0x00, 0x00, 0x00, 0x0B, 0x00, 0x00, 0x00, 0x06,
0x00, 0x00, 0x00, 0x08, 0x00, 0x00, 0x00, 0x08, 0x00, 0x00, 0x00, 0x01, 0x00, 0x00, 0x00, 0x00,
0x00, 0x00, 0x01, 0x4C, 0x00, 0x00, 0x00, 0x0D, 0x00, 0x00, 0x00, 0x0A, 0x00, 0x00, 0x00, 0x0C,
0x00, 0x00, 0x00, 0x0D, 0x00, 0x00, 0x00, 0x01, 0x00, 0x00, 0x00, 0x00, 0x00, 0x00, 0x01, 0x4D,
0x00, 0x00, 0x00, 0x0A, 0x00, 0x00, 0x00, 0x06, 0x00, 0x00, 0x00, 0x08, 0x00, 0x00, 0x00, 0x0A,
0x00, 0x00, 0x00, 0x01, 0x00, 0x00, 0x00, 0x00, 0x00, 0x00, 0x01, 0x4E, 0x00, 0x00, 0x00, 0x0E,
0x00, 0x00, 0x00, 0x0A, 0x00, 0x00, 0x00, 0x0C, 0x00, 0x00, 0x00, 0x0E, 0x00, 0x00, 0x00, 0x01,
0x00, 0x00, 0x00, 0x00, 0x00, 0x00, 0x01, 0x4F, 0x00, 0x00, 0x00, 0x0B, 0x00, 0x00, 0x00, 0x06,
0x00, 0x00, 0x00, 0x08, 0x00, 0x00, 0x00, 0x0B, 0x00, 0x00, 0x00, 0x01, 0x00, 0x00, 0x00, 0x00,
0x00, 0x00, 0x01, 0x50, 0x00, 0x00, 0x00, 0x0E, 0x00, 0x00, 0x00, 0x0A, 0x00, 0x00, 0x00, 0x0C,
0x00, 0x00, 0x00, 0x0E, 0x00, 0x00, 0x00, 0x01, 0x00, 0x00, 0x00, 0x00, 0x00, 0x00, 0x01, 0x51,
0x00, 0x00, 0x00, 0x0B, 0x00, 0x00, 0x00, 0x06, 0x00, 0x00, 0x00, 0x08, 0x00, 0x00, 0x00, 0x0B,
0x00, 0x00, 0x00, 0x01, 0x00, 0x00, 0x00, 0x00, 0x00, 0x00, 0x01, 0x52, 0x00, 0x00, 0x00, 0x0B,
0x00, 0x00, 0x00, 0x0D, 0x00, 0x00, 0x00, 0x0F, 0x00, 0x00, 0x00, 0x0B, 0x00, 0x00, 0x00, 0x01,
0x00, 0x00, 0x00, 0x00, 0x00, 0x00, 0x01, 0x53, 0x00, 0x00, 0x00, 0x08, 0x00, 0x00, 0x00, 0x0C,
0x00, 0x00, 0x00, 0x0E, 0x00, 0x00, 0x00, 0x08, 0x00, 0x00, 0x00, 0x01, 0x00, 0x00, 0x00, 0x00,
0x00, 0x00, 0x01, 0x54, 0x00, 0x00, 0x00, 0x0E, 0x00, 0x00, 0x00, 0x09, 0x00, 0x00, 0x00, 0x0B,
0x00, 0x00, 0x00, 0x0E, 0x00, 0x00, 0x00, 0x01, 0x00, 0x00, 0x00, 0x00, 0x00, 0x00, 0x01, 0x55,
0x00, 0x00, 0x00, 0x0B, 0x00, 0x00, 0x00, 0x04, 0x00, 0x00, 0x00, 0x05, 0x00, 0x00, 0x00, 0x0B,
0x00, 0x00, 0x00, 0x01, 0x00, 0x00, 0x00, 0x00, 0x00, 0x00, 0x01, 0x56, 0x00, 0x00, 0x00, 0x0F,
0x00, 0x00, 0x00, 0x09, 0x00, 0x00, 0x00, 0x0B, 0x00, 0x00, 0x00, 0x0B, 0x00, 0x00, 0x00, 0x01,
0x00, 0x00, 0x00, 0x00, 0x00, 0x00, 0x01, 0x57, 0x00, 0x00, 0x00, 0x0C, 0x00, 0x00, 0x00, 0x04,
0x00, 0x00, 0x00, 0x05, 0x00, 0x00, 0x00, 0x08, 0x00, 0x00, 0x00, 0x01, 0x00, 0x00, 0x00, 0x00,
0x00, 0x00, 0x01, 0x58, 0x00, 0x00, 0x00, 0x0E, 0x00, 0x00, 0x00, 0x09, 0x00, 0x00, 0x00, 0x0B,
0x00, 0x00, 0x00, 0x0E, 0x00, 0x00, 0x00, 0x01, 0x00, 0x00, 0x00, 0x00, 0x00, 0x00, 0x01, 0x59,
0x00, 0x00, 0x00, 0x0B, 0x00, 0x00, 0x00, 0x06, 0x00, 0x00, 0x00, 0x05, 0x00, 0x00, 0x00, 0x0B,
0x00, 0x00, 0x00, 0x00, 0x00, 0x00, 0x00, 0x00, 0x00, 0x00, 0x01, 0x5A, 0x00, 0x00, 0x00, 0x0E,
0x00, 0x00, 0x00, 0x08, 0x00, 0x00, 0x00, 0x0A, 0x00, 0x00, 0x00, 0x0E, 0x00, 0x00, 0x00, 0x01,
0x00, 0x00, 0x00, 0x00, 0x00, 0x00, 0x01, 0x5B, 0x00, 0x00, 0x00, 0x0B, 0x00, 0x00, 0x00, 0x06,
0x00, 0x00, 0x00, 0x08, 0x00, 0x00, 0x00, 0x0B, 0x00, 0x00, 0x00, 0x01, 0x00, 0x00, 0x00, 0x00,
0x00, 0x00, 0x01, 0x5C, 0x00, 0x00, 0x00, 0x0E, 0x00, 0x00, 0x00, 0x08, 0x00, 0x00, 0x00, 0x0A,
0x00, 0x00, 0x00, 0x0E, 0x00, 0x00, 0x00, 0x01, 0x00, 0x00, 0x00, 0x00, 0x00, 0x00, 0x01, 0x5D,
0x00, 0x00, 0x00, 0x0B, 0x00, 0x00, 0x00, 0x06, 0x00, 0x00, 0x00, 0x08, 0x00, 0x00, 0x00, 0x0B,
0x00, 0x00, 0x00, 0x01, 0x00, 0x00, 0x00, 0x00, 0x00, 0x00, 0x01, 0x5E, 0x00, 0x00, 0x00, 0x0E,
0x00, 0x00, 0x00, 0x08, 0x00, 0x00, 0x00, 0x0A, 0x00, 0x00, 0x00, 0x0B, 0x00, 0x00, 0x00, 0x01,
0x00, 0x00, 0x00, 0x00, 0x00, 0x00, 0x01, 0x5F, 0x00, 0x00, 0x00, 0x0B, 0x00, 0x00, 0x00, 0x06,
0x00, 0x00, 0x00, 0x08, 0x00, 0x00, 0x00, 0x08, 0x00, 0x00, 0x00, 0x01, 0x00, 0x00, 0x00, 0x00,
0x00, 0x00, 0x01, 0x60, 0x00, 0x00, 0x00, 0x0E, 0x00, 0x00, 0x00, 0x08, 0x00, 0x00, 0x00, 0x0A,
0x00, 0x00, 0x00, 0x0E, 0x00, 0x00, 0x00, 0x01, 0x00, 0x00, 0x00, 0x00, 0x00, 0x00, 0x01, 0x61,
0x00, 0x00, 0x00, 0x0B, 0x00, 0x00, 0x00, 0x06, 0x00, 0x00, 0x00, 0x08, 0x00, 0x00, 0x00, 0x0B,
0x00, 0x00, 0x00, 0x01, 0x00, 0x00, 0x00, 0x00, 0x00, 0x00, 0x01, 0x62, 0x00, 0x00, 0x00, 0x0E,
0x00, 0x00, 0x00, 0x09, 0x00, 0x00, 0x00, 0x09, 0x00, 0x00, 0x00, 0x0B, 0x00, 0x00, 0x00, 0x00,
0x00, 0x00, 0x00, 0x00, 0x00, 0x00, 0x01, 0x63, 0x00, 0x00, 0x00, 0x0E, 0x00, 0x00, 0x00, 0x04,
0x00, 0x00, 0x00, 0x04, 0x00, 0x00, 0x00, 0x0B, 0x00, 0x00, 0x00, 0x00, 0x00, 0x00, 0x00, 0x00,
0x00, 0x00, 0x01, 0x64, 0x00, 0x00, 0x00, 0x0E, 0x00, 0x00, 0x00, 0x09, 0x00, 0x00, 0x00, 0x09,
0x00, 0x00, 0x00, 0x0E, 0x00, 0x00, 0x00, 0x00, 0x00, 0x00, 0x00, 0x00, 0x00, 0x00, 0x01, 0x65,
0x00, 0x00, 0x00, 0x0B, 0x00, 0x00, 0x00, 0x06, 0x00, 0x00, 0x00, 0x06, 0x00, 0x00, 0x00, 0x0B,
0x00, 0x00, 0x00, 0x00, 0x00, 0x00, 0x00, 0x00, 0x00, 0x00, 0x01, 0x66, 0x00, 0x00, 0x00, 0x0B,
0x00, 0x00, 0x00, 0x09, 0x00, 0x00, 0x00, 0x09, 0x00, 0x00, 0x00, 0x0B, 0x00, 0x00, 0x00, 0x00,
0x00, 0x00, 0x00, 0x00, 0x00, 0x00, 0x01, 0x67, 0x00, 0x00, 0x00, 0x0B, 0x00, 0x00, 0x00, 0x04,
0x00, 0x00, 0x00, 0x04, 0x00, 0x00, 0x00, 0x0B, 0x00, 0x00, 0x00, 0x00, 0x00, 0x00, 0x00, 0x00,
0x00, 0x00, 0x01, 0x68, 0x00, 0x00, 0x00, 0x0E, 0x00, 0x00, 0x00, 0x08, 0x00, 0x00, 0x00, 0x0A,
0x00, 0x00, 0x00, 0x0E, 0x00, 0x00, 0x00, 0x01, 0x00, 0x00, 0x00, 0x00, 0x00, 0x00, 0x01, 0x69,
0x00, 0x00, 0x00, 0x0B, 0x00, 0x00, 0x00, 0x06, 0x00, 0x00, 0x00, 0x08, 0x00, 0x00, 0x00, 0x0B,
0x00, 0x00, 0x00, 0x01, 0x00, 0x00, 0x00, 0x00, 0x00, 0x00, 0x01, 0x6A, 0x00, 0x00, 0x00, 0x0D,
0x00, 0x00, 0x00, 0x08, 0x00, 0x00, 0x00, 0x0A, 0x00, 0x00, 0x00, 0x0D, 0x00, 0x00, 0x00, 0x01,
0x00, 0x00, 0x00, 0x00, 0x00, 0x00, 0x01, 0x6B, 0x00, 0x00, 0x00, 0x0A, 0x00, 0x00, 0x00, 0x06,
0x00, 0x00, 0x00, 0x08, 0x00, 0x00, 0x00, 0x0A, 0x00, 0x00, 0x00, 0x01, 0x00, 0x00, 0x00, 0x00,
0x00, 0x00, 0x01, 0x6C, 0x00, 0x00, 0x00, 0x0E, 0x00, 0x00, 0x00, 0x08, 0x00, 0x00, 0x00, 0x0A,
0x00, 0x00, 0x00, 0x0E, 0x00, 0x00, 0x00, 0x01, 0x00, 0x00, 0x00, 0x00, 0x00, 0x00, 0x01, 0x6D,
0x00, 0x00, 0x00, 0x0B, 0x00, 0x00, 0x00, 0x06, 0x00, 0x00, 0x00, 0x08, 0x00, 0x00, 0x00, 0x0B,
0x00, 0x00, 0x00, 0x01, 0x00, 0x00, 0x00, 0x00, 0x00, 0x00, 0x01, 0x6E, 0x00, 0x00, 0x00, 0x0E,
0x00, 0x00, 0x00, 0x08, 0x00, 0x00, 0x00, 0x0A, 0x00, 0x00, 0x00, 0x0E, 0x00, 0x00, 0x00, 0x01,
0x00, 0x00, 0x00, 0x00, 0x00, 0x00, 0x01, 0x6F, 0x00, 0x00, 0x00, 0x0C, 0x00, 0x00, 0x00, 0x06,
0x00, 0x00, 0x00, 0x08, 0x00, 0x00, 0x00, 0x0C, 0x00, 0x00, 0x00, 0x01, 0x00, 0x00, 0x00, 0x00,
0x00, 0x00, 0x01, 0x70, 0x00, 0x00, 0x00, 0x0E, 0x00, 0x00, 0x00, 0x08, 0x00, 0x00, 0x00, 0x0A,
0x00, 0x00, 0x00, 0x0E, 0x00, 0x00, 0x00, 0x01, 0x00, 0x00, 0x00, 0x00, 0x00, 0x00, 0x01, 0x71,
0x00, 0x00, 0x00, 0x0B, 0x00, 0x00, 0x00, 0x06, 0x00, 0x00, 0x00, 0x08, 0x00, 0x00, 0x00, 0x0B,
0x00, 0x00, 0x00, 0x01, 0x00, 0x00, 0x00, 0x00, 0x00, 0x00, 0x01, 0x72, 0x00, 0x00, 0x00, 0x0E,
0x00, 0x00, 0x00, 0x08, 0x00, 0x00, 0x00, 0x0A, 0x00, 0x00, 0x00, 0x0B, 0x00, 0x00, 0x00, 0x01,
0x00, 0x00, 0x00, 0x00, 0x00, 0x00, 0x01, 0x73, 0x00, 0x00, 0x00, 0x0B, 0x00, 0x00, 0x00, 0x06,
0x00, 0x00, 0x00, 0x08, 0x00, 0x00, 0x00, 0x08, 0x00, 0x00, 0x00, 0x01, 0x00, 0x00, 0x00, 0x00,
0x00, 0x00, 0x01, 0x74, 0x00, 0x00, 0x00, 0x0E, 0x00, 0x00, 0x00, 0x0F, 0x00, 0x00, 0x00, 0x0F,
0x00, 0x00, 0x00, 0x0E, 0x00, 0x00, 0x00, 0x00, 0x00, 0x00, 0x00, 0x00, 0x00, 0x00, 0x01, 0x75,
0x00, 0x00, 0x00, 0x0B, 0x00, 0x00, 0x00, 0x0B, 0x00, 0x00, 0x00, 0x0B, 0x00, 0x00, 0x00, 0x0B,
0x00, 0x00, 0x00, 0x00, 0x00, 0x00, 0x00, 0x00, 0x00, 0x00, 0x01, 0x76, 0x00, 0x00, 0x00, 0x0E,
0x00, 0x00, 0x00, 0x09, 0x00, 0x00, 0x00, 0x09, 0x00, 0x00, 0x00, 0x0E, 0x00, 0x00, 0x00, 0x00,
0x00, 0x00, 0x00, 0x00, 0x00, 0x00, 0x01, 0x77, 0x00, 0x00, 0x00, 0x0E, 0x00, 0x00, 0x00, 0x09,
0x00, 0x00, 0x00, 0x07, 0x00, 0x00, 0x00, 0x0B, 0xFF, 0xFF, 0xFF, 0xFF, 0x00, 0x00, 0x00, 0x00,
0x00, 0x00, 0x01, 0x78, 0x00, 0x00, 0x00, 0x0D, 0x00, 0x00, 0x00, 0x09, 0x00, 0x00, 0x00, 0x09,
0x00, 0x00, 0x00, 0x0D, 0x00, 0x00, 0x00, 0x00, 0x00, 0x00, 0x00, 0x00, 0x00, 0x00, 0x01, 0x79,
0x00, 0x00, 0x00, 0x0E, 0x00, 0x00, 0x00, 0x08, 0x00, 0x00, 0x00, 0x08, 0x00, 0x00, 0x00, 0x0E,
0x00, 0x00, 0x00, 0x00, 0x00, 0x00, 0x00, 0x00, 0x00, 0x00, 0x01, 0x7A, 0x00, 0x00, 0x00, 0x0B,
0x00, 0x00, 0x00, 0x06, 0x00, 0x00, 0x00, 0x08, 0x00, 0x00, 0x00, 0x0B, 0x00, 0x00, 0x00, 0x01,
0x00, 0x00, 0x00, 0x00, 0x00, 0x00, 0x01, 0x7B, 0x00, 0x00, 0x00, 0x0D, 0x00, 0x00, 0x00, 0x08,
0x00, 0x00, 0x00, 0x08, 0x00, 0x00, 0x00, 0x0D, 0x00, 0x00, 0x00, 0x00, 0x00, 0x00, 0x00, 0x00,
0x00, 0x00, 0x01, 0x7C, 0x00, 0x00, 0x00, 0x0A, 0x00, 0x00, 0x00, 0x06, 0x00, 0x00, 0x00, 0x08,
0x00, 0x00, 0x00, 0x0A, 0x00, 0x00, 0x00, 0x01, 0x00, 0x00, 0x00, 0x00, 0x00, 0x00, 0x01, 0x7D,
0x00, 0x00, 0x00, 0x0E, 0x00, 0x00, 0x00, 0x08, 0x00, 0x00, 0x00, 0x08, 0x00, 0x00, 0x00, 0x0E,
0x00, 0x00, 0x00, 0x00, 0x00, 0x00, 0x00, 0x00, 0x00, 0x00, 0x01, 0x7E, 0x00, 0x00, 0x00, 0x0B,
0x00, 0x00, 0x00, 0x06, 0x00, 0x00, 0x00, 0x08, 0x00, 0x00, 0x00, 0x0B, 0x00, 0x00, 0x00, 0x01,
0x00, 0x00, 0x00, 0x00, 0x00, 0x00, 0x01, 0x7F, 0x00, 0x00, 0x00, 0x0B, 0x00, 0x00, 0x00, 0x03,
0x00, 0x00, 0x00, 0x03, 0x00, 0x00, 0x00, 0x0B, 0x00, 0x00, 0x00, 0x01, 0x00, 0x00, 0x00, 0x00,
0x00, 0x00, 0x04, 0x00, 0x00, 0x00, 0x00, 0x0E, 0x00, 0x00, 0x00, 0x08, 0x00, 0x00, 0x00, 0x0A,
0x00, 0x00, 0x00, 0x0E, 0x00, 0x00, 0x00, 0x01, 0x00, 0x00, 0x00, 0x00, 0x00, 0x00, 0x04, 0x01,
0x00, 0x00, 0x00, 0x0D, 0x00, 0x00, 0x00, 0x08, 0x00, 0x00, 0x00, 0x0A, 0x00, 0x00, 0x00, 0x0D,
0x00, 0x00, 0x00, 0x01, 0x00, 0x00, 0x00, 0x00, 0x00, 0x00, 0x04, 0x02, 0x00, 0x00, 0x00, 0x0B,
0x00, 0x00, 0x00, 0x0C, 0x00, 0x00, 0x00, 0x0D, 0x00, 0x00, 0x00, 0x0B, 0x00, 0x00, 0x00, 0x00,
0x00, 0x00, 0x00, 0x00, 0x00, 0x00, 0x04, 0x03, 0x00, 0x00, 0x00, 0x0E, 0x00, 0x00, 0x00, 0x07,
0x00, 0x00, 0x00, 0x08, 0x00, 0x00, 0x00, 0x0E, 0x00, 0x00, 0x00, 0x01, 0x00, 0x00, 0x00, 0x00,
0x00, 0x00, 0x04, 0x04, 0x00, 0x00, 0x00, 0x0B, 0x00, 0x00, 0x00, 0x09, 0x00, 0x00, 0x00, 0x0B,
0x00, 0x00, 0x00, 0x0B, 0x00, 0x00, 0x00, 0x01, 0x00, 0x00, 0x00, 0x00, 0x00, 0x00, 0x04, 0x05,
0x00, 0x00, 0x00, 0x0B, 0x00, 0x00, 0x00, 0x08, 0x00, 0x00, 0x00, 0x0A, 0x00, 0x00, 0x00, 0x0B,
0x00, 0x00, 0x00, 0x01, 0x00, 0x00, 0x00, 0x00, 0x00, 0x00, 0x04, 0x06, 0x00, 0x00, 0x00, 0x0B,
0x00, 0x00, 0x00, 0x01, 0x00, 0x00, 0x00, 0x03, 0x00, 0x00, 0x00, 0x0B, 0x00, 0x00, 0x00, 0x01,
0x00, 0x00, 0x00, 0x00, 0x00, 0x00, 0x04, 0x07, 0x00, 0x00, 0x00, 0x0D, 0x00, 0x00, 0x00, 0x03,
0x00, 0x00, 0x00, 0x03, 0x00, 0x00, 0x00, 0x0D, 0x00, 0x00, 0x00, 0x00, 0x00, 0x00, 0x00, 0x00,
0x00, 0x00, 0x04, 0x08, 0x00, 0x00, 0x00, 0x0B, 0x00, 0x00, 0x00, 0x06, 0x00, 0x00, 0x00, 0x07,
0x00, 0x00, 0x00, 0x0B, 0x00, 0x00, 0x00, 0x00, 0x00, 0x00, 0x00, 0x00, 0x00, 0x00, 0x04, 0x09,
0x00, 0x00, 0x00, 0x0B, 0x00, 0x00, 0x00, 0x0F, 0x00, 0x00, 0x00, 0x10, 0x00, 0x00, 0x00, 0x0B,
0x00, 0x00, 0x00, 0x00, 0x00, 0x00, 0x00, 0x00, 0x00, 0x00, 0x04, 0x0A, 0x00, 0x00, 0x00, 0x0B,
0x00, 0x00, 0x00, 0x0D, 0x00, 0x00, 0x00, 0x0F, 0x00, 0x00, 0x00, 0x0B, 0x00, 0x00, 0x00, 0x01,
0x00, 0x00, 0x00, 0x00, 0x00, 0x00, 0x04, 0x0B, 0x00, 0x00, 0x00, 0x0B, 0x00, 0x00, 0x00, 0x0C,
0x00, 0x00, 0x00, 0x0D, 0x00, 0x00, 0x00, 0x0B, 0x00, 0x00, 0x00, 0x00, 0x00, 0x00, 0x00, 0x00,
0x00, 0x00, 0x04, 0x0C, 0x00, 0x00, 0x00, 0x0E, 0x00, 0x00, 0x00, 0x08, 0x00, 0x00, 0x00, 0x09,
0x00, 0x00, 0x00, 0x0E, 0x00, 0x00, 0x00, 0x01, 0x00, 0x00, 0x00, 0x00, 0x00, 0x00, 0x04, 0x0D,
0x00, 0x00, 0x00, 0x0E, 0x00, 0x00, 0x00, 0x09, 0x00, 0x00, 0x00, 0x0B, 0x00, 0x00, 0x00, 0x0E,
0x00, 0x00, 0x00, 0x01, 0x00, 0x00, 0x00, 0x00, 0x00, 0x00, 0x04, 0x0E, 0x00, 0x00, 0x00, 0x0E,
0x00, 0x00, 0x00, 0x0B, 0x00, 0x00, 0x00, 0x0A, 0x00, 0x00, 0x00, 0x0E, 0x00, 0x00, 0x00, 0x00,
0x00, 0x00, 0x00, 0x00, 0x00, 0x00, 0x04, 0x0F, 0x00, 0x00, 0x00, 0x0E, 0x00, 0x00, 0x00, 0x08,
0x00, 0x00, 0x00, 0x0B, 0x00, 0x00, 0x00, 0x0B, 0x00, 0x00, 0x00, 0x01, 0x00, 0x00, 0x00, 0x00,
0x00, 0x00, 0x04, 0x10, 0x00, 0x00, 0x00, 0x0B, 0x00, 0x00, 0x00, 0x0B, 0x00, 0x00, 0x00, 0x09,
0x00, 0x00, 0x00, 0x0B, 0xFF, 0xFF, 0xFF, 0xFF, 0x00, 0x00, 0x00, 0x00, 0x00, 0x00, 0x04, 0x11,
0x00, 0x00, 0x00, 0x0B, 0x00, 0x00, 0x00, 0x08, 0x00, 0x00, 0x00, 0x0A, 0x00, 0x00, 0x00, 0x0B,
0x00, 0x00, 0x00, 0x01, 0x00, 0x00, 0x00, 0x00, 0x00, 0x00, 0x04, 0x12, 0x00, 0x00, 0x00, 0x0B,
0x00, 0x00, 0x00, 0x08, 0x00, 0x00, 0x00, 0x0A, 0x00, 0x00, 0x00, 0x0B, 0x00, 0x00, 0x00, 0x01,
0x00, 0x00, 0x00, 0x00, 0x00, 0x00, 0x04, 0x13, 0x00, 0x00, 0x00, 0x0B, 0x00, 0x00, 0x00, 0x07,
0x00, 0x00, 0x00, 0x08, 0x00, 0x00, 0x00, 0x0B, 0x00, 0x00, 0x00, 0x01, 0x00, 0x00, 0x00, 0x00,
0x00, 0x00, 0x04, 0x14, 0x00, 0x00, 0x00, 0x0E, 0x00, 0x00, 0x00, 0x0A, 0x00, 0x00, 0x00, 0x0A,
0x00, 0x00, 0x00, 0x0B, 0x00, 0x00, 0x00, 0x00, 0x00, 0x00, 0x00, 0x00, 0x00, 0x00, 0x04, 0x15,
0x00, 0x00, 0x00, 0x0B, 0x00, 0x00, 0x00, 0x08, 0x00, 0x00, 0x00, 0x0A, 0x00, 0x00, 0x00, 0x0B,
0x00, 0x00, 0x00, 0x01, 0x00, 0x00, 0x00, 0x00, 0x00, 0x00, 0x04, 0x16, 0x00, 0x00, 0x00, 0x0B,
0x00, 0x00, 0x00, 0x0F, 0x00, 0x00, 0x00, 0x0E, 0x00, 0x00, 0x00, 0x0B, 0xFF, 0xFF, 0xFF, 0xFF,
0x00, 0x00, 0x00, 0x00, 0x00, 0x00, 0x04, 0x17, 0x00, 0x00, 0x00, 0x0B, 0x00, 0x00, 0x00, 0x07,
0x00, 0x00, 0x00, 0x09, 0x00, 0x00, 0x00, 0x0B, 0x00, 0x00, 0x00, 0x01, 0x00, 0x00, 0x00, 0x00,
0x00, 0x00, 0x04, 0x18, 0x00, 0x00, 0x00, 0x0B, 0x00, 0x00, 0x00, 0x09, 0x00, 0x00, 0x00, 0x0B,
0x00, 0x00, 0x00, 0x0B, 0x00, 0x00, 0x00, 0x01, 0x00, 0x00, 0x00, 0x00, 0x00, 0x00, 0x04, 0x19,
0x00, 0x00, 0x00, 0x0E, 0x00, 0x00, 0x00, 0x09, 0x00, 0x00, 0x00, 0x0B, 0x00, 0x00, 0x00, 0x0E,
0x00, 0x00, 0x00, 0x01, 0x00, 0x00, 0x00, 0x00, 0x00, 0x00, 0x04, 0x1A, 0x00, 0x00, 0x00, 0x0B,
0x00, 0x00, 0x00, 0x08, 0x00, 0x00, 0x00, 0x09, 0x00, 0x00, 0x00, 0x0B, 0x00, 0x00, 0x00, 0x01,
0x00, 0x00, 0x00, 0x00, 0x00, 0x00, 0x04, 0x1B, 0x00, 0x00, 0x00, 0x0B, 0x00, 0x00, 0x00, 0x09,
0x00, 0x00, 0x00, 0x0A, 0x00, 0x00, 0x00, 0x0B, 0x00, 0x00, 0x00, 0x00, 0x00, 0x00, 0x00, 0x00,
0x00, 0x00, 0x04, 0x1C, 0x00, 0x00, 0x00, 0x0B, 0x00, 0x00, 0x00, 0x09, 0x00, 0x00, 0x00, 0x0B,
0x00, 0x00, 0x00, 0x0B, 0x00, 0x00, 0x00, 0x01, 0x00, 0x00, 0x00, 0x00, 0x00, 0x00, 0x04, 0x1D,
0x00, 0x00, 0x00, 0x0B, 0x00, 0x00, 0x00, 0x08, 0x00, 0x00, 0x00, 0x0A, 0x00, 0x00, 0x00, 0x0B,
0x00, 0x00, 0x00, 0x01, 0x00, 0x00, 0x00, 0x00, 0x00, 0x00, 0x04, 0x1E, 0x00, 0x00, 0x00, 0x0B,
0x00, 0x00, 0x00, 0x0A, 0x00, 0x00, 0x00, 0x0C, 0x00, 0x00, 0x00, 0x0B, 0x00, 0x00, 0x00, 0x01,
0x00, 0x00, 0x00, 0x00, 0x00, 0x00, 0x04, 0x1F, 0x00, 0x00, 0x00, 0x0B, 0x00, 0x00, 0x00, 0x08,
0x00, 0x00, 0x00, 0x0A, 0x00, 0x00, 0x00, 0x0B, 0x00, 0x00, 0x00, 0x01, 0x00, 0x00, 0x00, 0x00,
0x00, 0x00, 0x04, 0x20, 0x00, 0x00, 0x00, 0x0B, 0x00, 0x00, 0x00, 0x08, 0x00, 0x00, 0x00, 0x0A,
0x00, 0x00, 0x00, 0x0B, 0x00, 0x00, 0x00, 0x01, 0x00, 0x00, 0x00, 0x00, 0x00, 0x00, 0x04, 0x21,
0x00, 0x00, 0x00, 0x0B, 0x00, 0x00, 0x00, 0x09, 0x00, 0x00, 0x00, 0x0B, 0x00, 0x00, 0x00, 0x0B,
0x00, 0x00, 0x00, 0x01, 0x00, 0x00, 0x00, 0x00, 0x00, 0x00, 0x04, 0x22, 0x00, 0x00, 0x00, 0x0B,
0x00, 0x00, 0x00, 0x09, 0x00, 0x00, 0x00, 0x09, 0x00, 0x00, 0x00, 0x0B, 0x00, 0x00, 0x00, 0x00,
0x00, 0x00, 0x00, 0x00, 0x00, 0x00, 0x04, 0x23, 0x00, 0x00, 0x00, 0x0B, 0x00, 0x00, 0x00, 0x0B,
0x00, 0x00, 0x00, 0x0A, 0x00, 0x00, 0x00, 0x0B, 0x00, 0x00, 0x00, 0x00, 0x00, 0x00, 0x00, 0x00,
0x00, 0x00, 0x04, 0x24, 0x00, 0x00, 0x00, 0x0B, 0x00, 0x00, 0x00, 0x09, 0x00, 0x00, 0x00, 0x0B,
0x00, 0x00, 0x00, 0x0B, 0x00, 0x00, 0x00, 0x01, 0x00, 0x00, 0x00, 0x00, 0x00, 0x00, 0x04, 0x25,
0x00, 0x00, 0x00, 0x0B, 0x00, 0x00, 0x00, 0x09, 0x00, 0x00, 0x00, 0x09, 0x00, 0x00, 0x00, 0x0B,
0x00, 0x00, 0x00, 0x00, 0x00, 0x00, 0x00, 0x00, 0x00, 0x00, 0x04, 0x26, 0x00, 0x00, 0x00, 0x0E,
0x00, 0x00, 0x00, 0x0A, 0x00, 0x00, 0x00, 0x0B, 0x00, 0x00, 0x00, 0x0B, 0x00, 0x00, 0x00, 0x01,
0x00, 0x00, 0x00, 0x00, 0x00, 0x00, 0x04, 0x27, 0x00, 0x00, 0x00, 0x0B, 0x00, 0x00, 0x00, 0x07,
0x00, 0x00, 0x00, 0x09, 0x00, 0x00, 0x00, 0x0B, 0x00, 0x00, 0x00, 0x01, 0x00, 0x00, 0x00, 0x00,
0x00, 0x00, 0x04, 0x28, 0x00, 0x00, 0x00, 0x0B, 0x00, 0x00, 0x00, 0x0D, 0x00, 0x00, 0x00, 0x0E,
0x00, 0x00, 0x00, 0x0B, 0x00, 0x00, 0x00, 0x00, 0x00, 0x00, 0x00, 0x00, 0x00, 0x00, 0x04, 0x29,
0x00, 0x00, 0x00, 0x0E, 0x00, 0x00, 0x00, 0x0E, 0x00, 0x00, 0x00, 0x0F, 0x00, 0x00, 0x00, 0x0B,
0x00, 0x00, 0x00, 0x01, 0x00, 0x00, 0x00, 0x00, 0x00, 0x00, 0x04, 0x2A, 0x00, 0x00, 0x00, 0x0B,
0x00, 0x00, 0x00, 0x0B, 0x00, 0x00, 0x00, 0x0C, 0x00, 0x00, 0x00, 0x0B, 0x00, 0x00, 0x00, 0x00,
0x00, 0x00, 0x00, 0x00, 0x00, 0x00, 0x04, 0x2B, 0x00, 0x00, 0x00, 0x0B, 0x00, 0x00, 0x00, 0x0B,
0x00, 0x00, 0x00, 0x0D, 0x00, 0x00, 0x00, 0x0B, 0x00, 0x00, 0x00, 0x01, 0x00, 0x00, 0x00, 0x00,
0x00, 0x00, 0x04, 0x2C, 0x00, 0x00, 0x00, 0x0B, 0x00, 0x00, 0x00, 0x08, 0x00, 0x00, 0x00, 0x0A,
0x00, 0x00, 0x00, 0x0B, 0x00, 0x00, 0x00, 0x01, 0x00, 0x00, 0x00, 0x00, 0x00, 0x00, 0x04, 0x2D,
0x00, 0x00, 0x00, 0x0B, 0x00, 0x00, 0x00, 0x09, 0x00, 0x00, 0x00, 0x0B, 0x00, 0x00, 0x00, 0x0B,
0x00, 0x00, 0x00, 0x01, 0x00, 0x00, 0x00, 0x00, 0x00, 0x00, 0x04, 0x2E, 0x00, 0x00, 0x00, 0x0B,
0x00, 0x00, 0x00, 0x0D, 0x00, 0x00, 0x00, 0x0F, 0x00, 0x00, 0x00, 0x0B, 0x00, 0x00, 0x00, 0x01,
0x00, 0x00, 0x00, 0x00, 0x00, 0x00, 0x04, 0x2F, 0x00, 0x00, 0x00, 0x0B, 0x00, 0x00, 0x00, 0x09,
0x00, 0x00, 0x00, 0x0B, 0x00, 0x00, 0x00, 0x0B, 0x00, 0x00, 0x00, 0x01, 0x00, 0x00, 0x00, 0x00,
0x00, 0x00, 0x04, 0x30, 0x00, 0x00, 0x00, 0x08, 0x00, 0x00, 0x00, 0x06, 0x00, 0x00, 0x00, 0x08,
0x00, 0x00, 0x00, 0x08, 0x00, 0x00, 0x00, 0x01, 0x00, 0x00, 0x00, 0x00, 0x00, 0x00, 0x04, 0x31,
0x00, 0x00, 0x00, 0x0B, 0x00, 0x00, 0x00, 0x07, 0x00, 0x00, 0x00, 0x09, 0x00, 0x00, 0x00, 0x0B,
0x00, 0x00, 0x00, 0x01, 0x00, 0x00, 0x00, 0x00, 0x00, 0x00, 0x04, 0x32, 0x00, 0x00, 0x00, 0x08,
0x00, 0x00, 0x00, 0x06, 0x00, 0x00, 0x00, 0x08, 0x00, 0x00, 0x00, 0x08, 0x00, 0x00, 0x00, 0x01,
0x00, 0x00, 0x00, 0x00, 0x00, 0x00, 0x04, 0x33, 0x00, 0x00, 0x00, 0x08, 0x00, 0x00, 0x00, 0x04,
0x00, 0x00, 0x00, 0x05, 0x00, 0x00, 0x00, 0x08, 0x00, 0x00, 0x00, 0x01, 0x00, 0x00, 0x00, 0x00,
0x00, 0x00, 0x04, 0x34, 0x00, 0x00, 0x00, 0x0A, 0x00, 0x00, 0x00, 0x08, 0x00, 0x00, 0x00, 0x09,
0x00, 0x00, 0x00, 0x08, 0x00, 0x00, 0x00, 0x00, 0x00, 0x00, 0x00, 0x00, 0x00, 0x00, 0x04, 0x35,
0x00, 0x00, 0x00, 0x08, 0x00, 0x00, 0x00, 0x06, 0x00, 0x00, 0x00, 0x08, 0x00, 0x00, 0x00, 0x08,
0x00, 0x00, 0x00, 0x01, 0x00, 0x00, 0x00, 0x00, 0x00, 0x00, 0x04, 0x36, 0x00, 0x00, 0x00, 0x08,
0x00, 0x00, 0x00, 0x09, 0x00, 0x00, 0x00, 0x09, 0x00, 0x00, 0x00, 0x08, 0x00, 0x00, 0x00, 0x00,
0x00, 0x00, 0x00, 0x00, 0x00, 0x00, 0x04, 0x37, 0x00, 0x00, 0x00, 0x08, 0x00, 0x00, 0x00, 0x06,
0x00, 0x00, 0x00, 0x07, 0x00, 0x00, 0x00, 0x08, 0x00, 0x00, 0x00, 0x00, 0x00, 0x00, 0x00, 0x00,
0x00, 0x00, 0x04, 0x38, 0x00, 0x00, 0x00, 0x08, 0x00, 0x00, 0x00, 0x06, 0x00, 0x00, 0x00, 0x08,
0x00, 0x00, 0x00, 0x08, 0x00, 0x00, 0x00, 0x01, 0x00, 0x00, 0x00, 0x00, 0x00, 0x00, 0x04, 0x39,
0x00, 0x00, 0x00, 0x0B, 0x00, 0x00, 0x00, 0x06, 0x00, 0x00, 0x00, 0x08, 0x00, 0x00, 0x00, 0x0B,
0x00, 0x00, 0x00, 0x01, 0x00, 0x00, 0x00, 0x00, 0x00, 0x00, 0x04, 0x3A, 0x00, 0x00, 0x00, 0x08,
0x00, 0x00, 0x00, 0x06, 0x00, 0x00, 0x00, 0x07, 0x00, 0x00, 0x00, 0x08, 0x00, 0x00, 0x00, 0x01,
0x00, 0x00, 0x00, 0x00, 0x00, 0x00, 0x04, 0x3B, 0x00, 0x00, 0x00, 0x08, 0x00, 0x00, 0x00, 0x07,
0x00, 0x00, 0x00, 0x08, 0x00, 0x00, 0x00, 0x08, 0x00, 0x00, 0x00, 0x00, 0x00, 0x00, 0x00, 0x00,
0x00, 0x00, 0x04, 0x3C, 0x00, 0x00, 0x00, 0x08, 0x00, 0x00, 0x00, 0x08, 0x00, 0x00, 0x00, 0x0A,
0x00, 0x00, 0x00, 0x08, 0x00, 0x00, 0x00, 0x01, 0x00, 0x00, 0x00, 0x00, 0x00, 0x00, 0x04, 0x3D,
0x00, 0x00, 0x00, 0x08, 0x00, 0x00, 0x00, 0x06, 0x00, 0x00, 0x00, 0x08, 0x00, 0x00, 0x00, 0x08,
0x00, 0x00, 0x00, 0x01, 0x00, 0x00, 0x00, 0x00, 0x00, 0x00, 0x04, 0x3E, 0x00, 0x00, 0x00, 0x08,
0x00, 0x00, 0x00, 0x06, 0x00, 0x00, 0x00, 0x08, 0x00, 0x00, 0x00, 0x08, 0x00, 0x00, 0x00, 0x01,
0x00, 0x00, 0x00, 0x00, 0x00, 0x00, 0x04, 0x3F, 0x00, 0x00, 0x00, 0x08, 0x00, 0x00, 0x00, 0x06,
0x00, 0x00, 0x00, 0x08, 0x00, 0x00, 0x00, 0x08, 0x00, 0x00, 0x00, 0x01, 0x00, 0x00, 0x00, 0x00,
0x00, 0x00, 0x04, 0x40, 0x00, 0x00, 0x00, 0x0B, 0x00, 0x00, 0x00, 0x06, 0x00, 0x00, 0x00, 0x08,
0x00, 0x00, 0x00, 0x08, 0x00, 0x00, 0x00, 0x01, 0x00, 0x00, 0x00, 0x00, 0x00, 0x00, 0x04, 0x41,
0x00, 0x00, 0x00, 0x08, 0x00, 0x00, 0x00, 0x06, 0x00, 0x00, 0x00, 0x08, 0x00, 0x00, 0x00, 0x08,
0x00, 0x00, 0x00, 0x01, 0x00, 0x00, 0x00, 0x00, 0x00, 0x00, 0x04, 0x42, 0x00, 0x00, 0x00, 0x08,
0x00, 0x00, 0x00, 0x07, 0x00, 0x00, 0x00, 0x07, 0x00, 0x00, 0x00, 0x08, 0x00, 0x00, 0x00, 0x00,
0x00, 0x00, 0x00, 0x00, 0x00, 0x00, 0x04, 0x43, 0x00, 0x00, 0x00, 0x0B, 0x00, 0x00, 0x00, 0x09,
0x00, 0x00, 0x00, 0x07, 0x00, 0x00, 0x00, 0x08, 0xFF, 0xFF, 0xFF, 0xFF, 0x00, 0x00, 0x00, 0x00,
0x00, 0x00, 0x04, 0x44, 0x00, 0x00, 0x00, 0x0E, 0x00, 0x00, 0x00, 0x09, 0x00, 0x00, 0x00, 0x0B,
0x00, 0x00, 0x00, 0x0B, 0x00, 0x00, 0x00, 0x01, 0x00, 0x00, 0x00, 0x00, 0x00, 0x00, 0x04, 0x45,
0x00, 0x00, 0x00, 0x08, 0x00, 0x00, 0x00, 0x07, 0x00, 0x00, 0x00, 0x07, 0x00, 0x00, 0x00, 0x08,
0x00, 0x00, 0x00, 0x00, 0x00, 0x00, 0x00, 0x00, 0x00, 0x00, 0x04, 0x46, 0x00, 0x00, 0x00, 0x0B,
0x00, 0x00, 0x00, 0x07, 0x00, 0x00, 0x00, 0x09, 0x00, 0x00, 0x00, 0x08, 0x00, 0x00, 0x00, 0x01,
0x00, 0x00, 0x00, 0x00, 0x00, 0x00, 0x04, 0x47, 0x00, 0x00, 0x00, 0x08, 0x00, 0x00, 0x00, 0x06,
0x00, 0x00, 0x00, 0x08, 0x00, 0x00, 0x00, 0x08, 0x00, 0x00, 0x00, 0x01, 0x00, 0x00, 0x00, 0x00,
0x00, 0x00, 0x04, 0x48, 0x00, 0x00, 0x00, 0x08, 0x00, 0x00, 0x00, 0x09, 0x00, 0x00, 0x00, 0x0B,
0x00, 0x00, 0x00, 0x08, 0x00, 0x00, 0x00, 0x01, 0x00, 0x00, 0x00, 0x00, 0x00, 0x00, 0x04, 0x49,
0x00, 0x00, 0x00, 0x0B, 0x00, 0x00, 0x00, 0x0A, 0x00, 0x00, 0x00, 0x0B, 0x00, 0x00, 0x00, 0x08,
0x00, 0x00, 0x00, 0x01, 0x00, 0x00, 0x00, 0x00, 0x00, 0x00, 0x04, 0x4A, 0x00, 0x00, 0x00, 0x08,
0x00, 0x00, 0x00, 0x07, 0x00, 0x00, 0x00, 0x09, 0x00, 0x00, 0x00, 0x08, 0x00, 0x00, 0x00, 0x01,
0x00, 0x00, 0x00, 0x00, 0x00, 0x00, 0x04, 0x4B, 0x00, 0x00, 0x00, 0x08, 0x00, 0x00, 0x00, 0x09,
0x00, 0x00, 0x00, 0x0B, 0x00, 0x00, 0x00, 0x08, 0x00, 0x00, 0x00, 0x01, 0x00, 0x00, 0x00, 0x00,
0x00, 0x00, 0x04, 0x4C, 0x00, 0x00, 0x00, 0x08, 0x00, 0x00, 0x00, 0x06, 0x00, 0x00, 0x00, 0x08,
0x00, 0x00, 0x00, 0x08, 0x00, 0x00, 0x00, 0x01, 0x00, 0x00, 0x00, 0x00, 0x00, 0x00, 0x04, 0x4D,
0x00, 0x00, 0x00, 0x08, 0x00, 0x00, 0x00, 0x06, 0x00, 0x00, 0x00, 0x08, 0x00, 0x00, 0x00, 0x08,
0x00, 0x00, 0x00, 0x01, 0x00, 0x00, 0x00, 0x00, 0x00, 0x00, 0x04, 0x4E, 0x00, 0x00, 0x00, 0x08,
0x00, 0x00, 0x00, 0x0A, 0x00, 0x00, 0x00, 0x0B, 0x00, 0x00, 0x00, 0x08, 0x00, 0x00, 0x00, 0x01,
0x00, 0x00, 0x00, 0x00, 0x00, 0x00, 0x04, 0x4F, 0x00, 0x00, 0x00, 0x08, 0x00, 0x00, 0x00, 0x07,
0x00, 0x00, 0x00, 0x08, 0x00, 0x00, 0x00, 0x08, 0x00, 0x00, 0x00, 0x00, 0x00, 0x00, 0x00, 0x00,
0x00, 0x00, 0x04, 0x50, 0x00, 0x00, 0x00, 0x0B, 0x00, 0x00, 0x00, 0x06, 0x00, 0x00, 0x00, 0x08,
0x00, 0x00, 0x00, 0x0B, 0x00, 0x00, 0x00, 0x01, 0x00, 0x00, 0x00, 0x00, 0x00, 0x00, 0x04, 0x51,
0x00, 0x00, 0x00, 0x0A, 0x00, 0x00, 0x00, 0x06, 0x00, 0x00, 0x00, 0x08, 0x00, 0x00, 0x00, 0x0A,
0x00, 0x00, 0x00, 0x01, 0x00, 0x00, 0x00, 0x00, 0x00, 0x00, 0x04, 0x52, 0x00, 0x00, 0x00, 0x0E,
0x00, 0x00, 0x00, 0x07, 0x00, 0x00, 0x00, 0x08, 0x00, 0x00, 0x00, 0x0B, 0x00, 0x00, 0x00, 0x00,
0x00, 0x00, 0x00, 0x00, 0x00, 0x00, 0x04, 0x53, 0x00, 0x00, 0x00, 0x0B, 0x00, 0x00, 0x00, 0x04,
0x00, 0x00, 0x00, 0x05, 0x00, 0x00, 0x00, 0x0B, 0x00, 0x00, 0x00, 0x01, 0x00, 0x00, 0x00, 0x00,
0x00, 0x00, 0x04, 0x54, 0x00, 0x00, 0x00, 0x08, 0x00, 0x00, 0x00, 0x06, 0x00, 0x00, 0x00, 0x08,
0x00, 0x00, 0x00, 0x08, 0x00, 0x00, 0x00, 0x01, 0x00, 0x00, 0x00, 0x00, 0x00, 0x00, 0x04, 0x55,
0x00, 0x00, 0x00, 0x08, 0x00, 0x00, 0x00, 0x06, 0x00, 0x00, 0x00, 0x08, 0x00, 0x00, 0x00, 0x08,
0x00, 0x00, 0x00, 0x01, 0x00, 0x00, 0x00, 0x00, 0x00, 0x00, 0x04, 0x56, 0x00, 0x00, 0x00, 0x0B,
0x00, 0x00, 0x00, 0x01, 0x00, 0x00, 0x00, 0x03, 0x00, 0x00, 0x00, 0x0B, 0x00, 0x00, 0x00, 0x01,
0x00, 0x00, 0x00, 0x00, 0x00, 0x00, 0x04, 0x57, 0x00, 0x00, 0x00, 0x0A, 0x00, 0x00, 0x00, 0x03,
0x00, 0x00, 0x00, 0x03, 0x00, 0x00, 0x00, 0x0A, 0x00, 0x00, 0x00, 0x00, 0x00, 0x00, 0x00, 0x00,
0x00, 0x00, 0x04, 0x58, 0x00, 0x00, 0x00, 0x0E, 0x00, 0x00, 0x00, 0x03, 0x00, 0x00, 0x00, 0x03,
0x00, 0x00, 0x00, 0x0B, 0xFF, 0xFF, 0xFF, 0xFF, 0x00, 0x00, 0x00, 0x00, 0x00, 0x00, 0x04, 0x59,
0x00, 0x00, 0x00, 0x08, 0x00, 0x00, 0x00, 0x0D, 0x00, 0x00, 0x00, 0x0E, 0x00, 0x00, 0x00, 0x08,
0x00, 0x00, 0x00, 0x00, 0x00, 0x00, 0x00, 0x00, 0x00, 0x00, 0x04, 0x5A, 0x00, 0x00, 0x00, 0x08,
0x00, 0x00, 0x00, 0x0A, 0x00, 0x00, 0x00, 0x0C, 0x00, 0x00, 0x00, 0x08, 0x00, 0x00, 0x00, 0x01,
0x00, 0x00, 0x00, 0x00, 0x00, 0x00, 0x04, 0x5B, 0x00, 0x00, 0x00, 0x0B, 0x00, 0x00, 0x00, 0x07,
0x00, 0x00, 0x00, 0x08, 0x00, 0x00, 0x00, 0x0B, 0x00, 0x00, 0x00, 0x00, 0x00, 0x00, 0x00, 0x00,
0x00, 0x00, 0x04, 0x5C, 0x00, 0x00, 0x00, 0x0B, 0x00, 0x00, 0x00, 0x06, 0x00, 0x00, 0x00, 0x07,
0x00, 0x00, 0x00, 0x0B, 0x00, 0x00, 0x00, 0x01, 0x00, 0x00, 0x00, 0x00, 0x00, 0x00, 0x04, 0x5D,
0x00, 0x00, 0x00, 0x0B, 0x00, 0x00, 0x00, 0x06, 0x00, 0x00, 0x00, 0x08, 0x00, 0x00, 0x00, 0x0B,
0x00, 0x00, 0x00, 0x01, 0x00, 0x00, 0x00, 0x00, 0x00, 0x00, 0x04, 0x5E, 0x00, 0x00, 0x00, 0x0E,
0x00, 0x00, 0x00, 0x09, 0x00, 0x00, 0x00, 0x07, 0x00, 0x00, 0x00, 0x0B, 0xFF, 0xFF, 0xFF, 0xFF,
0x00, 0x00, 0x00, 0x00, 0x00, 0x00, 0x04, 0x5F, 0x00, 0x00, 0x00, 0x0B, 0x00, 0x00, 0x00, 0x06,
0x00, 0x00, 0x00, 0x08, 0x00, 0x00, 0x00, 0x08, 0x00, 0x00, 0x00, 0x01, 0x00, 0x00, 0x00, 0x00,
0x00, 0x00, 0x04, 0x60, 0x00, 0x00, 0x00, 0x0B, 0x00, 0x00, 0x00, 0x11, 0x00, 0x00, 0x00, 0x14,
0x00, 0x00, 0x00, 0x0B, 0x00, 0x00, 0x00, 0x01, 0x00, 0x00, 0x00, 0x00, 0x00, 0x00, 0x04, 0x61,
0x00, 0x00, 0x00, 0x08, 0x00, 0x00, 0x00, 0x09, 0x00, 0x00, 0x00, 0x09, 0x00, 0x00, 0x00, 0x08,
0x00, 0x00, 0x00, 0x00, 0x00, 0x00, 0x00, 0x00, 0x00, 0x00, 0x04, 0x62, 0x00, 0x00, 0x00, 0x0B,
0x00, 0x00, 0x00, 0x0B, 0x00, 0x00, 0x00, 0x0C, 0x00, 0x00, 0x00, 0x0B, 0x00, 0x00, 0x00, 0x00,
0x00, 0x00, 0x00, 0x00, 0x00, 0x00, 0x04, 0x63, 0x00, 0x00, 0x00, 0x0B, 0x00, 0x00, 0x00, 0x08,
0x00, 0x00, 0x00, 0x09, 0x00, 0x00, 0x00, 0x0B, 0x00, 0x00, 0x00, 0x00, 0x00, 0x00, 0x00, 0x00,
0x00, 0x00, 0x04, 0x64, 0x00, 0x00, 0x00, 0x0B, 0x00, 0x00, 0x00, 0x0C, 0x00, 0x00, 0x00, 0x0E,
0x00, 0x00, 0x00, 0x0B, 0x00, 0x00, 0x00, 0x01, 0x00, 0x00, 0x00, 0x00, 0x00, 0x00, 0x04, 0x65,
0x00, 0x00, 0x00, 0x08, 0x00, 0x00, 0x00, 0x09, 0x00, 0x00, 0x00, 0x0B, 0x00, 0x00, 0x00, 0x08,
0x00, 0x00, 0x00, 0x01, 0x00, 0x00, 0x00, 0x00, 0x00, 0x00, 0x04, 0x66, 0x00, 0x00, 0x00, 0x0B,
0x00, 0x00, 0x00, 0x0B, 0x00, 0x00, 0x00, 0x0A, 0x00, 0x00, 0x00, 0x0B, 0x00, 0x00, 0x00, 0x00,
0x00, 0x00, 0x00, 0x00, 0x00, 0x00, 0x04, 0x67, 0x00, 0x00, 0x00, 0x08, 0x00, 0x00, 0x00, 0x07,
0x00, 0x00, 0x00, 0x08, 0x00, 0x00, 0x00, 0x08, 0x00, 0x00, 0x00, 0x00, 0x00, 0x00, 0x00, 0x00,
0x00, 0x00, 0x04, 0x68, 0x00, 0x00, 0x00, 0x0B, 0x00, 0x00, 0x00, 0x0C, 0x00, 0x00, 0x00, 0x0D,
0x00, 0x00, 0x00, 0x0B, 0x00, 0x00, 0x00, 0x01, 0x00, 0x00, 0x00, 0x00, 0x00, 0x00, 0x04, 0x69,
0x00, 0x00, 0x00, 0x08, 0x00, 0x00, 0x00, 0x09, 0x00, 0x00, 0x00, 0x0A, 0x00, 0x00, 0x00, 0x08,
0x00, 0x00, 0x00, 0x01, 0x00, 0x00, 0x00, 0x00, 0x00, 0x00, 0x04, 0x6A, 0x00, 0x00, 0x00, 0x0B,
0x00, 0x00, 0x00, 0x0A, 0x00, 0x00, 0x00, 0x0C, 0x00, 0x00, 0x00, 0x0B, 0x00, 0x00, 0x00, 0x01,
0x00, 0x00, 0x00, 0x00, 0x00, 0x00, 0x04, 0x6B, 0x00, 0x00, 0x00, 0x08, 0x00, 0x00, 0x00, 0x07,
0x00, 0x00, 0x00, 0x0A, 0x00, 0x00, 0x00, 0x08, 0x00, 0x00, 0x00, 0x01, 0x00, 0x00, 0x00, 0x00,
0x00, 0x00, 0x04, 0x6C, 0x00, 0x00, 0x00, 0x0B, 0x00, 0x00, 0x00, 0x0E, 0x00, 0x00, 0x00, 0x10,
0x00, 0x00, 0x00, 0x0B, 0x00, 0x00, 0x00, 0x01, 0x00, 0x00, 0x00, 0x00, 0x00, 0x00, 0x04, 0x6D,
0x00, 0x00, 0x00, 0x08, 0x00, 0x00, 0x00, 0x0A, 0x00, 0x00, 0x00, 0x0D, 0x00, 0x00, 0x00, 0x08,
0x00, 0x00, 0x00, 0x02, 0x00, 0x00, 0x00, 0x00, 0x00, 0x00, 0x04, 0x6E, 0x00, 0x00, 0x00, 0x11,
0x00, 0x00, 0x00, 0x08, 0x00, 0x00, 0x00, 0x09, 0x00, 0x00, 0x00, 0x0E, 0x00, 0x00, 0x00, 0x01,
0x00, 0x00, 0x00, 0x00, 0x00, 0x00, 0x04, 0x6F, 0x00, 0x00, 0x00, 0x0E, 0x00, 0x00, 0x00, 0x07,
0x00, 0x00, 0x00, 0x07, 0x00, 0x00, 0x00, 0x0B, 0x00, 0x00, 0x00, 0x01, 0x00, 0x00, 0x00, 0x00,
0x00, 0x00, 0x04, 0x70, 0x00, 0x00, 0x00, 0x0B, 0x00, 0x00, 0x00, 0x0A, 0x00, 0x00, 0x00, 0x0C,
0x00, 0x00, 0x00, 0x0B, 0x00, 0x00, 0x00, 0x01, 0x00, 0x00, 0x00, 0x00, 0x00, 0x00, 0x04, 0x71,
0x00, 0x00, 0x00, 0x0B, 0x00, 0x00, 0x00, 0x08, 0x00, 0x00, 0x00, 0x0A, 0x00, 0x00, 0x00, 0x08,
0x00, 0x00, 0x00, 0x01, 0x00, 0x00, 0x00, 0x00, 0x00, 0x00, 0x04, 0x72, 0x00, 0x00, 0x00, 0x0B,
0x00, 0x00, 0x00, 0x0A, 0x00, 0x00, 0x00, 0x0C, 0x00, 0x00, 0x00, 0x0B, 0x00, 0x00, 0x00, 0x01,
0x00, 0x00, 0x00, 0x00, 0x00, 0x00, 0x04, 0x73, 0x00, 0x00, 0x00, 0x08, 0x00, 0x00, 0x00, 0x06,
0x00, 0x00, 0x00, 0x08, 0x00, 0x00, 0x00, 0x08, 0x00, 0x00, 0x00, 0x01, 0x00, 0x00, 0x00, 0x00,
0x00, 0x00, 0x04, 0x74, 0x00, 0x00, 0x00, 0x0B, 0x00, 0x00, 0x00, 0x0C, 0x00, 0x00, 0x00, 0x0C,
0x00, 0x00, 0x00, 0x0B, 0x00, 0x00, 0x00, 0x00, 0x00, 0x00, 0x00, 0x00, 0x00, 0x00, 0x04, 0x75,
0x00, 0x00, 0x00, 0x08, 0x00, 0x00, 0x00, 0x09, 0x00, 0x00, 0x00, 0x09, 0x00, 0x00, 0x00, 0x08,
0x00, 0x00, 0x00, 0x00, 0x00, 0x00, 0x00, 0x00, 0x00, 0x00, 0x04, 0x76, 0x00, 0x00, 0x00, 0x0E,
0x00, 0x00, 0x00, 0x0C, 0x00, 0x00, 0x00, 0x0C, 0x00, 0x00, 0x00, 0x0E, 0x00, 0x00, 0x00, 0x00,
0x00, 0x00, 0x00, 0x00, 0x00, 0x00, 0x04, 0x77, 0x00, 0x00, 0x00, 0x0B, 0x00, 0x00, 0x00, 0x09,
0x00, 0x00, 0x00, 0x09, 0x00, 0x00, 0x00, 0x0B, 0x00, 0x00, 0x00, 0x00, 0x00, 0x00, 0x00, 0x00,
0x00, 0x00, 0x04, 0x78, 0x00, 0x00, 0x00, 0x0E, 0x00, 0x00, 0x00, 0x0F, 0x00, 0x00, 0x00, 0x10,
0x00, 0x00, 0x00, 0x0B, 0x00, 0x00, 0x00, 0x01, 0x00, 0x00, 0x00, 0x00, 0x00, 0x00, 0x04, 0x79,
0x00, 0x00, 0x00, 0x0B, 0x00, 0x00, 0x00, 0x0C, 0x00, 0x00, 0x00, 0x0D, 0x00, 0x00, 0x00, 0x08,
0x00, 0x00, 0x00, 0x01, 0x00, 0x00, 0x00, 0x00, 0x00, 0x00, 0x04, 0x7A, 0x00, 0x00, 0x00, 0x0D,
0x00, 0x00, 0x00, 0x0C, 0x00, 0x00, 0x00, 0x0D, 0x00, 0x00, 0x00, 0x0C, 0x00, 0x00, 0x00, 0x00,
0x00, 0x00, 0x00, 0x00, 0x00, 0x00, 0x04, 0x7B, 0x00, 0x00, 0x00, 0x0A, 0x00, 0x00, 0x00, 0x08,
0x00, 0x00, 0x00, 0x09, 0x00, 0x00, 0x00, 0x09, 0x00, 0x00, 0x00, 0x00, 0x00, 0x00, 0x00, 0x00,
0x00, 0x00, 0x04, 0x7C, 0x00, 0x00, 0x00, 0x0F, 0x00, 0x00, 0x00, 0x10, 0x00, 0x00, 0x00, 0x12,
0x00, 0x00, 0x00, 0x0F, 0x00, 0x00, 0x00, 0x01, 0x00, 0x00, 0x00, 0x00, 0x00, 0x00, 0x04, 0x7D,
0x00, 0x00, 0x00, 0x0D, 0x00, 0x00, 0x00, 0x0B, 0x00, 0x00, 0x00, 0x0D, 0x00, 0x00, 0x00, 0x0D,
0x00, 0x00, 0x00, 0x01, 0x00, 0x00, 0x00, 0x00, 0x00, 0x00, 0x04, 0x7E, 0x00, 0x00, 0x00, 0x0E,
0x00, 0x00, 0x00, 0x11, 0x00, 0x00, 0x00, 0x14, 0x00, 0x00, 0x00, 0x0E, 0x00, 0x00, 0x00, 0x01,
0x00, 0x00, 0x00, 0x00, 0x00, 0x00, 0x04, 0x7F, 0x00, 0x00, 0x00, 0x0B, 0x00, 0x00, 0x00, 0x09,
0x00, 0x00, 0x00, 0x09, 0x00, 0x00, 0x00, 0x0B, 0x00, 0x00, 0x00, 0x00, 0x00, 0x00, 0x00, 0x00,
0x00, 0x00, 0x04, 0x80, 0x00, 0x00, 0x00, 0x0E, 0x00, 0x00, 0x00, 0x09, 0x00, 0x00, 0x00, 0x0B,
0x00, 0x00, 0x00, 0x0B, 0x00, 0x00, 0x00, 0x01, 0x00, 0x00, 0x00, 0x00, 0x00, 0x00, 0x04, 0x81,
0x00, 0x00, 0x00, 0x0B, 0x00, 0x00, 0x00, 0x06, 0x00, 0x00, 0x00, 0x08, 0x00, 0x00, 0x00, 0x08,
0x00, 0x00, 0x00, 0x01, 0x00, 0x00, 0x00, 0x00, 0x00, 0x00, 0x04, 0x82, 0x00, 0x00, 0x00, 0x0B,
0x00, 0x00, 0x00, 0x08, 0x00, 0x00, 0x00, 0x08, 0x00, 0x00, 0x00, 0x0B, 0x00, 0x00, 0x00, 0x00,
0x00, 0x00, 0x00, 0x00, 0x00, 0x00, 0x04, 0x83, 0x00, 0x00, 0x00, 0x03, 0x00, 0x00, 0x00, 0x05,
0x00, 0x00, 0x00, 0x00, 0x00, 0x00, 0x00, 0x0C, 0xFF, 0xFF, 0xFF, 0xFD, 0x00, 0x00, 0x00, 0x00,
0x00, 0x00, 0x04, 0x84, 0x00, 0x00, 0x00, 0x02, 0x00, 0x00, 0x00, 0x05, 0x00, 0x00, 0x00, 0x00,
0x00, 0x00, 0x00, 0x0B, 0xFF, 0xFF, 0xFF, 0xFE, 0x00, 0x00, 0x00, 0x00, 0x00, 0x00, 0x04, 0x85,
0x00, 0x00, 0x00, 0x03, 0x00, 0x00, 0x00, 0x01, 0x00, 0x00, 0x00, 0x00, 0x00, 0x00, 0x00, 0x0B,
0xFF, 0xFF, 0xFF, 0xFF, 0x00, 0x00, 0x00, 0x00, 0x00, 0x00, 0x04, 0x86, 0x00, 0x00, 0x00, 0x03,
0x00, 0x00, 0x00, 0x01, 0x00, 0x00, 0x00, 0x00, 0x00, 0x00, 0x00, 0x0B, 0xFF, 0xFF, 0xFF, 0xFF,
0x00, 0x00, 0x00, 0x00, 0x00, 0x00, 0x04, 0x87, 0x00, 0x00, 0x00, 0x02, 0x00, 0x00, 0x00, 0x08,
0x00, 0x00, 0x00, 0x00, 0x00, 0x00, 0x00, 0x0C, 0xFF, 0xFF, 0xFF, 0xFC, 0x00, 0x00, 0x00, 0x00,
0x00, 0x00, 0x04, 0x88, 0x00, 0x00, 0x00, 0x0E, 0x00, 0x00, 0x00, 0x12, 0x00, 0x00, 0x00, 0x00,
0x00, 0x00, 0x00, 0x0B, 0xFF, 0xFF, 0xFF, 0xF7, 0x00, 0x00, 0x00, 0x00, 0x00, 0x00, 0x04, 0x89,
0x00, 0x00, 0x00, 0x10, 0x00, 0x00, 0x00, 0x10, 0x00, 0x00, 0x00, 0x00, 0x00, 0x00, 0x00, 0x0D,
0xFF, 0xFF, 0xFF, 0xF8, 0x00, 0x00, 0x00, 0x00, 0x00, 0x00, 0x04, 0x8A, 0x00, 0x00, 0x00, 0x11,
0x00, 0x00, 0x00, 0x0A, 0x00, 0x00, 0x00, 0x0B, 0x00, 0x00, 0x00, 0x0E, 0x00, 0x00, 0x00, 0x01,
0x00, 0x00, 0x00, 0x00, 0x00, 0x00, 0x04, 0x8B, 0x00, 0x00, 0x00, 0x0D, 0x00, 0x00, 0x00, 0x07,
0x00, 0x00, 0x00, 0x08, 0x00, 0x00, 0x00, 0x0B, 0x00, 0x00, 0x00, 0x01, 0x00, 0x00, 0x00, 0x00,
0x00, 0x00, 0x04, 0x8C, 0x00, 0x00, 0x00, 0x0B, 0x00, 0x00, 0x00, 0x09, 0x00, 0x00, 0x00, 0x0A,
0x00, 0x00, 0x00, 0x0B, 0x00, 0x00, 0x00, 0x00, 0x00, 0x00, 0x00, 0x00, 0x00, 0x00, 0x04, 0x8D,
0x00, 0x00, 0x00, 0x0B, 0x00, 0x00, 0x00, 0x07, 0x00, 0x00, 0x00, 0x08, 0x00, 0x00, 0x00, 0x0B,
0x00, 0x00, 0x00, 0x00, 0x00, 0x00, 0x00, 0x00, 0x00, 0x00, 0x04, 0x8E, 0x00, 0x00, 0x00, 0x0B,
0x00, 0x00, 0x00, 0x09, 0x00, 0x00, 0x00, 0x0A, 0x00, 0x00, 0x00, 0x0B, 0x00, 0x00, 0x00, 0x01,
0x00, 0x00, 0x00, 0x00, 0x00, 0x00, 0x04, 0x8F, 0x00, 0x00, 0x00, 0x0B, 0x00, 0x00, 0x00, 0x06,
0x00, 0x00, 0x00, 0x08, 0x00, 0x00, 0x00, 0x08, 0x00, 0x00, 0x00, 0x01, 0x00, 0x00, 0x00, 0x00,
0x00, 0x00, 0x04, 0x90, 0x00, 0x00, 0x00, 0x0E, 0x00, 0x00, 0x00, 0x06, 0x00, 0x00, 0x00, 0x07,
0x00, 0x00, 0x00, 0x0E, 0x00, 0x00, 0x00, 0x01, 0x00, 0x00, 0x00, 0x00, 0x00, 0x00, 0x04, 0x91,
0x00, 0x00, 0x00, 0x0B, 0x00, 0x00, 0x00, 0x05, 0x00, 0x00, 0x00, 0x06, 0x00, 0x00, 0x00, 0x0B,
0x00, 0x00, 0x00, 0x01, 0x00, 0x00, 0x00, 0x00, 0x00, 0x00, 0x04, 0x92, 0x00, 0x00, 0x00, 0x0B,
0x00, 0x00, 0x00, 0x08, 0x00, 0x00, 0x00, 0x08, 0x00, 0x00, 0x00, 0x0B, 0x00, 0x00, 0x00, 0x00,
0x00, 0x00, 0x00, 0x00, 0x00, 0x00, 0x04, 0x93, 0x00, 0x00, 0x00, 0x08, 0x00, 0x00, 0x00, 0x05,
0x00, 0x00, 0x00, 0x05, 0x00, 0x00, 0x00, 0x08, 0x00, 0x00, 0x00, 0x00, 0x00, 0x00, 0x00, 0x00,
0x00, 0x00, 0x04, 0x94, 0x00, 0x00, 0x00, 0x0E, 0x00, 0x00, 0x00, 0x08, 0x00, 0x00, 0x00, 0x0A,
0x00, 0x00, 0x00, 0x0B, 0x00, 0x00, 0x00, 0x01, 0x00, 0x00, 0x00, 0x00, 0x00, 0x00, 0x04, 0x95,
0x00, 0x00, 0x00, 0x0B, 0x00, 0x00, 0x00, 0x06, 0x00, 0x00, 0x00, 0x08, 0x00, 0x00, 0x00, 0x08,
0x00, 0x00, 0x00, 0x01, 0x00, 0x00, 0x00, 0x00, 0x00, 0x00, 0x04, 0x96, 0x00, 0x00, 0x00, 0x0F,
0x00, 0x00, 0x00, 0x0D, 0x00, 0x00, 0x00, 0x0E, 0x00, 0x00, 0x00, 0x0C, 0x00, 0x00, 0x00, 0x00,
0x00, 0x00, 0x00, 0x00, 0x00, 0x00, 0x04, 0x97, 0x00, 0x00, 0x00, 0x0A, 0x00, 0x00, 0x00, 0x0A,
0x00, 0x00, 0x00, 0x0A, 0x00, 0x00, 0x00, 0x08, 0x00, 0x00, 0x00, 0x00, 0x00, 0x00, 0x00, 0x00,
0x00, 0x00, 0x04, 0x98, 0x00, 0x00, 0x00, 0x0E, 0x00, 0x00, 0x00, 0x07, 0x00, 0x00, 0x00, 0x09,
0x00, 0x00, 0x00, 0x0B, 0x00, 0x00, 0x00, 0x01, 0x00, 0x00, 0x00, 0x00, 0x00, 0x00, 0x04, 0x99,
0x00, 0x00, 0x00, 0x0B, 0x00, 0x00, 0x00, 0x05, 0x00, 0x00, 0x00, 0x07, 0x00, 0x00, 0x00, 0x08,
0x00, 0x00, 0x00, 0x01, 0x00, 0x00, 0x00, 0x00, 0x00, 0x00, 0x04, 0x9A, 0x00, 0x00, 0x00, 0x0E,
0x00, 0x00, 0x00, 0x08, 0x00, 0x00, 0x00, 0x09, 0x00, 0x00, 0x00, 0x0B, 0x00, 0x00, 0x00, 0x01,
0x00, 0x00, 0x00, 0x00, 0x00, 0x00, 0x04, 0x9B, 0x00, 0x00, 0x00, 0x0A, 0x00, 0x00, 0x00, 0x06,
0x00, 0x00, 0x00, 0x07, 0x00, 0x00, 0x00, 0x08, 0x00, 0x00, 0x00, 0x01, 0x00, 0x00, 0x00, 0x00,
0x00, 0x00, 0x04, 0x9C, 0x00, 0x00, 0x00, 0x0B, 0x00, 0x00, 0x00, 0x08, 0x00, 0x00, 0x00, 0x09,
0x00, 0x00, 0x00, 0x0B, 0x00, 0x00, 0x00, 0x01, 0x00, 0x00, 0x00, 0x00, 0x00, 0x00, 0x04, 0x9D,
0x00, 0x00, 0x00, 0x08, 0x00, 0x00, 0x00, 0x06, 0x00, 0x00, 0x00, 0x07, 0x00, 0x00, 0x00, 0x08,
0x00, 0x00, 0x00, 0x01, 0x00, 0x00, 0x00, 0x00, 0x00, 0x00, 0x04, 0x9E, 0x00, 0x00, 0x00, 0x0B,
0x00, 0x00, 0x00, 0x09, 0x00, 0x00, 0x00, 0x09, 0x00, 0x00, 0x00, 0x0B, 0x00, 0x00, 0x00, 0x00,
0x00, 0x00, 0x00, 0x00, 0x00, 0x00, 0x04, 0x9F, 0x00, 0x00, 0x00, 0x0B, 0x00, 0x00, 0x00, 0x07,
0x00, 0x00, 0x00, 0x07, 0x00, 0x00, 0x00, 0x0B, 0x00, 0x00, 0x00, 0x00, 0x00, 0x00, 0x00, 0x00,
0x00, 0x00, 0x04, 0xA0, 0x00, 0x00, 0x00, 0x0B, 0x00, 0x00, 0x00, 0x0B, 0x00, 0x00, 0x00, 0x0B,
0x00, 0x00, 0x00, 0x0B, 0x00, 0x00, 0x00, 0x00, 0x00, 0x00, 0x00, 0x00, 0x00, 0x00, 0x04, 0xA1,
0x00, 0x00, 0x00, 0x08, 0x00, 0x00, 0x00, 0x08, 0x00, 0x00, 0x00, 0x08, 0x00, 0x00, 0x00, 0x08,
0x00, 0x00, 0x00, 0x00, 0x00, 0x00, 0x00, 0x00, 0x00, 0x00, 0x04, 0xA2, 0x00, 0x00, 0x00, 0x0E,
0x00, 0x00, 0x00, 0x0A, 0x00, 0x00, 0x00, 0x0B, 0x00, 0x00, 0x00, 0x0B, 0x00, 0x00, 0x00, 0x01,
0x00, 0x00, 0x00, 0x00, 0x00, 0x00, 0x04, 0xA3, 0x00, 0x00, 0x00, 0x0A, 0x00, 0x00, 0x00, 0x07,
0x00, 0x00, 0x00, 0x08, 0x00, 0x00, 0x00, 0x08, 0x00, 0x00, 0x00, 0x01, 0x00, 0x00, 0x00, 0x00,
0x00, 0x00, 0x04, 0xA4, 0x00, 0x00, 0x00, 0x0B, 0x00, 0x00, 0x00, 0x0C, 0x00, 0x00, 0x00, 0x0D,
0x00, 0x00, 0x00, 0x0B, 0x00, 0x00, 0x00, 0x01, 0x00, 0x00, 0x00, 0x00, 0x00, 0x00, 0x04, 0xA5,
0x00, 0x00, 0x00, 0x08, 0x00, 0x00, 0x00, 0x09, 0x00, 0x00, 0x00, 0x0A, 0x00, 0x00, 0x00, 0x08,
0x00, 0x00, 0x00, 0x01, 0x00, 0x00, 0x00, 0x00, 0x00, 0x00, 0x04, 0xA6, 0x00, 0x00, 0x00, 0x0E,
0x00, 0x00, 0x00, 0x0F, 0x00, 0x00, 0x00, 0x11, 0x00, 0x00, 0x00, 0x0B, 0x00, 0x00, 0x00, 0x01,
0x00, 0x00, 0x00, 0x00, 0x00, 0x00, 0x04, 0xA7, 0x00, 0x00, 0x00, 0x0B, 0x00, 0x00, 0x00, 0x0B,
0x00, 0x00, 0x00, 0x0D, 0x00, 0x00, 0x00, 0x08, 0x00, 0x00, 0x00, 0x01, 0x00, 0x00, 0x00, 0x00,
0x00, 0x00, 0x04, 0xA8, 0x00, 0x00, 0x00, 0x0B, 0x00, 0x00, 0x00, 0x0A, 0x00, 0x00, 0x00, 0x0B,
0x00, 0x00, 0x00, 0x0B, 0x00, 0x00, 0x00, 0x00, 0x00, 0x00, 0x00, 0x00, 0x00, 0x00, 0x04, 0xA9,
0x00, 0x00, 0x00, 0x08, 0x00, 0x00, 0x00, 0x08, 0x00, 0x00, 0x00, 0x08, 0x00, 0x00, 0x00, 0x08,
0x00, 0x00, 0x00, 0x00, 0x00, 0x00, 0x00, 0x00, 0x00, 0x00, 0x04, 0xAA, 0x00, 0x00, 0x00, 0x0E,
0x00, 0x00, 0x00, 0x09, 0x00, 0x00, 0x00, 0x0B, 0x00, 0x00, 0x00, 0x0B, 0x00, 0x00, 0x00, 0x01,
0x00, 0x00, 0x00, 0x00, 0x00, 0x00, 0x04, 0xAB, 0x00, 0x00, 0x00, 0x0B, 0x00, 0x00, 0x00, 0x06,
0x00, 0x00, 0x00, 0x08, 0x00, 0x00, 0x00, 0x08, 0x00, 0x00, 0x00, 0x01, 0x00, 0x00, 0x00, 0x00,
0x00, 0x00, 0x04, 0xAC, 0x00, 0x00, 0x00, 0x0E, 0x00, 0x00, 0x00, 0x09, 0x00, 0x00, 0x00, 0x09,
0x00, 0x00, 0x00, 0x0B, 0x00, 0x00, 0x00, 0x00, 0x00, 0x00, 0x00, 0x00, 0x00, 0x00, 0x04, 0xAD,
0x00, 0x00, 0x00, 0x0A, 0x00, 0x00, 0x00, 0x07, 0x00, 0x00, 0x00, 0x07, 0x00, 0x00, 0x00, 0x08,
0x00, 0x00, 0x00, 0x00, 0x00, 0x00, 0x00, 0x00, 0x00, 0x00, 0x04, 0xAE, 0x00, 0x00, 0x00, 0x0B,
0x00, 0x00, 0x00, 0x07, 0x00, 0x00, 0x00, 0x08, 0x00, 0x00, 0x00, 0x0B, 0x00, 0x00, 0x00, 0x01,
0x00, 0x00, 0x00, 0x00, 0x00, 0x00, 0x04, 0xAF, 0x00, 0x00, 0x00, 0x0B, 0x00, 0x00, 0x00, 0x07,
0x00, 0x00, 0x00, 0x08, 0x00, 0x00, 0x00, 0x08, 0x00, 0x00, 0x00, 0x00, 0x00, 0x00, 0x00, 0x00,
0x00, 0x00, 0x04, 0xB0, 0x00, 0x00, 0x00, 0x0B, 0x00, 0x00, 0x00, 0x08, 0x00, 0x00, 0x00, 0x08,
0x00, 0x00, 0x00, 0x0B, 0x00, 0x00, 0x00, 0x00, 0x00, 0x00, 0x00, 0x00, 0x00, 0x00, 0x04, 0xB1,
0x00, 0x00, 0x00, 0x0B, 0x00, 0x00, 0x00, 0x07, 0x00, 0x00, 0x00, 0x08, 0x00, 0x00, 0x00, 0x08,
0x00, 0x00, 0x00, 0x00, 0x00, 0x00, 0x00, 0x00, 0x00, 0x00, 0x04, 0xB2, 0x00, 0x00, 0x00, 0x0E,
0x00, 0x00, 0x00, 0x0A, 0x00, 0x00, 0x00, 0x0A, 0x00, 0x00, 0x00, 0x0B, 0x00, 0x00, 0x00, 0x00,
0x00, 0x00, 0x00, 0x00, 0x00, 0x00, 0x04, 0xB3, 0x00, 0x00, 0x00, 0x0A, 0x00, 0x00, 0x00, 0x07,
0x00, 0x00, 0x00, 0x08, 0x00, 0x00, 0x00, 0x08, 0x00, 0x00, 0x00, 0x01, 0x00, 0x00, 0x00, 0x00,
0x00, 0x00, 0x04, 0xB4, 0x00, 0x00, 0x00, 0x0E, 0x00, 0x00, 0x00, 0x0D, 0x00, 0x00, 0x00, 0x0E,
0x00, 0x00, 0x00, 0x0B, 0x00, 0x00, 0x00, 0x00, 0x00, 0x00, 0x00, 0x00, 0x00, 0x00, 0x04, 0xB5,
0x00, 0x00, 0x00, 0x0A, 0x00, 0x00, 0x00, 0x0A, 0x00, 0x00, 0x00, 0x0A, 0x00, 0x00, 0x00, 0x08,
0x00, 0x00, 0x00, 0x00, 0x00, 0x00, 0x00, 0x00, 0x00, 0x00, 0x04, 0xB6, 0x00, 0x00, 0x00, 0x0E,
0x00, 0x00, 0x00, 0x08, 0x00, 0x00, 0x00, 0x0A, 0x00, 0x00, 0x00, 0x0B, 0x00, 0x00, 0x00, 0x01,
0x00, 0x00, 0x00, 0x00, 0x00, 0x00, 0x04, 0xB7, 0x00, 0x00, 0x00, 0x0A, 0x00, 0x00, 0x00, 0x07,
0x00, 0x00, 0x00, 0x08, 0x00, 0x00, 0x00, 0x08, 0x00, 0x00, 0x00, 0x01, 0x00, 0x00, 0x00, 0x00,
0x00, 0x00, 0x04, 0xB8, 0x00, 0x00, 0x00, 0x0B, 0x00, 0x00, 0x00, 0x07, 0x00, 0x00, 0x00, 0x0A,
0x00, 0x00, 0x00, 0x0B, 0x00, 0x00, 0x00, 0x01, 0x00, 0x00, 0x00, 0x00, 0x00, 0x00, 0x04, 0xB9,
0x00, 0x00, 0x00, 0x08, 0x00, 0x00, 0x00, 0x06, 0x00, 0x00, 0x00, 0x08, 0x00, 0x00, 0x00, 0x08,
0x00, 0x00, 0x00, 0x01, 0x00, 0x00, 0x00, 0x00, 0x00, 0x00, 0x04, 0xBA, 0x00, 0x00, 0x00, 0x0B,
0x00, 0x00, 0x00, 0x08, 0x00, 0x00, 0x00, 0x0A, 0x00, 0x00, 0x00, 0x0B, 0x00, 0x00, 0x00, 0x01,
0x00, 0x00, 0x00, 0x00, 0x00, 0x00, 0x04, 0xBB, 0x00, 0x00, 0x00, 0x0B, 0x00, 0x00, 0x00, 0x06,
0x00, 0x00, 0x00, 0x08, 0x00, 0x00, 0x00, 0x0B, 0x00, 0x00, 0x00, 0x01, 0x00, 0x00, 0x00, 0x00,
0x00, 0x00, 0x04, 0xBC, 0x00, 0x00, 0x00, 0x0B, 0x00, 0x00, 0x00, 0x0C, 0x00, 0x00, 0x00, 0x0D,
0x00, 0x00, 0x00, 0x0B, 0x00, 0x00, 0x00, 0x00, 0x00, 0x00, 0x00, 0x00, 0x00, 0x00, 0x04, 0xBD,
0x00, 0x00, 0x00, 0x08, 0x00, 0x00, 0x00, 0x09, 0x00, 0x00, 0x00, 0x0A, 0x00, 0x00, 0x00, 0x08,
0x00, 0x00, 0x00, 0x00, 0x00, 0x00, 0x00, 0x00, 0x00, 0x00, 0x04, 0xBE, 0x00, 0x00, 0x00, 0x0D,
0x00, 0x00, 0x00, 0x0C, 0x00, 0x00, 0x00, 0x0D, 0x00, 0x00, 0x00, 0x0B, 0x00, 0x00, 0x00, 0x00,
0x00, 0x00, 0x00, 0x00, 0x00, 0x00, 0x04, 0xBF, 0x00, 0x00, 0x00, 0x0A, 0x00, 0x00, 0x00, 0x09,
0x00, 0x00, 0x00, 0x0A, 0x00, 0x00, 0x00, 0x08, 0x00, 0x00, 0x00, 0x00, 0x00, 0x00, 0x00, 0x00,
0x00, 0x00, 0x04, 0xC0, 0x00, 0x00, 0x00, 0x0B, 0x00, 0x00, 0x00, 0x01, 0x00, 0x00, 0x00, 0x03,
0x00, 0x00, 0x00, 0x0B, 0x00, 0x00, 0x00, 0x01, 0x00, 0x00, 0x00, 0x00, 0x00, 0x00, 0x04, 0xC1,
0x00, 0x00, 0x00, 0x0E, 0x00, 0x00, 0x00, 0x0F, 0x00, 0x00, 0x00, 0x0E, 0x00, 0x00, 0x00, 0x0E,
0xFF, 0xFF, 0xFF, 0xFF, 0x00, 0x00, 0x00, 0x00, 0x00, 0x00, 0x04, 0xC2, 0x00, 0x00, 0x00, 0x0B,
0x00, 0x00, 0x00, 0x09, 0x00, 0x00, 0x00, 0x09, 0x00, 0x00, 0x00, 0x0B, 0x00, 0x00, 0x00, 0x00,
0x00, 0x00, 0x00, 0x00, 0x00, 0x00, 0x04, 0xC3, 0x00, 0x00, 0x00, 0x0E, 0x00, 0x00, 0x00, 0x08,
0x00, 0x00, 0x00, 0x0A, 0x00, 0x00, 0x00, 0x0B, 0x00, 0x00, 0x00, 0x01, 0x00, 0x00, 0x00, 0x00,
0x00, 0x00, 0x04, 0xC4, 0x00, 0x00, 0x00, 0x0B, 0x00, 0x00, 0x00, 0x06, 0x00, 0x00, 0x00, 0x08,
0x00, 0x00, 0x00, 0x08, 0x00, 0x00, 0x00, 0x01, 0x00, 0x00, 0x00, 0x00, 0x00, 0x00, 0x04, 0xC5,
0x00, 0x00, 0x00, 0x0E, 0x00, 0x00, 0x00, 0x0A, 0x00, 0x00, 0x00, 0x0A, 0x00, 0x00, 0x00, 0x0B,
0x00, 0x00, 0x00, 0x00, 0x00, 0x00, 0x00, 0x00, 0x00, 0x00, 0x04, 0xC6, 0x00, 0x00, 0x00, 0x0A,
0x00, 0x00, 0x00, 0x09, 0x00, 0x00, 0x00, 0x09, 0x00, 0x00, 0x00, 0x08, 0x00, 0x00, 0x00, 0x00,
0x00, 0x00, 0x00, 0x00, 0x00, 0x00, 0x04, 0xC7, 0x00, 0x00, 0x00, 0x0E, 0x00, 0x00, 0x00, 0x09,
0x00, 0x00, 0x00, 0x0B, 0x00, 0x00, 0x00, 0x0B, 0x00, 0x00, 0x00, 0x01, 0x00, 0x00, 0x00, 0x00,
0x00, 0x00, 0x04, 0xC8, 0x00, 0x00, 0x00, 0x0B, 0x00, 0x00, 0x00, 0x06, 0x00, 0x00, 0x00, 0x08,
0x00, 0x00, 0x00, 0x08, 0x00, 0x00, 0x00, 0x01, 0x00, 0x00, 0x00, 0x00, 0x00, 0x00, 0x04, 0xC9,
0x00, 0x00, 0x00, 0x0E, 0x00, 0x00, 0x00, 0x09, 0x00, 0x00, 0x00, 0x0B, 0x00, 0x00, 0x00, 0x0B,
0x00, 0x00, 0x00, 0x01, 0x00, 0x00, 0x00, 0x00, 0x00, 0x00, 0x04, 0xCA, 0x00, 0x00, 0x00, 0x0A,
0x00, 0x00, 0x00, 0x07, 0x00, 0x00, 0x00, 0x08, 0x00, 0x00, 0x00, 0x08, 0x00, 0x00, 0x00, 0x01,
0x00, 0x00, 0x00, 0x00, 0x00, 0x00, 0x04, 0xCB, 0x00, 0x00, 0x00, 0x0E, 0x00, 0x00, 0x00, 0x08,
0x00, 0x00, 0x00, 0x0A, 0x00, 0x00, 0x00, 0x0B, 0x00, 0x00, 0x00, 0x01, 0x00, 0x00, 0x00, 0x00,
0x00, 0x00, 0x04, 0xCC, 0x00, 0x00, 0x00, 0x0A, 0x00, 0x00, 0x00, 0x06, 0x00, 0x00, 0x00, 0x08,
0x00, 0x00, 0x00, 0x08, 0x00, 0x00, 0x00, 0x01, 0x00, 0x00, 0x00, 0x00, 0x00, 0x00, 0x04, 0xCD,
0x00, 0x00, 0x00, 0x0E, 0x00, 0x00, 0x00, 0x0A, 0x00, 0x00, 0x00, 0x0D, 0x00, 0x00, 0x00, 0x0B,
0x00, 0x00, 0x00, 0x02, 0x00, 0x00, 0x00, 0x00, 0x00, 0x00, 0x04, 0xCE, 0x00, 0x00, 0x00, 0x0A,
0x00, 0x00, 0x00, 0x09, 0x00, 0x00, 0x00, 0x0A, 0x00, 0x00, 0x00, 0x08, 0x00, 0x00, 0x00, 0x01,
0x00, 0x00, 0x00, 0x00, 0x00, 0x00, 0x04, 0xCF, 0x00, 0x00, 0x00, 0x0B, 0x00, 0x00, 0x00, 0x01,
0x00, 0x00, 0x00, 0x03, 0x00, 0x00, 0x00, 0x0B, 0x00, 0x00, 0x00, 0x01, 0x00, 0x00, 0x00, 0x00,
0x00, 0x00, 0x04, 0xD0, 0x00, 0x00, 0x00, 0x0E, 0x00, 0x00, 0x00, 0x0B, 0x00, 0x00, 0x00, 0x09,
0x00, 0x00, 0x00, 0x0E, 0xFF, 0xFF, 0xFF, 0xFF, 0x00, 0x00, 0x00, 0x00, 0x00, 0x00, 0x04, 0xD1,
0x00, 0x00, 0x00, 0x0B, 0x00, 0x00, 0x00, 0x06, 0x00, 0x00, 0x00, 0x08, 0x00, 0x00, 0x00, 0x0B,
0x00, 0x00, 0x00, 0x01, 0x00, 0x00, 0x00, 0x00, 0x00, 0x00, 0x04, 0xD2, 0x00, 0x00, 0x00, 0x0D,
0x00, 0x00, 0x00, 0x0B, 0x00, 0x00, 0x00, 0x09, 0x00, 0x00, 0x00, 0x0D, 0xFF, 0xFF, 0xFF, 0xFF,
0x00, 0x00, 0x00, 0x00, 0x00, 0x00, 0x04, 0xD3, 0x00, 0x00, 0x00, 0x0A, 0x00, 0x00, 0x00, 0x06,
0x00, 0x00, 0x00, 0x08, 0x00, 0x00, 0x00, 0x0A, 0x00, 0x00, 0x00, 0x01, 0x00, 0x00, 0x00, 0x00,
0x00, 0x00, 0x04, 0xD4, 0x00, 0x00, 0x00, 0x0B, 0x00, 0x00, 0x00, 0x0F, 0x00, 0x00, 0x00, 0x0F,
0x00, 0x00, 0x00, 0x0B, 0xFF, 0xFF, 0xFF, 0xFF, 0x00, 0x00, 0x00, 0x00, 0x00, 0x00, 0x04, 0xD5,
0x00, 0x00, 0x00, 0x08, 0x00, 0x00, 0x00, 0x0C, 0x00, 0x00, 0x00, 0x0D, 0x00, 0x00, 0x00, 0x08,
0x00, 0x00, 0x00, 0x01, 0x00, 0x00, 0x00, 0x00, 0x00, 0x00, 0x04, 0xD6, 0x00, 0x00, 0x00, 0x0E,
0x00, 0x00, 0x00, 0x08, 0x00, 0x00, 0x00, 0x0A, 0x00, 0x00, 0x00, 0x0E, 0x00, 0x00, 0x00, 0x01,
0x00, 0x00, 0x00, 0x00, 0x00, 0x00, 0x04, 0xD7, 0x00, 0x00, 0x00, 0x0B, 0x00, 0x00, 0x00, 0x06,
0x00, 0x00, 0x00, 0x08, 0x00, 0x00, 0x00, 0x0B, 0x00, 0x00, 0x00, 0x01, 0x00, 0x00, 0x00, 0x00,
0x00, 0x00, 0x04, 0xD8, 0x00, 0x00, 0x00, 0x0B, 0x00, 0x00, 0x00, 0x09, 0x00, 0x00, 0x00, 0x0B,
0x00, 0x00, 0x00, 0x0B, 0x00, 0x00, 0x00, 0x01, 0x00, 0x00, 0x00, 0x00, 0x00, 0x00, 0x04, 0xD9,
0x00, 0x00, 0x00, 0x08, 0x00, 0x00, 0x00, 0x06, 0x00, 0x00, 0x00, 0x08, 0x00, 0x00, 0x00, 0x08,
0x00, 0x00, 0x00, 0x01, 0x00, 0x00, 0x00, 0x00, 0x00, 0x00, 0x04, 0xDA, 0x00, 0x00, 0x00, 0x0D,
0x00, 0x00, 0x00, 0x09, 0x00, 0x00, 0x00, 0x0B, 0x00, 0x00, 0x00, 0x0D, 0x00, 0x00, 0x00, 0x01,
0x00, 0x00, 0x00, 0x00, 0x00, 0x00, 0x04, 0xDB, 0x00, 0x00, 0x00, 0x0A, 0x00, 0x00, 0x00, 0x06,
0x00, 0x00, 0x00, 0x08, 0x00, 0x00, 0x00, 0x0A, 0x00, 0x00, 0x00, 0x01, 0x00, 0x00, 0x00, 0x00,
0x00, 0x00, 0x04, 0xDC, 0x00, 0x00, 0x00, 0x0D, 0x00, 0x00, 0x00, 0x0F, 0x00, 0x00, 0x00, 0x0E,
0x00, 0x00, 0x00, 0x0D, 0xFF, 0xFF, 0xFF, 0xFF, 0x00, 0x00, 0x00, 0x00, 0x00, 0x00, 0x04, 0xDD,
0x00, 0x00, 0x00, 0x0A, 0x00, 0x00, 0x00, 0x09, 0x00, 0x00, 0x00, 0x09, 0x00, 0x00, 0x00, 0x0A,
0x00, 0x00, 0x00, 0x00, 0x00, 0x00, 0x00, 0x00, 0x00, 0x00, 0x04, 0xDE, 0x00, 0x00, 0x00, 0x0D,
0x00, 0x00, 0x00, 0x07, 0x00, 0x00, 0x00, 0x09, 0x00, 0x00, 0x00, 0x0D, 0x00, 0x00, 0x00, 0x01,
0x00, 0x00, 0x00, 0x00, 0x00, 0x00, 0x04, 0xDF, 0x00, 0x00, 0x00, 0x0A, 0x00, 0x00, 0x00, 0x06,
0x00, 0x00, 0x00, 0x07, 0x00, 0x00, 0x00, 0x0A, 0x00, 0x00, 0x00, 0x00, 0x00, 0x00, 0x00, 0x00,
0x00, 0x00, 0x04, 0xE0, 0x00, 0x00, 0x00, 0x0B, 0x00, 0x00, 0x00, 0x07, 0x00, 0x00, 0x00, 0x09,
0x00, 0x00, 0x00, 0x0B, 0x00, 0x00, 0x00, 0x01, 0x00, 0x00, 0x00, 0x00, 0x00, 0x00, 0x04, 0xE1,
0x00, 0x00, 0x00, 0x0B, 0x00, 0x00, 0x00, 0x06, 0x00, 0x00, 0x00, 0x08, 0x00, 0x00, 0x00, 0x08,
0x00, 0x00, 0x00, 0x01, 0x00, 0x00, 0x00, 0x00, 0x00, 0x00, 0x04, 0xE2, 0x00, 0x00, 0x00, 0x0D,
0x00, 0x00, 0x00, 0x09, 0x00, 0x00, 0x00, 0x0B, 0x00, 0x00, 0x00, 0x0D, 0x00, 0x00, 0x00, 0x01,
0x00, 0x00, 0x00, 0x00, 0x00, 0x00, 0x04, 0xE3, 0x00, 0x00, 0x00, 0x0A, 0x00, 0x00, 0x00, 0x06,
0x00, 0x00, 0x00, 0x08, 0x00, 0x00, 0x00, 0x0A, 0x00, 0x00, 0x00, 0x01, 0x00, 0x00, 0x00, 0x00,
0x00, 0x00, 0x04, 0xE4, 0x00, 0x00, 0x00, 0x0D, 0x00, 0x00, 0x00, 0x09, 0x00, 0x00, 0x00, 0x0B,
0x00, 0x00, 0x00, 0x0D, 0x00, 0x00, 0x00, 0x01, 0x00, 0x00, 0x00, 0x00, 0x00, 0x00, 0x04, 0xE5,
0x00, 0x00, 0x00, 0x0A, 0x00, 0x00, 0x00, 0x06, 0x00, 0x00, 0x00, 0x08, 0x00, 0x00, 0x00, 0x0A,
0x00, 0x00, 0x00, 0x01, 0x00, 0x00, 0x00, 0x00, 0x00, 0x00, 0x04, 0xE6, 0x00, 0x00, 0x00, 0x0D,
0x00, 0x00, 0x00, 0x0A, 0x00, 0x00, 0x00, 0x0C, 0x00, 0x00, 0x00, 0x0D, 0x00, 0x00, 0x00, 0x01,
0x00, 0x00, 0x00, 0x00, 0x00, 0x00, 0x04, 0xE7, 0x00, 0x00, 0x00, 0x0A, 0x00, 0x00, 0x00, 0x06,
0x00, 0x00, 0x00, 0x08, 0x00, 0x00, 0x00, 0x0A, 0x00, 0x00, 0x00, 0x01, 0x00, 0x00, 0x00, 0x00,
0x00, 0x00, 0x04, 0xE8, 0x00, 0x00, 0x00, 0x0B, 0x00, 0x00, 0x00, 0x0A, 0x00, 0x00, 0x00, 0x0C,
0x00, 0x00, 0x00, 0x0B, 0x00, 0x00, 0x00, 0x01, 0x00, 0x00, 0x00, 0x00, 0x00, 0x00, 0x04, 0xE9,
0x00, 0x00, 0x00, 0x08, 0x00, 0x00, 0x00, 0x06, 0x00, 0x00, 0x00, 0x08, 0x00, 0x00, 0x00, 0x08,
0x00, 0x00, 0x00, 0x01, 0x00, 0x00, 0x00, 0x00, 0x00, 0x00, 0x04, 0xEA, 0x00, 0x00, 0x00, 0x0D,
0x00, 0x00, 0x00, 0x0A, 0x00, 0x00, 0x00, 0x0C, 0x00, 0x00, 0x00, 0x0D, 0x00, 0x00, 0x00, 0x01,
0x00, 0x00, 0x00, 0x00, 0x00, 0x00, 0x04, 0xEB, 0x00, 0x00, 0x00, 0x0A, 0x00, 0x00, 0x00, 0x06,
0x00, 0x00, 0x00, 0x08, 0x00, 0x00, 0x00, 0x0A, 0x00, 0x00, 0x00, 0x01, 0x00, 0x00, 0x00, 0x00,
0x00, 0x00, 0x04, 0xEC, 0x00, 0x00, 0x00, 0x0D, 0x00, 0x00, 0x00, 0x09, 0x00, 0x00, 0x00, 0x0B,
0x00, 0x00, 0x00, 0x0D, 0x00, 0x00, 0x00, 0x01, 0x00, 0x00, 0x00, 0x00, 0x00, 0x00, 0x04, 0xED,
0x00, 0x00, 0x00, 0x0A, 0x00, 0x00, 0x00, 0x06, 0x00, 0x00, 0x00, 0x08, 0x00, 0x00, 0x00, 0x0A,
0x00, 0x00, 0x00, 0x01, 0x00, 0x00, 0x00, 0x00, 0x00, 0x00, 0x04, 0xEE, 0x00, 0x00, 0x00, 0x0D,
0x00, 0x00, 0x00, 0x0B, 0x00, 0x00, 0x00, 0x0A, 0x00, 0x00, 0x00, 0x0D, 0x00, 0x00, 0x00, 0x00,
0x00, 0x00, 0x00, 0x00, 0x00, 0x00, 0x04, 0xEF, 0x00, 0x00, 0x00, 0x0D, 0x00, 0x00, 0x00, 0x09,
0x00, 0x00, 0x00, 0x07, 0x00, 0x00, 0x00, 0x0A, 0xFF, 0xFF, 0xFF, 0xFF, 0x00, 0x00, 0x00, 0x00,
0x00, 0x00, 0x04, 0xF0, 0x00, 0x00, 0x00, 0x0D, 0x00, 0x00, 0x00, 0x0B, 0x00, 0x00, 0x00, 0x0A,
0x00, 0x00, 0x00, 0x0D, 0x00, 0x00, 0x00, 0x00, 0x00, 0x00, 0x00, 0x00, 0x00, 0x00, 0x04, 0xF1,
0x00, 0x00, 0x00, 0x0D, 0x00, 0x00, 0x00, 0x09, 0x00, 0x00, 0x00, 0x07, 0x00, 0x00, 0x00, 0x0A,
0xFF, 0xFF, 0xFF, 0xFF, 0x00, 0x00, 0x00, 0x00, 0x00, 0x00, 0x04, 0xF2, 0x00, 0x00, 0x00, 0x0E,
0x00, 0x00, 0x00, 0x0B, 0x00, 0x00, 0x00, 0x0A, 0x00, 0x00, 0x00, 0x0E, 0x00, 0x00, 0x00, 0x00,
0x00, 0x00, 0x00, 0x00, 0x00, 0x00, 0x04, 0xF3, 0x00, 0x00, 0x00, 0x0E, 0x00, 0x00, 0x00, 0x09,
0x00, 0x00, 0x00, 0x07, 0x00, 0x00, 0x00, 0x0B, 0xFF, 0xFF, 0xFF, 0xFF, 0x00, 0x00, 0x00, 0x00,
0x00, 0x00, 0x04, 0xF4, 0x00, 0x00, 0x00, 0x0D, 0x00, 0x00, 0x00, 0x07, 0x00, 0x00, 0x00, 0x09,
0x00, 0x00, 0x00, 0x0D, 0x00, 0x00, 0x00, 0x01, 0x00, 0x00, 0x00, 0x00, 0x00, 0x00, 0x04, 0xF5,
0x00, 0x00, 0x00, 0x0A, 0x00, 0x00, 0x00, 0x06, 0x00, 0x00, 0x00, 0x08, 0x00, 0x00, 0x00, 0x0A,
0x00, 0x00, 0x00, 0x01, 0x00, 0x00, 0x00, 0x00, 0x00, 0x00, 0x04, 0xF6, 0x00, 0x00, 0x00, 0x0E,
0x00, 0x00, 0x00, 0x07, 0x00, 0x00, 0x00, 0x08, 0x00, 0x00, 0x00, 0x0B, 0x00, 0x00, 0x00, 0x01,
0x00, 0x00, 0x00, 0x00, 0x00, 0x00, 0x04, 0xF7, 0x00, 0x00, 0x00, 0x0A, 0x00, 0x00, 0x00, 0x04,
0x00, 0x00, 0x00, 0x05, 0x00, 0x00, 0x00, 0x08, 0x00, 0x00, 0x00, 0x01, 0x00, 0x00, 0x00, 0x00,
0x00, 0x00, 0x04, 0xF8, 0x00, 0x00, 0x00, 0x0D, 0x00, 0x00, 0x00, 0x0B, 0x00, 0x00, 0x00, 0x0D,
0x00, 0x00, 0x00, 0x0D, 0x00, 0x00, 0x00, 0x01, 0x00, 0x00, 0x00, 0x00, 0x00, 0x00, 0x04, 0xF9,
0x00, 0x00, 0x00, 0x0A, 0x00, 0x00, 0x00, 0x09, 0x00, 0x00, 0x00, 0x0B, 0x00, 0x00, 0x00, 0x0A,
0x00, 0x00, 0x00, 0x01, 0x00, 0x00, 0x00, 0x00, 0x00, 0x00, 0x04, 0xFA, 0x00, 0x00, 0x00, 0x0E,
0x00, 0x00, 0x00, 0x08, 0x00, 0x00, 0x00, 0x08, 0x00, 0x00, 0x00, 0x0B, 0x00, 0x00, 0x00, 0x00,
0x00, 0x00, 0x00, 0x00, 0x00, 0x00, 0x04, 0xFB, 0x00, 0x00, 0x00, 0x0B, 0x00, 0x00, 0x00, 0x05,
0x00, 0x00, 0x00, 0x05, 0x00, 0x00, 0x00, 0x08, 0x00, 0x00, 0x00, 0x00, 0x00, 0x00, 0x00, 0x00,
0x00, 0x00, 0x04, 0xFC, 0x00, 0x00, 0x00, 0x0E, 0x00, 0x00, 0x00, 0x0A, 0x00, 0x00, 0x00, 0x0A,
0x00, 0x00, 0x00, 0x0B, 0x00, 0x00, 0x00, 0x00, 0x00, 0x00, 0x00, 0x00, 0x00, 0x00, 0x04, 0xFD,
0x00, 0x00, 0x00, 0x0B, 0x00, 0x00, 0x00, 0x08, 0x00, 0x00, 0x00, 0x08, 0x00, 0x00, 0x00, 0x08,
0x00, 0x00, 0x00, 0x00, 0x00, 0x00, 0x00, 0x00, 0x00, 0x00, 0x04, 0xFE, 0x00, 0x00, 0x00, 0x0B,
0x00, 0x00, 0x00, 0x0A, 0x00, 0x00, 0x00, 0x0A, 0x00, 0x00, 0x00, 0x0B, 0x00, 0x00, 0x00, 0x00,
0x00, 0x00, 0x00, 0x00, 0x00, 0x00, 0x04, 0xFF, 0x00, 0x00, 0x00, 0x08, 0x00, 0x00, 0x00, 0x08,
0x00, 0x00, 0x00, 0x08, 0x00, 0x00, 0x00, 0x08, 0x00, 0x00, 0x00, 0x00, 0x00, 0x00, 0x00, 0x00,
0xFF, 0xFF, 0xFF, 0xFF, 0xFF, 0xFF, 0xFF, 0xFF, 0xFF, 0x00, 0xFF, 0xFF, 0x00, 0xFF, 0xFF, 0x00,
0xFF, 0xDB, 0x00, 0xDB, 0xA3, 0x00, 0xA3, 0x00, 0x00, 0x17, 0xE4, 0x00, 0x13, 0xE7, 0x00, 0x00,
0x00, 0x46, 0xB5, 0x00, 0x42, 0xB9, 0x00, 0x00, 0x00, 0x75, 0x87, 0x00, 0x71, 0x8B, 0x00, 0xFF,
0xFF, 0xFF, 0xFF, 0xFF, 0xFF, 0xFF, 0xFF, 0x00, 0x00, 0xD3, 0x28, 0x00, 0xCF, 0x2C, 0x00, 0x00,
0x05, 0xF2, 0x03, 0x03, 0xF2, 0x05, 0x00, 0x00, 0x2D, 0xCE, 0x00, 0x29, 0xD2, 0x00, 0x00, 0xFF,
0xFF, 0xFF, 0xFF, 0xFF, 0xFF, 0xFF, 0xFF, 0x00, 0x8C, 0x70, 0x00, 0x88, 0x74, 0x00, 0x00, 0x00,
0xBA, 0x41, 0x00, 0xB6, 0x45, 0x00, 0x00, 0x00, 0xE8, 0x13, 0x00, 0xE5, 0x17, 0x00, 0x00, 0x00,
0x00, 0x00, 0xFF, 0x00, 0x00, 0x00, 0x00, 0x51, 0xFA, 0xFF, 0xE1, 0x7B, 0x01, 0x51, 0xF5, 0x51,
0xFF, 0x2A, 0xCA, 0x71, 0xFA, 0x50, 0x00, 0xFF, 0x00, 0x29, 0xDA, 0xE2, 0x28, 0x00, 0xFF, 0x00,
0x00, 0x00, 0x23, 0xDC, 0x7C, 0xFF, 0x1F, 0x00, 0x00, 0x00, 0x25, 0xBA, 0xFF, 0xF6, 0x6E, 0x00,
0x00, 0x00, 0x00, 0xFF, 0x3A, 0xF1, 0x6D, 0x00, 0x00, 0x00, 0xFF, 0x00, 0x3A, 0xFF, 0xE7, 0x27,
0x00, 0xFF, 0x00, 0x51, 0xFA, 0x68, 0xC2, 0x24, 0xFF, 0x50, 0xF3, 0x4D, 0x00, 0x5F, 0xDF, 0xFF,
0xF1, 0x48, 0x00, 0x00, 0x00, 0x00, 0xFF, 0x00, 0x00, 0x00, 0x51, 0xFA, 0xFA, 0x50, 0x00, 0x00,
0x00, 0x37, 0xC4, 0x00, 0x00, 0xFA, 0x50, 0x52, 0xFA, 0x00, 0x00, 0x00, 0xC2, 0x39, 0x00, 0x00,
0xFF, 0x00, 0x00, 0xFF, 0x00, 0x00, 0x51, 0xAB, 0x00, 0x00, 0x00, 0xFF, 0x00, 0x00, 0xFF, 0x00,
0x04, 0xD3, 0x24, 0x00, 0x00, 0x00, 0xFA, 0x51, 0x50, 0xFA, 0x00, 0x6B, 0x92, 0x00, 0x00, 0x00,
0x00, 0x52, 0xFA, 0xFA, 0x51, 0x0D, 0xDB, 0x14, 0x51, 0xFA, 0xFA, 0x50, 0x00, 0x00, 0x00, 0x00,
0x85, 0x78, 0x00, 0xFA, 0x50, 0x52, 0xFA, 0x00, 0x00, 0x00, 0x1B, 0xD9, 0x09, 0x00, 0xFF, 0x00,
0x00, 0xFF, 0x00, 0x00, 0x00, 0x9F, 0x5F, 0x00, 0x00, 0xFF, 0x00, 0x00, 0xFF, 0x00, 0x00, 0x2E,
0xCE, 0x02, 0x00, 0x00, 0xFA, 0x51, 0x50, 0xFA, 0x00, 0x00, 0xB9, 0x46, 0x00, 0x00, 0x00, 0x52,
0xFA, 0xFA, 0x51, 0x00, 0x1E, 0xBA, 0xF3, 0xC3, 0x22, 0x00, 0x00, 0x00, 0x00, 0xBE, 0x72, 0x0B,
0x72, 0xBE, 0x00, 0x00, 0x00, 0x00, 0xF1, 0x0B, 0x00, 0x0A, 0xF4, 0x00, 0x00, 0x00, 0x00, 0xB3,
0x54, 0x00, 0x3D, 0xB9, 0x00, 0x00, 0x00, 0x00, 0x20, 0xD6, 0x6C, 0xA5, 0x1C, 0x00, 0x00, 0x00,
0x09, 0xB0, 0xDE, 0xDB, 0x07, 0x00, 0x00, 0x00, 0x00, 0x97, 0x8C, 0x04, 0x75, 0x84, 0x00, 0x0D,
0x7F, 0x00, 0xEE, 0x15, 0x00, 0x00, 0xA7, 0x63, 0x7E, 0xA2, 0x00, 0xE6, 0x16, 0x00, 0x00, 0x0A,
0xE1, 0xFB, 0x20, 0x00, 0x7E, 0x98, 0x15, 0x14, 0x75, 0xEB, 0x8E, 0xC8, 0x2E, 0x02, 0x81, 0xE6,
0xF8, 0xC7, 0x35, 0x01, 0x94, 0x8B, 0xFF, 0xFF, 0xDE, 0xA7, 0x00, 0x40, 0xBD, 0x00, 0xC0, 0x3C,
0x28, 0xD4, 0x00, 0x7E, 0x84, 0x00, 0xBB, 0x3F, 0x00, 0xE5, 0x18, 0x00, 0xF8, 0x06, 0x00, 0xF6,
0x09, 0x00, 0xE3, 0x1C, 0x00, 0xB9, 0x48, 0x00, 0x7D, 0x84, 0x00, 0x29, 0xDA, 0x00, 0x00, 0xC3,
0x40, 0x00, 0x43, 0xBF, 0xBE, 0x40, 0x00, 0x3E, 0xC0, 0x00, 0x00, 0xD4, 0x27, 0x00, 0x86, 0x7E,
0x00, 0x41, 0xBA, 0x00, 0x19, 0xE5, 0x00, 0x07, 0xF7, 0x00, 0x09, 0xF5, 0x00, 0x1C, 0xE2, 0x00,
0x49, 0xB6, 0x00, 0x84, 0x79, 0x00, 0xDA, 0x25, 0x41, 0xC0, 0x00, 0xC0, 0x41, 0x00, 0x00, 0x00,
0xEF, 0x00, 0x00, 0xB9, 0x93, 0xDB, 0x8D, 0xB8, 0x22, 0x8A, 0xFF, 0x87, 0x22, 0x08, 0xD3, 0x95,
0xD4, 0x09, 0x22, 0xAF, 0x02, 0xAE, 0x24, 0x00, 0x00, 0x00, 0xFF, 0x00, 0x00, 0x00, 0x00, 0x00,
0x00, 0xFF, 0x00, 0x00, 0x00, 0x00, 0x00, 0x00, 0xFF, 0x00, 0x00, 0x00, 0xFF, 0xFF, 0xFF, 0xFF,
0xFF, 0xFF, 0xFF, 0x00, 0x00, 0x00, 0xFF, 0x00, 0x00, 0x00, 0x00, 0x00, 0x00, 0xFF, 0x00, 0x00,
0x00, 0x00, 0x00, 0x00, 0xFF, 0x00, 0x00, 0x00, 0xFF, 0x80, 0x97, 0x67, 0xFF, 0xFF, 0xFF, 0xFF,
0xFF, 0x00, 0x00, 0x22, 0xD8, 0x00, 0x00, 0x69, 0x93, 0x00, 0x00, 0xAF, 0x4D, 0x00, 0x03, 0xEB,
0x0C, 0x00, 0x3B, 0xC1, 0x00, 0x00, 0x80, 0x7B, 0x00, 0x00, 0xC6, 0x36, 0x00, 0x0F, 0xE9, 0x02,
0x00, 0x52, 0xAA, 0x00, 0x00, 0x98, 0x64, 0x00, 0x00, 0xDD, 0x1E, 0x00, 0x00, 0x09, 0xA6, 0xF1,
0xEE, 0xA0, 0x17, 0x00, 0x72, 0x85, 0x08, 0x0D, 0x83, 0xBC, 0x00, 0xB8, 0x36, 0x00, 0x00, 0x1F,
0xFD, 0x02, 0xE1, 0x14, 0x00, 0x00, 0x0B, 0xFF, 0x04, 0xF5, 0x05, 0x00, 0x00, 0x03, 0xFF, 0x01,
0xFD, 0x00, 0x00, 0x00, 0x01, 0xFF, 0x00, 0xF6, 0x02, 0x00, 0x00, 0x03, 0xFC, 0x00, 0xE0, 0x0A,
0x00, 0x00, 0x0B, 0xF6, 0x00, 0xB5, 0x1C, 0x00, 0x00, 0x1D, 0xEB, 0x00, 0x6F, 0x78, 0x0A, 0x0A,
0x78, 0xC6, 0x00, 0x11, 0xAF, 0xF0, 0xF3, 0xC0, 0x34, 0x00, 0x00, 0x06, 0xDE, 0x02, 0x9B, 0xFF,
0xA3, 0x57, 0xFF, 0x65, 0x00, 0xFF, 0x00, 0x00, 0xFF, 0x00, 0x00, 0xFF, 0x00, 0x00, 0xFF, 0x00,
0x00, 0xFF, 0x00, 0x00, 0xFF, 0x00, 0x00, 0xFF, 0x00, 0x00, 0xFF, 0x09, 0x95, 0xE8, 0xEB, 0x98,
0x0A, 0x8D, 0x71, 0x0A, 0x0A, 0x7A, 0x90, 0xE3, 0x0C, 0x00, 0x00, 0x10, 0xE6, 0x00, 0x00, 0x00,
0x00, 0x0B, 0xED, 0x00, 0x00, 0x00, 0x00, 0x3A, 0xB5, 0x00, 0x00, 0x00, 0x00, 0x9F, 0x37, 0x00,
0x00, 0x00, 0x45, 0x7F, 0x00, 0x00, 0x00, 0x1A, 0xA8, 0x03, 0x00, 0x00, 0x2E, 0xAB, 0x10, 0x00,
0x00, 0x49, 0xCD, 0x12, 0x00, 0x00, 0x00, 0xE1, 0xFF, 0xFF, 0xFF, 0xFF, 0xFF, 0x02, 0x82, 0xE6,
0xEF, 0x95, 0x09, 0x72, 0x8D, 0x0C, 0x0F, 0x83, 0x93, 0xDA, 0x1C, 0x00, 0x00, 0x0E, 0xED, 0x00,
0x00, 0x00, 0x00, 0x12, 0xED, 0x00, 0x00, 0x00, 0x0F, 0x8C, 0x7F, 0x00, 0x00, 0xAE, 0xED, 0xE0,
0x28, 0x00, 0x00, 0x00, 0x02, 0x8F, 0xCC, 0x00, 0x00, 0x00, 0x00, 0x10, 0xF8, 0xE2, 0x1E, 0x00,
0x00, 0x14, 0xE1, 0x85, 0x8D, 0x0D, 0x0C, 0x86, 0x7E, 0x07, 0x92, 0xEC, 0xE4, 0x82, 0x04, 0x00,
0x00, 0x00, 0x00, 0x5B, 0xFF, 0x00, 0x00, 0x00, 0x00, 0x20, 0xC3, 0xFF, 0x00, 0x00, 0x00, 0x03,
0xBE, 0x2D, 0xFF, 0x00, 0x00, 0x00, 0x80, 0x72, 0x00, 0xFF, 0x00, 0x00, 0x3A, 0xBA, 0x01, 0x00,
0xFF, 0x00, 0x0E, 0xCE, 0x1D, 0x00, 0x00, 0xFF, 0x00, 0xA5, 0x59, 0x00, 0x00, 0x00, 0xFF, 0x00,
0xFF, 0xFF, 0xFF, 0xFF, 0xFF, 0xFF, 0xFF, 0x00, 0x00, 0x00, 0x00, 0x00, 0xFF, 0x00, 0x00, 0x00,
0x00, 0x00, 0x00, 0xFF, 0x00, 0x00, 0x00, 0x00, 0x00, 0x00, 0xFF, 0x00, 0x15, 0xFF, 0xFF, 0xFF,
0xFF, 0xFF, 0x40, 0xBD, 0x00, 0x00, 0x00, 0x00, 0x6B, 0x92, 0x00, 0x00, 0x00, 0x00, 0x96, 0x66,
0x00, 0x00, 0x00, 0x00, 0xC0, 0xB9, 0xEA, 0xE7, 0x85, 0x04, 0xEB, 0x67, 0x07, 0x0C, 0x71, 0x7A,
0x00, 0x00, 0x00, 0x00, 0x10, 0xDD, 0x00, 0x00, 0x00, 0x00, 0x03, 0xF5, 0xE3, 0x19, 0x00, 0x00,
0x15, 0xD0, 0x89, 0x86, 0x0D, 0x0B, 0x79, 0x63, 0x09, 0x97, 0xEC, 0xEA, 0x7E, 0x00, 0x03, 0x88,
0xE1, 0xF2, 0xA7, 0x0D, 0x51, 0x76, 0x1D, 0x0E, 0x64, 0x8E, 0xA1, 0x21, 0x00, 0x00, 0x0B, 0xE3,
0xD4, 0x0E, 0x00, 0x00, 0x00, 0x00, 0xF1, 0x42, 0xD6, 0xEE, 0x93, 0x05, 0xFC, 0xB0, 0x20, 0x0B,
0x85, 0x7D, 0xF8, 0x2A, 0x00, 0x00, 0x18, 0xDD, 0xE1, 0x02, 0x00, 0x00, 0x05, 0xF8, 0xAE, 0x05,
0x00, 0x00, 0x1C, 0xE3, 0x45, 0x75, 0x0E, 0x12, 0x92, 0xAF, 0x00, 0x65, 0xE4, 0xF3, 0xA9, 0x16,
0xFF, 0xFF, 0xFF, 0xFF, 0xFF, 0xFD, 0x00, 0x00, 0x00, 0x00, 0x48, 0x9A, 0x00, 0x00, 0x00, 0x01,
0xCE, 0x1A, 0x00, 0x00, 0x00, 0x49, 0xA6, 0x00, 0x00, 0x00, 0x00, 0xAE, 0x48, 0x00, 0x00, 0x00,
0x0E, 0xE7, 0x05, 0x00, 0x00, 0x00, 0x4F, 0xB0, 0x00, 0x00, 0x00, 0x00, 0x8D, 0x74, 0x00, 0x00,
0x00, 0x00, 0xBC, 0x44, 0x00, 0x00, 0x00, 0x00, 0xE2, 0x1F, 0x00, 0x00, 0x00, 0x00, 0xF7, 0x0A,
0x00, 0x00, 0x09, 0x93, 0xE9, 0xE7, 0x8E, 0x07, 0x90, 0x7A, 0x0B, 0x0B, 0x7F, 0x8A, 0xE8, 0x0D,
0x00, 0x00, 0x10, 0xE5, 0xF3, 0x0E, 0x00, 0x00, 0x0D, 0xF4, 0xA7, 0x78, 0x0A, 0x09, 0x78, 0xA7,
0x21, 0xF1, 0xFF, 0xFF, 0xF3, 0x20, 0xB1, 0x77, 0x09, 0x0C, 0x7E, 0xA9, 0xF4, 0x0D, 0x00, 0x00,
0x0F, 0xF2, 0xE6, 0x00, 0x00, 0x00, 0x0D, 0xE8, 0x92, 0x6D, 0x12, 0x09, 0x78, 0x92, 0x0A, 0x95,
0xE9, 0xE9, 0x95, 0x0A, 0x04, 0x8A, 0xEA, 0xE6, 0x8F, 0x0B, 0x78, 0x8B, 0x0E, 0x12, 0x92, 0xAC,
0xD9, 0x1C, 0x00, 0x00, 0x1B, 0xEE, 0xF7, 0x04, 0x00, 0x00, 0x06, 0xF9, 0xDD, 0x17, 0x00, 0x00,
0x2C, 0xFD, 0x82, 0x89, 0x0C, 0x1B, 0xAA, 0xFE, 0x07, 0x96, 0xEE, 0xD8, 0x44, 0xFF, 0x00, 0x00,
0x00, 0x00, 0x2C, 0xFE, 0xE4, 0x1B, 0x00, 0x00, 0x4E, 0xF7, 0x93, 0x89, 0x09, 0x08, 0x92, 0xAD,
0x10, 0xAC, 0xF3, 0xDB, 0x7D, 0x09, 0xFF, 0x00, 0x00, 0x00, 0x00, 0x00, 0x00, 0xFF, 0xFF, 0x00,
0x00, 0x00, 0x00, 0x00, 0x00, 0xFF, 0x80, 0x97, 0x67, 0x00, 0x00, 0x00, 0x00, 0x06, 0x5B, 0xC8,
0x00, 0x00, 0x18, 0x7F, 0xDE, 0xA0, 0x35, 0x36, 0xA4, 0xD7, 0x76, 0x13, 0x00, 0x00, 0xFF, 0x95,
0x04, 0x00, 0x00, 0x00, 0x00, 0x37, 0xA5, 0xD7, 0x74, 0x12, 0x00, 0x00, 0x00, 0x00, 0x18, 0x80,
0xDF, 0x9F, 0x35, 0x00, 0x00, 0x00, 0x00, 0x06, 0x5C, 0xC9, 0xFF, 0xFF, 0xFF, 0xFF, 0xFF, 0xFF,
0xFF, 0x00, 0x00, 0x00, 0x00, 0x00, 0x00, 0x00, 0x00, 0x00, 0x00, 0x00, 0x00, 0x00, 0x00, 0x00,
0x00, 0x00, 0x00, 0x00, 0x00, 0x00, 0xFF, 0xFF, 0xFF, 0xFF, 0xFF, 0xFF, 0xFF, 0xC9, 0x5B, 0x05,
0x00, 0x00, 0x00, 0x00, 0x35, 0xA0, 0xDE, 0x7F, 0x18, 0x00, 0x00, 0x00, 0x00, 0x13, 0x76, 0xD7,
0xA4, 0x36, 0x00, 0x00, 0x00, 0x00, 0x04, 0x95, 0xFF, 0x00, 0x00, 0x12, 0x74, 0xD7, 0xA5, 0x36,
0x35, 0x9F, 0xDF, 0x80, 0x18, 0x00, 0x00, 0xC9, 0x5C, 0x06, 0x00, 0x00, 0x00, 0x00, 0x07, 0x93,
0xE9, 0xE9, 0x95, 0x0A, 0x86, 0x63, 0x07, 0x0A, 0x7F, 0x94, 0xE1, 0x15, 0x00, 0x00, 0x0E, 0xEA,
0x00, 0x00, 0x00, 0x00, 0x2D, 0xE9, 0x00, 0x00, 0x00, 0x13, 0xD1, 0x6C, 0x00, 0x00, 0x0C, 0xAF,
0x47, 0x00, 0x00, 0x00, 0x89, 0x55, 0x00, 0x00, 0x00, 0x00, 0xE4, 0x22, 0x00, 0x00, 0x00, 0x00,
0xFD, 0x05, 0x00, 0x00, 0x00, 0x00, 0x00, 0x00, 0x00, 0x00, 0x00, 0x00, 0xFF, 0x00, 0x00, 0x00,
0x00, 0x00, 0x00, 0x11, 0x79, 0xC5, 0xEE, 0xFA, 0xE5, 0xBB, 0x63, 0x06, 0x00, 0x00, 0x00, 0x00,
0x3A, 0xE8, 0xAD, 0x4C, 0x1D, 0x07, 0x1D, 0x5C, 0xC7, 0xD0, 0x24, 0x00, 0x00, 0x3B, 0xE7, 0x4A,
0x00, 0x00, 0x00, 0x00, 0x00, 0x00, 0x01, 0x80, 0xD7, 0x0D, 0x07, 0xD7, 0x4B, 0x00, 0x00, 0x5D,
0xCD, 0xF6, 0xD4, 0x53, 0xD6, 0x00, 0xAE, 0x7C, 0x63, 0xAE, 0x00, 0x00, 0x95, 0xC7, 0x3D, 0x0C,
0x30, 0xC6, 0xB8, 0x00, 0x3A, 0xD4, 0xB9, 0x4A, 0x00, 0x53, 0xDC, 0x0A, 0x00, 0x00, 0x00, 0x26,
0x9B, 0x00, 0x0C, 0xF6, 0xE6, 0x1A, 0x00, 0xC5, 0x4F, 0x00, 0x00, 0x00, 0x00, 0x0B, 0x72, 0x00,
0x13, 0xEF, 0xF9, 0x07, 0x00, 0xF5, 0x0B, 0x00, 0x00, 0x00, 0x00, 0x4E, 0x4A, 0x00, 0x4F, 0xBB,
0xE4, 0x22, 0x00, 0xE0, 0x24, 0x00, 0x00, 0x00, 0x11, 0xD8, 0x22, 0x00, 0xBE, 0x55, 0xAE, 0x5E,
0x00, 0x73, 0xC3, 0x28, 0x11, 0x54, 0xD7, 0xFE, 0x18, 0x5F, 0xB2, 0x00, 0x4E, 0xC6, 0x00, 0x01,
0x78, 0xE2, 0xF6, 0xB8, 0x27, 0xB2, 0xF3, 0x9A, 0x0A, 0x00, 0x00, 0xAE, 0x78, 0x00, 0x00, 0x00,
0x00, 0x00, 0x00, 0x00, 0x00, 0x00, 0x74, 0x9F, 0x00, 0x08, 0xA0, 0xB9, 0x5F, 0x2C, 0x10, 0x03,
0x0D, 0x23, 0x58, 0xB8, 0x8E, 0x03, 0x00, 0x00, 0x00, 0x34, 0x95, 0xD0, 0xF0, 0xFC, 0xF0, 0xCF,
0x90, 0x2B, 0x00, 0x00, 0x00, 0x00, 0x00, 0x00, 0x57, 0xFF, 0x55, 0x00, 0x00, 0x00, 0x00, 0x00,
0x00, 0x00, 0x00, 0xB3, 0xA7, 0xB2, 0x00, 0x00, 0x00, 0x00, 0x00, 0x00, 0x00, 0x14, 0xEC, 0x10,
0xEB, 0x14, 0x00, 0x00, 0x00, 0x00, 0x00, 0x00, 0x6C, 0x9F, 0x00, 0x9F, 0x6B, 0x00, 0x00, 0x00,
0x00, 0x00, 0x00, 0xC8, 0x3D, 0x00, 0x3F, 0xC7, 0x00, 0x00, 0x00, 0x00, 0x00, 0x24, 0xD9, 0x00,
0x00, 0x00, 0xDA, 0x24, 0x00, 0x00, 0x00, 0x00, 0x81, 0x79, 0x00, 0x00, 0x00, 0x79, 0x80, 0x00,
0x00, 0x00, 0x00, 0xDC, 0xFF, 0xFF, 0xFF, 0xFF, 0xFF, 0xDB, 0x00, 0x00, 0x00, 0x39, 0xD3, 0x00,
0x00, 0x00, 0x00, 0x00, 0xD4, 0x38, 0x00, 0x00, 0x96, 0x65, 0x00, 0x00, 0x00, 0x00, 0x00, 0x68,
0x95, 0x00, 0x05, 0xD9, 0x09, 0x00, 0x00, 0x00, 0x00, 0x00, 0x0B, 0xDB, 0x05, 0xFF, 0xFF, 0xFF,
0xFF, 0xFA, 0xE0, 0x8D, 0x09, 0xFF, 0x00, 0x00, 0x00, 0x07, 0x22, 0x95, 0x9C, 0xFF, 0x00, 0x00,
0x00, 0x00, 0x00, 0x18, 0xF4, 0xFF, 0x00, 0x00, 0x00, 0x00, 0x00, 0x15, 0xE0, 0xFF, 0x00, 0x00,
0x00, 0x05, 0x27, 0xAD, 0x5F, 0xFF, 0xFF, 0xFF, 0xFF, 0xFF, 0xFF, 0xFE, 0x5C, 0xFF, 0x00, 0x00,
0x00, 0x04, 0x19, 0x7A, 0xD5, 0xFF, 0x00, 0x00, 0x00, 0x00, 0x00, 0x0C, 0xF9, 0xFF, 0x00, 0x00,
0x00, 0x00, 0x00, 0x1C, 0xE4, 0xFF, 0x00, 0x00, 0x00, 0x03, 0x20, 0x96, 0x81, 0xFF, 0xFF, 0xFF,
0xFF, 0xFA, 0xD9, 0x74, 0x03, 0x00, 0x00, 0x61, 0xC7, 0xF2, 0xEA, 0xB3, 0x33, 0x00, 0x00, 0xA0,
0xC0, 0x3E, 0x0C, 0x15, 0x6B, 0xEE, 0x39, 0x54, 0xC8, 0x06, 0x00, 0x00, 0x00, 0x00, 0x69, 0xC6,
0xB8, 0x50, 0x00, 0x00, 0x00, 0x00, 0x00, 0x06, 0x28, 0xE9, 0x15, 0x00, 0x00, 0x00, 0x00, 0x00,
0x00, 0x00, 0xFA, 0x05, 0x00, 0x00, 0x00, 0x00, 0x00, 0x00, 0x00, 0xE6, 0x17, 0x00, 0x00, 0x00,
0x00, 0x00, 0x00, 0x00, 0xB1, 0x50, 0x00, 0x00, 0x00, 0x00, 0x00, 0x00, 0x4A, 0x52, 0xC5, 0x03,
0x00, 0x00, 0x00, 0x00, 0x2B, 0x9C, 0x00, 0xA9, 0xB8, 0x36, 0x08, 0x1E, 0x72, 0xCF, 0x1A, 0x00,
0x02, 0x6F, 0xD1, 0xF5, 0xE4, 0xA0, 0x1D, 0x00, 0xFF, 0xFF, 0xFF, 0xFF, 0xFF, 0xFF, 0xFA, 0x50,
0x00, 0xFF, 0x00, 0x00, 0x00, 0x00, 0x00, 0x52, 0xF5, 0x50, 0xFF, 0x00, 0x00, 0x00, 0x00, 0x00,
0x00, 0x52, 0xFA, 0xFF, 0x00, 0x00, 0x00, 0x00, 0x00, 0x00, 0x00, 0xFF, 0xFF, 0x00, 0x00, 0x00,
0x00, 0x00, 0x00, 0x00, 0xFF, 0xFF, 0x00, 0x00, 0x00, 0x00, 0x00, 0x00, 0x00, 0xFF, 0xFF, 0x00,
0x00, 0x00, 0x00, 0x00, 0x00, 0x00, 0xFF, 0xFF, 0x00, 0x00, 0x00, 0x00, 0x00, 0x00, 0x00, 0xFF,
0xFF, 0x00, 0x00, 0x00, 0x00, 0x00, 0x00, 0x51, 0xFA, 0xFF, 0x00, 0x00, 0x00, 0x00, 0x00, 0x50,
0xF5, 0x51, 0xFF, 0xFF, 0xFF, 0xFF, 0xFF, 0xFF, 0xFA, 0x51, 0x00, 0xFF, 0xFF, 0xFF, 0xFF, 0xFF,
0xFF, 0xFF, 0xFF, 0xFF, 0x00, 0x00, 0x00, 0x00, 0x00, 0x00, 0x00, 0xFF, 0x00, 0x00, 0x00, 0x00,
0x00, 0x00, 0x00, 0xFF, 0x00, 0x00, 0x00, 0x00, 0x00, 0x00, 0x00, 0xFF, 0x00, 0x00, 0x00, 0x00,
0x00, 0x00, 0x00, 0xFF, 0xFF, 0xFF, 0xFF, 0xFF, 0xFF, 0xFF, 0xFF, 0xFF, 0x00, 0x00, 0x00, 0x00,
0x00, 0x00, 0x00, 0xFF, 0x00, 0x00, 0x00, 0x00, 0x00, 0x00, 0x00, 0xFF, 0x00, 0x00, 0x00, 0x00,
0x00, 0x00, 0x00, 0xFF, 0x00, 0x00, 0x00, 0x00, 0x00, 0x00, 0x00, 0xFF, 0xFF, 0xFF, 0xFF, 0xFF,
0xFF, 0xFF, 0xFF, 0xFF, 0xFF, 0xFF, 0xFF, 0xFF, 0xFF, 0xFF, 0xFF, 0x00, 0x00, 0x00, 0x00, 0x00,
0x00, 0xFF, 0x00, 0x00, 0x00, 0x00, 0x00, 0x00, 0xFF, 0x00, 0x00, 0x00, 0x00, 0x00, 0x00, 0xFF,
0x00, 0x00, 0x00, 0x00, 0x00, 0x00, 0xFF, 0xFF, 0xFF, 0xFF, 0xFF, 0xFF, 0x00, 0xFF, 0x00, 0x00,
0x00, 0x00, 0x00, 0x00, 0xFF, 0x00, 0x00, 0x00, 0x00, 0x00, 0x00, 0xFF, 0x00, 0x00, 0x00, 0x00,
0x00, 0x00, 0xFF, 0x00, 0x00, 0x00, 0x00, 0x00, 0x00, 0xFF, 0x00, 0x00, 0x00, 0x00, 0x00, 0x00,
0x00, 0x51, 0xFA, 0xFF, 0xFF, 0xFF, 0xF7, 0x44, 0x00, 0x51, 0xF5, 0x51, 0x00, 0x00, 0x00, 0x5B,
0xF2, 0x3E, 0xFA, 0x50, 0x00, 0x00, 0x00, 0x00, 0x00, 0x5D, 0xD7, 0xFF, 0x00, 0x00, 0x00, 0x00,
0x00, 0x00, 0x02, 0x0C, 0xFF, 0x00, 0x00, 0x00, 0x00, 0x00, 0x00, 0x00, 0x00, 0xFF, 0x00, 0x00,
0x00, 0x00, 0xFF, 0xFF, 0xFF, 0xFF, 0xFF, 0x00, 0x00, 0x00, 0x00, 0x00, 0x00, 0x00, 0xFF, 0xFF,
0x00, 0x00, 0x00, 0x00, 0x00, 0x00, 0x00, 0xFF, 0xFA, 0x50, 0x00, 0x00, 0x00, 0x00, 0x00, 0x51,
0xFA, 0x52, 0xF5, 0x50, 0x00, 0x00, 0x00, 0x50, 0xF5, 0x51, 0x00, 0x52, 0xFA, 0xFF, 0xFF, 0xFF,
0xFA, 0x51, 0x00, 0xFF, 0x00, 0x00, 0x00, 0x00, 0x00, 0x00, 0xFF, 0xFF, 0x00, 0x00, 0x00, 0x00,
0x00, 0x00, 0xFF, 0xFF, 0x00, 0x00, 0x00, 0x00, 0x00, 0x00, 0xFF, 0xFF, 0x00, 0x00, 0x00, 0x00,
0x00, 0x00, 0xFF, 0xFF, 0x00, 0x00, 0x00, 0x00, 0x00, 0x00, 0xFF, 0xFF, 0xFF, 0xFF, 0xFF, 0xFF,
0xFF, 0xFF, 0xFF, 0xFF, 0x00, 0x00, 0x00, 0x00, 0x00, 0x00, 0xFF, 0xFF, 0x00, 0x00, 0x00, 0x00,
0x00, 0x00, 0xFF, 0xFF, 0x00, 0x00, 0x00, 0x00, 0x00, 0x00, 0xFF, 0xFF, 0x00, 0x00, 0x00, 0x00,
0x00, 0x00, 0xFF, 0xFF, 0x00, 0x00, 0x00, 0x00, 0x00, 0x00, 0xFF, 0xFF, 0xFF, 0xFF, 0xFF, 0xFF,
0xFF, 0xFF, 0xFF, 0xFF, 0xFF, 0xFF, 0x00, 0x00, 0x00, 0x00, 0x00, 0xFF, 0x00, 0x00, 0x00, 0x00,
0x00, 0xFF, 0x00, 0x00, 0x00, 0x00, 0x00, 0xFF, 0x00, 0x00, 0x00, 0x00, 0x00, 0xFF, 0x00, 0x00,
0x00, 0x00, 0x00, 0xFF, 0x00, 0x00, 0x00, 0x00, 0x00, 0xFF, 0x00, 0x00, 0x00, 0x00, 0x00, 0xFF,
0x00, 0x00, 0x00, 0x00, 0x00, 0xFC, 0xDF, 0x0C, 0x00, 0x00, 0x11, 0xE7, 0xB9, 0x6D, 0x0A, 0x15,
0x84, 0x9D, 0x1E, 0xB3, 0xF0, 0xF0, 0xA1, 0x0F, 0xFF, 0x00, 0x00, 0x00, 0x00, 0x00, 0x08, 0xAB,
0x6F, 0xFF, 0x00, 0x00, 0x00, 0x00, 0x13, 0xBC, 0x51, 0x00, 0xFF, 0x00, 0x00, 0x00, 0x23, 0xC5,
0x38, 0x00, 0x00, 0xFF, 0x00, 0x00, 0x37, 0xC4, 0x23, 0x00, 0x00, 0x00, 0xFF, 0x00, 0x4F, 0xF0,
0x4A, 0x00, 0x00, 0x00, 0x00, 0xFF, 0x6C, 0xAB, 0x27, 0xCD, 0x10, 0x00, 0x00, 0x00, 0xFF, 0x90,
0x02, 0x00, 0x4F, 0xAB, 0x00, 0x00, 0x00, 0xFF, 0x00, 0x00, 0x00, 0x00, 0x92, 0x69, 0x00, 0x00,
0xFF, 0x00, 0x00, 0x00, 0x00, 0x07, 0xC6, 0x2F, 0x00, 0xFF, 0x00, 0x00, 0x00, 0x00, 0x00, 0x25,
0xCA, 0x0B, 0xFF, 0x00, 0x00, 0x00, 0x00, 0x00, 0x00, 0x5B, 0xA0, 0xFF, 0x00, 0x00, 0x00, 0x00,
0x00, 0x00, 0xFF, 0x00, 0x00, 0x00, 0x00, 0x00, 0x00, 0xFF, 0x00, 0x00, 0x00, 0x00, 0x00, 0x00,
0xFF, 0x00, 0x00, 0x00, 0x00, 0x00, 0x00, 0xFF, 0x00, 0x00, 0x00, 0x00, 0x00, 0x00, 0xFF, 0x00,
0x00, 0x00, 0x00, 0x00, 0x00, 0xFF, 0x00, 0x00, 0x00, 0x00, 0x00, 0x00, 0xFF, 0x00, 0x00, 0x00,
0x00, 0x00, 0x00, 0xFF, 0x00, 0x00, 0x00, 0x00, 0x00, 0x00, 0xFF, 0x00, 0x00, 0x00, 0x00, 0x00,
0x00, 0xFF, 0xFF, 0xFF, 0xFF, 0xFF, 0xFF, 0xFF, 0xCF, 0x5F, 0x00, 0x00, 0x00, 0x00, 0x00, 0x5F,
0xCF, 0xFF, 0xD0, 0x0C, 0x00, 0x00, 0x00, 0x0C, 0xD5, 0xFF, 0xFF, 0x8A, 0x57, 0x00, 0x00, 0x00,
0x59, 0x8F, 0xFF, 0xFF, 0x3B, 0xAC, 0x00, 0x00, 0x00, 0xAE, 0x41, 0xFF, 0xFF, 0x02, 0xE0, 0x0B,
0x00, 0x0C, 0xE5, 0x04, 0xFF, 0xFF, 0x00, 0x9E, 0x56, 0x00, 0x58, 0xA4, 0x00, 0xFF, 0xFF, 0x00,
0x4F, 0xAA, 0x00, 0xAE, 0x55, 0x00, 0xFF, 0xFF, 0x00, 0x0A, 0xEB, 0x14, 0xF0, 0x0D, 0x00, 0xFF,
0xFF, 0x00, 0x00, 0xB1, 0x9B, 0xB8, 0x00, 0x00, 0xFF, 0xFF, 0x00, 0x00, 0x62, 0xFD, 0x69, 0x00,
0x00, 0xFF, 0xFF, 0x00, 0x00, 0x16, 0xFC, 0x1B, 0x00, 0x00, 0xFF, 0xFF, 0x65, 0x00, 0x00, 0x00,
0x00, 0x00, 0xFF, 0xFF, 0xC8, 0x14, 0x00, 0x00, 0x00, 0x00, 0xFF, 0xFF, 0x47, 0x9D, 0x00, 0x00,
0x00, 0x00, 0xFF, 0xFF, 0x00, 0xA9, 0x3B, 0x00, 0x00, 0x00, 0xFF, 0xFF, 0x00, 0x1B, 0xC5, 0x04,
0x00, 0x00, 0xFF, 0xFF, 0x00, 0x00, 0x73, 0x72, 0x00, 0x00, 0xFF, 0xFF, 0x00, 0x00, 0x04, 0xC5,
0x1B, 0x00, 0xFF, 0xFF, 0x00, 0x00, 0x00, 0x3B, 0xA8, 0x00, 0xFF, 0xFF, 0x00, 0x00, 0x00, 0x00,
0x9E, 0x46, 0xFF, 0xFF, 0x00, 0x00, 0x00, 0x00, 0x14, 0xC8, 0xFF, 0xFF, 0x00, 0x00, 0x00, 0x00,
0x00, 0x66, 0xFF, 0x00, 0x00, 0x59, 0xC5, 0xF4, 0xEF, 0xBF, 0x50, 0x00, 0x00, 0x00, 0x8F, 0xD0,
0x4B, 0x0D, 0x10, 0x4F, 0xD7, 0x86, 0x00, 0x48, 0xD0, 0x0A, 0x00, 0x00, 0x00, 0x00, 0x0F, 0xDC,
0x42, 0xB2, 0x54, 0x00, 0x00, 0x00, 0x00, 0x00, 0x00, 0x5E, 0xAC, 0xE8, 0x18, 0x00, 0x00, 0x00,
0x00, 0x00, 0x00, 0x1A, 0xE5, 0xFA, 0x04, 0x00, 0x00, 0x00, 0x00, 0x00, 0x00, 0x05, 0xF9, 0xE9,
0x12, 0x00, 0x00, 0x00, 0x00, 0x00, 0x00, 0x17, 0xE5, 0xAE, 0x52, 0x00, 0x00, 0x00, 0x00, 0x00,
0x00, 0x59, 0xAE, 0x42, 0xD3, 0x0C, 0x00, 0x00, 0x00, 0x00, 0x0D, 0xD7, 0x46, 0x00, 0x85, 0xD1,
0x49, 0x0B, 0x0B, 0x4A, 0xD3, 0x8A, 0x00, 0x00, 0x00, 0x50, 0xC0, 0xF0, 0xF0, 0xBF, 0x50, 0x00,
0x00, 0xFF, 0xFF, 0xFF, 0xFF, 0xFB, 0xE1, 0x89, 0x0A, 0xFF, 0x00, 0x00, 0x00, 0x02, 0x0C, 0x73,
0x9C, 0xFF, 0x00, 0x00, 0x00, 0x00, 0x00, 0x12, 0xF1, 0xFF, 0x00, 0x00, 0x00, 0x00, 0x00, 0x15,
0xE3, 0xFF, 0x00, 0x00, 0x00, 0x06, 0x1E, 0x94, 0x81, 0xFF, 0xFF, 0xFF, 0xFF, 0xF7, 0xD6, 0x7C,
0x04, 0xFF, 0x00, 0x00, 0x00, 0x00, 0x00, 0x00, 0x00, 0xFF, 0x00, 0x00, 0x00, 0x00, 0x00, 0x00,
0x00, 0xFF, 0x00, 0x00, 0x00, 0x00, 0x00, 0x00, 0x00, 0xFF, 0x00, 0x00, 0x00, 0x00, 0x00, 0x00,
0x00, 0xFF, 0x00, 0x00, 0x00, 0x00, 0x00, 0x00, 0x00, 0x00, 0x00, 0x55, 0xC1, 0xEF, 0xEF, 0xBE,
0x4C, 0x00, 0x00, 0x00, 0x8B, 0xCE, 0x48, 0x0C, 0x10, 0x4F, 0xD7, 0x80, 0x00, 0x43, 0xD0, 0x0A,
0x00, 0x00, 0x00, 0x00, 0x0F, 0xDC, 0x3D, 0xAC, 0x52, 0x00, 0x00, 0x00, 0x00, 0x00, 0x00, 0x5E,
0xA6, 0xE5, 0x15, 0x00, 0x00, 0x00, 0x00, 0x00, 0x00, 0x1A, 0xE3, 0xF9, 0x04, 0x00, 0x00, 0x00,
0x00, 0x00, 0x00, 0x05, 0xF9, 0xE5, 0x16, 0x00, 0x00, 0x00, 0x00, 0x00, 0x00, 0x17, 0xEC, 0xAA,
0x55, 0x00, 0x00, 0x00, 0x00, 0x00, 0x00, 0x58, 0xB8, 0x3C, 0xD2, 0x0B, 0x00, 0x00, 0xAC, 0x93,
0x23, 0xD6, 0x63, 0x00, 0x78, 0xCE, 0x48, 0x0B, 0x39, 0xB0, 0xF0, 0xE2, 0x0B, 0x00, 0x00, 0x44,
0xB6, 0xEB, 0xF4, 0xB0, 0x27, 0x6A, 0xA4, 0x00, 0x00, 0x00, 0x00, 0x00, 0x00, 0x00, 0x00, 0x00,
0x5D, 0xFF, 0xFF, 0xFF, 0xFF, 0xFF, 0xF5, 0xD8, 0x84, 0x04, 0xFF, 0x00, 0x00, 0x00, 0x00, 0x06,
0x17, 0x73, 0x8C, 0xFF, 0x00, 0x00, 0x00, 0x00, 0x00, 0x00, 0x0A, 0xEC, 0xFF, 0x00, 0x00, 0x00,
0x00, 0x00, 0x00, 0x08, 0xE7, 0xFF, 0x00, 0x00, 0x00, 0x04, 0x1A, 0x35, 0x87, 0x8C, 0xFF, 0xFF,
0xFF, 0xFF, 0xFF, 0xFD, 0xE1, 0x8B, 0x08, 0xFF, 0x00, 0x00, 0x0E, 0x82, 0xE6, 0x15, 0x00, 0x00,
0xFF, 0x00, 0x00, 0x00, 0x00, 0x83, 0xAC, 0x02, 0x00, 0xFF, 0x00, 0x00, 0x00, 0x00, 0x02, 0xC1,
0x6F, 0x00, 0xFF, 0x00, 0x00, 0x00, 0x00, 0x00, 0x1F, 0xE3, 0x1A, 0xFF, 0x00, 0x00, 0x00, 0x00,
0x00, 0x00, 0x5D, 0xA9, 0x00, 0x47, 0xBF, 0xF3, 0xEC, 0xAA, 0x2A, 0x00, 0x6B, 0xB3, 0x30, 0x0A,
0x10, 0x43, 0xCB, 0x50, 0xEC, 0x12, 0x00, 0x00, 0x00, 0x00, 0x2B, 0xE4, 0xEA, 0x67, 0x00, 0x00,
0x00, 0x00, 0x00, 0x00, 0x77, 0xFF, 0xE0, 0x9D, 0x65, 0x28, 0x00, 0x00, 0x00, 0x32, 0x49, 0x7E,
0xC5, 0xFF, 0xCA, 0x1D, 0x00, 0x00, 0x00, 0x00, 0x00, 0x37, 0x90, 0xB5, 0x00, 0x00, 0x00, 0x00,
0x00, 0x00, 0x17, 0xF5, 0xE7, 0x29, 0x00, 0x00, 0x00, 0x00, 0x0B, 0xE0, 0x76, 0xD5, 0x4E, 0x1C,
0x09, 0x2A, 0xA0, 0x6B, 0x00, 0x61, 0xC8, 0xF2, 0xF8, 0xD1, 0x62, 0x00, 0xFF, 0xFF, 0xFF, 0xFF,
0xFF, 0xFF, 0xFF, 0xFF, 0xFF, 0x00, 0x00, 0x00, 0x00, 0xFF, 0x00, 0x00, 0x00, 0x00, 0x00, 0x00,
0x00, 0x00, 0xFF, 0x00, 0x00, 0x00, 0x00, 0x00, 0x00, 0x00, 0x00, 0xFF, 0x00, 0x00, 0x00, 0x00,
0x00, 0x00, 0x00, 0x00, 0xFF, 0x00, 0x00, 0x00, 0x00, 0x00, 0x00, 0x00, 0x00, 0xFF, 0x00, 0x00,
0x00, 0x00, 0x00, 0x00, 0x00, 0x00, 0xFF, 0x00, 0x00, 0x00, 0x00, 0x00, 0x00, 0x00, 0x00, 0xFF,
0x00, 0x00, 0x00, 0x00, 0x00, 0x00, 0x00, 0x00, 0xFF, 0x00, 0x00, 0x00, 0x00, 0x00, 0x00, 0x00,
0x00, 0xFF, 0x00, 0x00, 0x00, 0x00, 0x00, 0x00, 0x00, 0x00, 0xFF, 0x00, 0x00, 0x00, 0x00, 0xFF,
0x00, 0x00, 0x00, 0x00, 0x00, 0x00, 0xFF, 0xFF, 0x00, 0x00, 0x00, 0x00, 0x00, 0x00, 0xFF, 0xFF,
0x00, 0x00, 0x00, 0x00, 0x00, 0x00, 0xFF, 0xFF, 0x00, 0x00, 0x00, 0x00, 0x00, 0x00, 0xFF, 0xFF,
0x00, 0x00, 0x00, 0x00, 0x00, 0x00, 0xFF, 0xFF, 0x00, 0x00, 0x00, 0x00, 0x00, 0x00, 0xFF, 0xFB,
0x02, 0x00, 0x00, 0x00, 0x00, 0x02, 0xFB, 0xEA, 0x11, 0x00, 0x00, 0x00, 0x00, 0x13, 0xEB, 0xB9,
0x4D, 0x00, 0x00, 0x00, 0x00, 0x4D, 0xBA, 0x4A, 0xE1, 0x49, 0x0A, 0x13, 0x4E, 0xDE, 0x46, 0x00,
0x4F, 0xC6, 0xF3, 0xF2, 0xC5, 0x4A, 0x00, 0x1E, 0xE3, 0x04, 0x00, 0x00, 0x00, 0x00, 0x00, 0x02,
0xE0, 0x26, 0x00, 0xAF, 0x53, 0x00, 0x00, 0x00, 0x00, 0x00, 0x4D, 0xB7, 0x00, 0x00, 0x43, 0xBB,
0x00, 0x00, 0x00, 0x00, 0x00, 0xB6, 0x4A, 0x00, 0x00, 0x00, 0xD5, 0x23, 0x00, 0x00, 0x00, 0x21,
0xD9, 0x01, 0x00, 0x00, 0x00, 0x6C, 0x8A, 0x00, 0x00, 0x00, 0x88, 0x70, 0x00, 0x00, 0x00, 0x00,
0x0D, 0xDD, 0x06, 0x00, 0x06, 0xDE, 0x0F, 0x00, 0x00, 0x00, 0x00, 0x00, 0x95, 0x5A, 0x00, 0x59,
0x96, 0x00, 0x00, 0x00, 0x00, 0x00, 0x00, 0x29, 0xC0, 0x00, 0xC1, 0x2A, 0x00, 0x00, 0x00, 0x00,
0x00, 0x00, 0x00, 0xBC, 0x46, 0xBB, 0x00, 0x00, 0x00, 0x00, 0x00, 0x00, 0x00, 0x00, 0x52, 0xE8,
0x4F, 0x00, 0x00, 0x00, 0x00, 0x00, 0x00, 0x00, 0x00, 0x03, 0xC1, 0x02, 0x00, 0x00, 0x00, 0x00,
0xDE, 0x21, 0x00, 0x00, 0x00, 0x00, 0x3F, 0xFF, 0x3A, 0x00, 0x00, 0x00, 0x00, 0x1E, 0xDC, 0x9B,
0x65, 0x00, 0x00, 0x00, 0x00, 0x9C, 0xD5, 0x98, 0x00, 0x00, 0x00, 0x00, 0x63, 0x99, 0x57, 0xA8,
0x00, 0x00, 0x00, 0x08, 0xEC, 0x2E, 0xEA, 0x07, 0x00, 0x00, 0x00, 0xA7, 0x55, 0x15, 0xE9, 0x01,
0x00, 0x00, 0x56, 0xB2, 0x00, 0xB1, 0x54, 0x00, 0x00, 0x01, 0xE7, 0x13, 0x00, 0xD0, 0x30, 0x00,
0x00, 0xB3, 0x50, 0x00, 0x50, 0xB2, 0x00, 0x00, 0x2F, 0xCD, 0x00, 0x00, 0x8C, 0x73, 0x00, 0x15,
0xE4, 0x05, 0x00, 0x04, 0xE3, 0x14, 0x00, 0x73, 0x89, 0x00, 0x00, 0x49, 0xB7, 0x00, 0x6D, 0x8C,
0x00, 0x00, 0x00, 0x8C, 0x6C, 0x00, 0xB7, 0x45, 0x00, 0x00, 0x0B, 0xEE, 0x06, 0xCA, 0x2A, 0x00,
0x00, 0x00, 0x2A, 0xC8, 0x06, 0xEC, 0x09, 0x00, 0x00, 0x00, 0xC1, 0x66, 0xC7, 0x00, 0x00, 0x00,
0x00, 0x00, 0xC8, 0x65, 0xBD, 0x00, 0x00, 0x00, 0x00, 0x7E, 0xEE, 0x66, 0x00, 0x00, 0x00, 0x00,
0x00, 0x67, 0xEE, 0x79, 0x00, 0x00, 0x00, 0x00, 0x3A, 0xF6, 0x0E, 0x00, 0x00, 0x00, 0x00, 0x00,
0x0E, 0xF6, 0x35, 0x00, 0x00, 0xA5, 0x4F, 0x00, 0x00, 0x00, 0x00, 0x00, 0x49, 0xAD, 0x0F, 0xC2,
0x0B, 0x00, 0x00, 0x00, 0x07, 0xCD, 0x1A, 0x00, 0x3E, 0x89, 0x00, 0x00, 0x00, 0x7E, 0x68, 0x00,
0x00, 0x00, 0x82, 0x42, 0x00, 0x58, 0xBE, 0x01, 0x00, 0x00, 0x00, 0x05, 0xC6, 0x8E, 0xF4, 0x29,
0x00, 0x00, 0x00, 0x00, 0x00, 0x49, 0xFF, 0xA8, 0x00, 0x00, 0x00, 0x00, 0x00, 0x05, 0xB4, 0x75,
0xF2, 0x29, 0x00, 0x00, 0x00, 0x00, 0x84, 0x3A, 0x00, 0x4E, 0xC3, 0x01, 0x00, 0x00, 0x3D, 0x91,
0x00, 0x00, 0x00, 0xA1, 0x68, 0x00, 0x0F, 0xC4, 0x0D, 0x00, 0x00, 0x00, 0x11, 0xD8, 0x1A, 0xA5,
0x4D, 0x00, 0x00, 0x00, 0x00, 0x00, 0x50, 0xAE, 0xAE, 0x50, 0x00, 0x00, 0x00, 0x00, 0x00, 0x50,
0xAD, 0x19, 0xD4, 0x0D, 0x00, 0x00, 0x00, 0x0D, 0xD3, 0x19, 0x00, 0x65, 0x93, 0x00, 0x00, 0x00,
0x92, 0x64, 0x00, 0x00, 0x01, 0xBC, 0x37, 0x00, 0x38, 0xBC, 0x01, 0x00, 0x00, 0x00, 0x24, 0xCD,
0x11, 0xCF, 0x24, 0x00, 0x00, 0x00, 0x00, 0x00, 0x77, 0xE1, 0x76, 0x00, 0x00, 0x00, 0x00, 0x00,
0x00, 0x04, 0xFF, 0x03, 0x00, 0x00, 0x00, 0x00, 0x00, 0x00, 0x00, 0xFF, 0x00, 0x00, 0x00, 0x00,
0x00, 0x00, 0x00, 0x00, 0xFF, 0x00, 0x00, 0x00, 0x00, 0x00, 0x00, 0x00, 0x00, 0xFF, 0x00, 0x00,
0x00, 0x00, 0x00, 0x00, 0x00, 0x00, 0xFF, 0x00, 0x00, 0x00, 0x00, 0x00, 0xFF, 0xFF, 0xFF, 0xFF,
0xFF, 0xFF, 0xAF, 0x00, 0x00, 0x00, 0x00, 0x00, 0x0F, 0xD8, 0x1B, 0x00, 0x00, 0x00, 0x00, 0x00,
0x9A, 0x68, 0x00, 0x00, 0x00, 0x00, 0x00, 0x40, 0xC1, 0x01, 0x00, 0x00, 0x00, 0x00, 0x08, 0xD3,
0x27, 0x00, 0x00, 0x00, 0x00, 0x00, 0x88, 0x7B, 0x00, 0x00, 0x00, 0x00, 0x00, 0x2F, 0xCD, 0x05,
0x00, 0x00, 0x00, 0x00, 0x03, 0xC9, 0x35, 0x00, 0x00, 0x00, 0x00, 0x00, 0x74, 0x8D, 0x00, 0x00,
0x00, 0x00, 0x00, 0x22, 0xD4, 0x0A, 0x00, 0x00, 0x00, 0x00, 0x00, 0xB5, 0xFF, 0xFF, 0xFF, 0xFF,
0xFF, 0xFF, 0xFF, 0xFF, 0xFF, 0xFF, 0xFF, 0x00, 0x00, 0xFF, 0x00, 0x00, 0xFF, 0x00, 0x00, 0xFF,
0x00, 0x00, 0xFF, 0x00, 0x00, 0xFF, 0x00, 0x00, 0xFF, 0x00, 0x00, 0xFF, 0x00, 0x00, 0xFF, 0x00,
0x00, 0xFF, 0x00, 0x00, 0xFF, 0x00, 0x00, 0xFF, 0x00, 0x00, 0xFF, 0xFF, 0xFF, 0xDA, 0x22, 0x00,
0x00, 0x94, 0x68, 0x00, 0x00, 0x4E, 0xAE, 0x00, 0x00, 0x0D, 0xEB, 0x03, 0x00, 0x00, 0xC2, 0x3A,
0x00, 0x00, 0x7C, 0x7F, 0x00, 0x00, 0x37, 0xC5, 0x00, 0x00, 0x02, 0xE9, 0x0F, 0x00, 0x00, 0xAB,
0x51, 0x00, 0x00, 0x65, 0x97, 0x00, 0x00, 0x1F, 0xDC, 0xFF, 0xFF, 0xFF, 0x00, 0x00, 0xFF, 0x00,
0x00, 0xFF, 0x00, 0x00, 0xFF, 0x00, 0x00, 0xFF, 0x00, 0x00, 0xFF, 0x00, 0x00, 0xFF, 0x00, 0x00,
0xFF, 0x00, 0x00, 0xFF, 0x00, 0x00, 0xFF, 0x00, 0x00, 0xFF, 0x00, 0x00, 0xFF, 0x00, 0x00, 0xFF,
0xFF, 0xFF, 0xFF, 0x00, 0x2A, 0xFF, 0x2A, 0x00, 0x00, 0x80, 0xB3, 0x7F, 0x00, 0x00, 0xD1, 0x22,
0xD0, 0x00, 0x2A, 0xBF, 0x00, 0xC0, 0x2A, 0x80, 0x72, 0x00, 0x73, 0x7F, 0xD5, 0x26, 0x00, 0x26,
0xD5, 0xFF, 0xFF, 0xFF, 0xFF, 0xFF, 0xFF, 0xFF, 0xFF, 0xC0, 0x3F, 0x40, 0xBF, 0x25, 0xB1, 0xE4,
0xF9, 0xD6, 0x4E, 0xCE, 0x6A, 0x0B, 0x0E, 0x7A, 0xE6, 0x00, 0x00, 0x00, 0x00, 0x07, 0xFE, 0x00,
0x3A, 0x82, 0xA9, 0xDD, 0xFF, 0x63, 0xDB, 0x65, 0x37, 0x1F, 0xFF, 0xE8, 0x1A, 0x00, 0x00, 0x2B,
0xFF, 0xDB, 0x5D, 0x08, 0x32, 0xD0, 0xFF, 0x3D, 0xD4, 0xF5, 0xD0, 0x5B, 0xFF, 0xFF, 0x00, 0x00,
0x00, 0x00, 0x00, 0xFF, 0x00, 0x00, 0x00, 0x00, 0x00, 0xFF, 0x00, 0x00, 0x00, 0x00, 0x00, 0xFF,
0x5F, 0xD7, 0xEF, 0xA5, 0x11, 0xFF, 0xD2, 0x27, 0x08, 0x63, 0x82, 0xFF, 0x41, 0x00, 0x00, 0x0F,
0xCB, 0xFF, 0x0D, 0x00, 0x00, 0x03, 0xF1, 0xFF, 0x0A, 0x00, 0x00, 0x04, 0xF2, 0xFF, 0x35, 0x00,
0x00, 0x13, 0xD8, 0xFF, 0xC1, 0x19, 0x0A, 0x6C, 0x8E, 0xFF, 0x6A, 0xEC, 0xF4, 0xB1, 0x14, 0x00,
0x76, 0xE3, 0xF4, 0xBA, 0x22, 0x67, 0x5F, 0x0C, 0x11, 0x6F, 0xCB, 0xCD, 0x0B, 0x00, 0x00, 0x00,
0x00, 0xF5, 0x02, 0x00, 0x00, 0x00, 0x00, 0xF0, 0x01, 0x00, 0x00, 0x00, 0x00, 0xCD, 0x07, 0x00,
0x00, 0x00, 0x00, 0x63, 0x54, 0x09, 0x12, 0x69, 0xCA, 0x01, 0x83, 0xEA, 0xF3, 0xB6, 0x1F, 0x00,
0x00, 0x00, 0x00, 0x00, 0xFF, 0x00, 0x00, 0x00, 0x00, 0x00, 0xFF, 0x00, 0x00, 0x00, 0x00, 0x00,
0xFF, 0x0D, 0x98, 0xEB, 0xE9, 0x65, 0xFF, 0xA3, 0x4F, 0x07, 0x25, 0xD0, 0xFF, 0xE0, 0x06, 0x00,
0x00, 0x43, 0xFF, 0xF5, 0x01, 0x00, 0x00, 0x11, 0xFF, 0xFC, 0x06, 0x00, 0x00, 0x0B, 0xFF, 0xEC,
0x1E, 0x00, 0x00, 0x39, 0xFF, 0xAD, 0x87, 0x0C, 0x20, 0xC7, 0xFF, 0x0F, 0x99, 0xEB, 0xEC, 0x6C,
0xFF, 0x00, 0x80, 0xEB, 0xE7, 0x88, 0x04, 0x5D, 0x5A, 0x07, 0x08, 0x8D, 0x74, 0xC8, 0x0C, 0x00,
0x00, 0x1C, 0xD6, 0xEF, 0xFF, 0xFF, 0xFF, 0xFF, 0xF7, 0xF2, 0x08, 0x00, 0x00, 0x00, 0x00, 0xCF,
0x1E, 0x00, 0x00, 0x00, 0x00, 0x68, 0x79, 0x0C, 0x14, 0x7A, 0xBC, 0x02, 0x87, 0xEC, 0xF3, 0xB2,
0x19, 0x00, 0x51, 0xFA, 0xE9, 0x03, 0x00, 0xFA, 0x50, 0x07, 0x00, 0x00, 0xFF, 0x00, 0x00, 0x00,
0xFF, 0xFF, 0xFF, 0xFF, 0x00, 0x00, 0xFF, 0x00, 0x00, 0x00, 0x00, 0xFF, 0x00, 0x00, 0x00, 0x00,
0xFF, 0x00, 0x00, 0x00, 0x00, 0xFF, 0x00, 0x00, 0x00, 0x00, 0xFF, 0x00, 0x00, 0x00, 0x00, 0xFF,
0x00, 0x00, 0x00, 0x00, 0xFF, 0x00, 0x00, 0x00, 0x00, 0x7F, 0xEC, 0xE2, 0x69, 0xFF, 0x62, 0x83,
0x0B, 0x25, 0xD0, 0xFF, 0xC8, 0x1C, 0x00, 0x00, 0x41, 0xFF, 0xF5, 0x05, 0x00, 0x00, 0x0E, 0xFF,
0xF0, 0x06, 0x00, 0x00, 0x0D, 0xFF, 0xC6, 0x1A, 0x00, 0x00, 0x3D, 0xFF, 0x5B, 0x7F, 0x0B, 0x21,
0xC9, 0xFF, 0x00, 0x83, 0xED, 0xDE, 0x65, 0xF9, 0x00, 0x00, 0x00, 0x00, 0x14, 0xE0, 0xE5, 0x5B,
0x08, 0x17, 0x8E, 0x8B, 0x41, 0xCB, 0xF6, 0xEA, 0x90, 0x07, 0xFF, 0x00, 0x00, 0x00, 0x00, 0x00,
0xFF, 0x00, 0x00, 0x00, 0x00, 0x00, 0xFF, 0x00, 0x00, 0x00, 0x00, 0x00, 0xFF, 0x66, 0xD8, 0xFD,
0xFA, 0x50, 0xFF, 0xBE, 0x24, 0x00, 0x52, 0xFA, 0xFF, 0x25, 0x00, 0x00, 0x00, 0xFF, 0xFF, 0x03,
0x00, 0x00, 0x00, 0xFF, 0xFF, 0x00, 0x00, 0x00, 0x00, 0xFF, 0xFF, 0x00, 0x00, 0x00, 0x00, 0xFF,
0xFF, 0x00, 0x00, 0x00, 0x00, 0xFF, 0xFF, 0x00, 0x00, 0x00, 0x00, 0xFF, 0xFF, 0x00, 0x00, 0xFF,
0xFF, 0xFF, 0xFF, 0xFF, 0xFF, 0xFF, 0xFF, 0x00, 0x00, 0xFF, 0x00, 0x00, 0x00, 0x00, 0x00, 0x00,
0x00, 0x00, 0xFF, 0x00, 0x00, 0xFF, 0x00, 0x00, 0xFF, 0x00, 0x00, 0xFF, 0x00, 0x00, 0xFF, 0x00,
0x00, 0xFF, 0x00, 0x00, 0xFF, 0x00, 0x00, 0xFF, 0x00, 0x00, 0xFF, 0x0A, 0x51, 0xFA, 0x8E, 0xF9,
0x51, 0xFF, 0x00, 0x00, 0x00, 0x00, 0x00, 0xFF, 0x00, 0x00, 0x00, 0x00, 0x00, 0xFF, 0x00, 0x00,
0x00, 0x00, 0x00, 0xFF, 0x00, 0x00, 0x00, 0x78, 0x83, 0xFF, 0x00, 0x00, 0x70, 0x8B, 0x00, 0xFF,
0x00, 0x69, 0x93, 0x00, 0x00, 0xFF, 0x62, 0xDB, 0x78, 0x00, 0x00, 0xFF, 0x9E, 0x0E, 0xD9, 0x16,
0x00, 0xFF, 0x02, 0x00, 0x64, 0x98, 0x00, 0xFF, 0x00, 0x00, 0x02, 0xCD, 0x2B, 0xFF, 0x00, 0x00,
0x00, 0x44, 0xB7, 0xFF, 0xFF, 0xFF, 0xFF, 0xFF, 0xFF, 0xFF, 0xFF, 0xFF, 0xFF, 0xFF, 0xFF, 0x47,
0xD6, 0xF9, 0xD7, 0x47, 0x5E, 0xDA, 0xFD, 0xFA, 0x50, 0xFF, 0xC3, 0x29, 0x0A, 0x78, 0xF6, 0xBF,
0x28, 0x02, 0x52, 0xFA, 0xFF, 0x2C, 0x00, 0x00, 0x0A, 0xFF, 0x27, 0x00, 0x00, 0x00, 0xFF, 0xFF,
0x06, 0x00, 0x00, 0x00, 0xFF, 0x02, 0x00, 0x00, 0x00, 0xFF, 0xFF, 0x00, 0x00, 0x00, 0x00, 0xFF,
0x00, 0x00, 0x00, 0x00, 0xFF, 0xFF, 0x00, 0x00, 0x00, 0x00, 0xFF, 0x00, 0x00, 0x00, 0x00, 0xFF,
0xFF, 0x00, 0x00, 0x00, 0x00, 0xFF, 0x00, 0x00, 0x00, 0x00, 0xFF, 0xFF, 0x00, 0x00, 0x00, 0x00,
0xFF, 0x00, 0x00, 0x00, 0x00, 0xFF, 0xFF, 0x5C, 0xDD, 0xFD, 0xFA, 0x50, 0xFF, 0xBD, 0x26, 0x01,
0x52, 0xFA, 0xFF, 0x2B, 0x00, 0x00, 0x00, 0xFF, 0xFF, 0x06, 0x00, 0x00, 0x00, 0xFF, 0xFF, 0x00,
0x00, 0x00, 0x00, 0xFF, 0xFF, 0x00, 0x00, 0x00, 0x00, 0xFF, 0xFF, 0x00, 0x00, 0x00, 0x00, 0xFF,
0xFF, 0x00, 0x00, 0x00, 0x00, 0xFF, 0x02, 0x82, 0xE6, 0xF6, 0xC4, 0x29, 0x73, 0x90, 0x0D, 0x0A,
0x74, 0xA9, 0xD4, 0x21, 0x00, 0x00, 0x16, 0xE4, 0xF8, 0x07, 0x00, 0x00, 0x04, 0xF8, 0xF1, 0x07,
0x00, 0x00, 0x06, 0xFF, 0xCD, 0x22, 0x00, 0x00, 0x16, 0xFF, 0x67, 0x90, 0x0D, 0x0A, 0x74, 0xEC,
0x02, 0x8A, 0xEF, 0xEF, 0xAD, 0x31, 0xFF, 0x64, 0xE9, 0xEE, 0x9A, 0x0D, 0xFF, 0xD5, 0x2A, 0x14,
0x99, 0xA4, 0xFF, 0x48, 0x00, 0x00, 0x22, 0xE0, 0xFF, 0x10, 0x00, 0x00, 0x07, 0xF6, 0xFF, 0x0C,
0x00, 0x00, 0x06, 0xF5, 0xFF, 0x3B, 0x00, 0x00, 0x18, 0xE5, 0xFF, 0xC9, 0x20, 0x0A, 0x77, 0xA9,
0xFF, 0x72, 0xE6, 0xE7, 0x90, 0x0C, 0xFF, 0x00, 0x00, 0x00, 0x00, 0x00, 0xFF, 0x00, 0x00, 0x00,
0x00, 0x00, 0xFF, 0x00, 0x00, 0x00, 0x00, 0x00, 0x02, 0x86, 0xED, 0xE8, 0x60, 0xFF, 0x6F, 0x7E,
0x0A, 0x29, 0xD2, 0xFF, 0xD0, 0x1A, 0x00, 0x00, 0x48, 0xFF, 0xF7, 0x05, 0x00, 0x00, 0x12, 0xFF,
0xEC, 0x06, 0x00, 0x00, 0x0B, 0xFF, 0xC2, 0x1E, 0x00, 0x00, 0x39, 0xFF, 0x4D, 0x89, 0x0D, 0x1F,
0xC7, 0xFF, 0x00, 0x6D, 0xE7, 0xE9, 0x69, 0xFF, 0x00, 0x00, 0x00, 0x00, 0x00, 0xFF, 0x00, 0x00,
0x00, 0x00, 0x00, 0xFF, 0x00, 0x00, 0x00, 0x00, 0x00, 0xFF, 0xFF, 0x67, 0xF0, 0xBF, 0xFF, 0xA3,
0x0C, 0x24, 0xFF, 0x2D, 0x00, 0x00, 0xFF, 0x08, 0x00, 0x00, 0xFF, 0x00, 0x00, 0x00, 0xFF, 0x00,
0x00, 0x00, 0xFF, 0x00, 0x00, 0x00, 0xFF, 0x00, 0x00, 0x00, 0x51, 0xFA, 0xFF, 0xE7, 0xB5, 0x2C,
0xFA, 0x51, 0x00, 0x0C, 0x69, 0xD4, 0xEB, 0x5C, 0x00, 0x00, 0x00, 0x00, 0x4C, 0xFF, 0xB3, 0x51,
0x4F, 0x00, 0x00, 0x30, 0x66, 0x9C, 0xE4, 0x5C, 0x00, 0x00, 0x00, 0x00, 0x32, 0xFF, 0xCD, 0x69,
0x0D, 0x00, 0x50, 0xFA, 0x26, 0xBA, 0xF1, 0xFF, 0xFA, 0x51, 0x00, 0x52, 0x00, 0x00, 0x00, 0xFF,
0x00, 0x00, 0x00, 0xFF, 0x00, 0x00, 0xFF, 0xFF, 0xFF, 0xFF, 0x00, 0xFF, 0x00, 0x00, 0x00, 0xFF,
0x00, 0x00, 0x00, 0xFF, 0x00, 0x00, 0x00, 0xFF, 0x00, 0x00, 0x00, 0xFF, 0x00, 0x00, 0x00, 0xF1,
0x2A, 0x18, 0x00, 0x77, 0xF3, 0xF4, 0xFF, 0x00, 0x00, 0x00, 0x00, 0xFF, 0xFF, 0x00, 0x00, 0x00,
0x00, 0xFF, 0xFF, 0x00, 0x00, 0x00, 0x00, 0xFF, 0xFF, 0x00, 0x00, 0x00, 0x00, 0xFF, 0xFF, 0x00,
0x00, 0x00, 0x04, 0xFF, 0xFF, 0x00, 0x00, 0x00, 0x26, 0xFF, 0xFA, 0x51, 0x01, 0x26, 0xBB, 0xFF,
0x52, 0xFA, 0xFD, 0xD9, 0x4F, 0xFF, 0x12, 0xE4, 0x0D, 0x00, 0x00, 0x00, 0x0C, 0xE4, 0x12, 0x00,
0x96, 0x74, 0x00, 0x00, 0x00, 0x72, 0x97, 0x00, 0x00, 0x25, 0xE4, 0x07, 0x00, 0x05, 0xE2, 0x28,
0x00, 0x00, 0x00, 0xB2, 0x66, 0x00, 0x5F, 0xB7, 0x00, 0x00, 0x00, 0x00, 0x40, 0xDC, 0x03, 0xD4,
0x47, 0x00, 0x00, 0x00, 0x00, 0x00, 0xCD, 0x6F, 0xD6, 0x01, 0x00, 0x00, 0x00, 0x00, 0x00, 0x5C,
0xF2, 0x67, 0x00, 0x00, 0x00, 0x00, 0x00, 0x00, 0x05, 0xD1, 0x0A, 0x00, 0x00, 0x00, 0xE2, 0x1E,
0x00, 0x00, 0x28, 0xFF, 0x3C, 0x00, 0x00, 0x1E, 0xE0, 0xA7, 0x5A, 0x00, 0x00, 0x8E, 0xD0, 0x9F,
0x00, 0x00, 0x5B, 0xA3, 0x6B, 0x96, 0x00, 0x07, 0xE4, 0x23, 0xED, 0x0D, 0x00, 0x98, 0x66, 0x2F,
0xD2, 0x00, 0x5B, 0xA3, 0x00, 0xA8, 0x65, 0x00, 0xD4, 0x29, 0x02, 0xEE, 0x11, 0xC1, 0x3F, 0x00,
0x46, 0xC8, 0x11, 0xEA, 0x01, 0x00, 0xB7, 0x73, 0xD9, 0x00, 0x00, 0x02, 0xE0, 0x7B, 0xAF, 0x00,
0x00, 0x7B, 0xF6, 0x76, 0x00, 0x00, 0x00, 0x80, 0xF8, 0x72, 0x00, 0x00, 0x3E, 0xFA, 0x17, 0x00,
0x00, 0x00, 0x1F, 0xFE, 0x36, 0x00, 0xA0, 0x5F, 0x00, 0x00, 0x00, 0x60, 0x9F, 0x0A, 0xCA, 0x29,
0x00, 0x2B, 0xCA, 0x0A, 0x00, 0x2B, 0xCA, 0x14, 0xCA, 0x2A, 0x00, 0x00, 0x00, 0x60, 0xE9, 0x5F,
0x00, 0x00, 0x00, 0x00, 0x60, 0xEB, 0x5F, 0x00, 0x00, 0x00, 0x2A, 0xCB, 0x15, 0xC8, 0x2A, 0x00,
0x0A, 0xCB, 0x2B, 0x00, 0x29, 0xC9, 0x0A, 0xA0, 0x60, 0x00, 0x00, 0x00, 0x5F, 0x9F, 0x2B, 0xD3,
0x00, 0x00, 0x00, 0x00, 0x09, 0xE4, 0x11, 0x00, 0xC0, 0x47, 0x00, 0x00, 0x00, 0x64, 0xA0, 0x00,
0x00, 0x55, 0xBA, 0x00, 0x00, 0x00, 0xD0, 0x38, 0x00, 0x00, 0x04, 0xE4, 0x2E, 0x00, 0x3E, 0xD1,
0x00, 0x00, 0x00, 0x00, 0x7F, 0xA0, 0x00, 0xAB, 0x69, 0x00, 0x00, 0x00, 0x00, 0x19, 0xF2, 0x26,
0xEE, 0x0E, 0x00, 0x00, 0x00, 0x00, 0x00, 0xA9, 0xD3, 0x9A, 0x00, 0x00, 0x00, 0x00, 0x00, 0x00,
0x3E, 0xFF, 0x32, 0x00, 0x00, 0x00, 0x00, 0x00, 0x00, 0x20, 0xDD, 0x00, 0x00, 0x00, 0x00, 0x00,
0x00, 0x0D, 0x8E, 0x80, 0x00, 0x00, 0x00, 0x00, 0x00, 0x00, 0xF3, 0xBF, 0x09, 0x00, 0x00, 0x00,
0x00, 0xFF, 0xFF, 0xFF, 0xFF, 0xFF, 0xA1, 0x00, 0x00, 0x00, 0x1A, 0xDB, 0x10, 0x00, 0x00, 0x00,
0xA6, 0x5C, 0x00, 0x00, 0x00, 0x3F, 0xBE, 0x00, 0x00, 0x00, 0x04, 0xCD, 0x29, 0x00, 0x00, 0x00,
0x71, 0x86, 0x00, 0x00, 0x00, 0x18, 0x92, 0x07, 0x00, 0x00, 0x00, 0xAA, 0xFF, 0xFF, 0xFF, 0xFF,
0xFF, 0x00, 0x00, 0x42, 0xDE, 0xFE, 0x00, 0x00, 0xDA, 0x53, 0x05, 0x00, 0x00, 0xFF, 0x05, 0x00,
0x00, 0x00, 0xFD, 0x00, 0x00, 0x00, 0x01, 0xF8, 0x00, 0x00, 0x00, 0x04, 0xE1, 0x00, 0x00, 0x12,
0x7E, 0x91, 0x00, 0x00, 0xFF, 0xE7, 0x14, 0x00, 0x00, 0x0E, 0x6F, 0xA1, 0x00, 0x00, 0x00, 0x02,
0xEA, 0x00, 0x00, 0x00, 0x00, 0xFC, 0x00, 0x00, 0x00, 0x00, 0xFB, 0x00, 0x00, 0x00, 0x00, 0xDB,
0x3B, 0x03, 0x00, 0x00, 0x48, 0xDF, 0xFE, 0xFF, 0xFF, 0xFF, 0xFF, 0xFF, 0xFF, 0xFF, 0xFF, 0xFF,
0xFF, 0xFF, 0xFF, 0xFF, 0xFF, 0xFE, 0xDA, 0x36, 0x00, 0x00, 0x04, 0x45, 0xC5, 0x00, 0x00, 0x00,
0x00, 0xF4, 0x00, 0x00, 0x00, 0x00, 0xFD, 0x00, 0x00, 0x00, 0x00, 0xF8, 0x00, 0x00, 0x00, 0x00,
0xE0, 0x04, 0x00, 0x00, 0x00, 0x8E, 0x7F, 0x12, 0x00, 0x00, 0x15, 0xE7, 0xFF, 0x00, 0x00, 0xB2,
0x6F, 0x0E, 0x00, 0x00, 0xFA, 0x01, 0x00, 0x00, 0x00, 0xFF, 0x00, 0x00, 0x00, 0x02, 0xFF, 0x00,
0x00, 0x04, 0x49, 0xE2, 0x00, 0x00, 0xFE, 0xE1, 0x51, 0x00, 0x00, 0x64, 0xDC, 0xF2, 0xBF, 0x64,
0x13, 0x1A, 0xA0, 0x9A, 0x1E, 0x13, 0x61, 0xC2, 0xF6, 0xDD, 0x6A, 0x00, 0xFF, 0x00, 0xFF, 0xFF,
0xFF, 0xFF, 0xFF, 0xFF, 0xFF, 0xFF, 0xFF, 0x00, 0x00, 0x00, 0x00, 0x01, 0x00, 0x00, 0x00, 0x00,
0x00, 0xB9, 0x20, 0x00, 0x00, 0x00, 0x04, 0xE1, 0x01, 0x00, 0x00, 0x00, 0x31, 0xAB, 0x00, 0x00,
0x51, 0xFA, 0xFF, 0xCD, 0x14, 0x51, 0xF5, 0x51, 0xB4, 0xA8, 0x9F, 0xFA, 0x50, 0x06, 0xD9, 0x18,
0x65, 0xFF, 0x00, 0x43, 0xA3, 0x00, 0x00, 0xF6, 0x09, 0x8A, 0x61, 0x00, 0x00, 0xD5, 0x3C, 0xD1,
0x1F, 0x20, 0xDA, 0x77, 0xD3, 0xDE, 0x14, 0xB1, 0x73, 0x03, 0x91, 0xFF, 0xEC, 0x89, 0x02, 0x00,
0x94, 0x56, 0x00, 0x00, 0x00, 0x00, 0xDA, 0x16, 0x00, 0x00, 0x00, 0x14, 0xC9, 0x00, 0x00, 0x00,
0x00, 0x00, 0x01, 0x00, 0x00, 0x00, 0x00, 0x00, 0x09, 0x93, 0xEA, 0xF1, 0xB3, 0x20, 0x00, 0x9A,
0x55, 0x07, 0x0F, 0x71, 0xCB, 0x00, 0xF0, 0x05, 0x00, 0x00, 0x00, 0x00, 0x00, 0xF3, 0x18, 0x00,
0x00, 0x00, 0x00, 0x00, 0xB4, 0x5E, 0x00, 0x00, 0x00, 0x00, 0xFF, 0xFF, 0xFF, 0xFF, 0xFF, 0x00,
0x00, 0x00, 0x13, 0xEF, 0x00, 0x00, 0x00, 0x00, 0x00, 0x14, 0xCC, 0x00, 0x00, 0x00, 0x00, 0x00,
0x69, 0x42, 0x00, 0x00, 0x00, 0x00, 0x55, 0xF0, 0xF3, 0xD6, 0x6B, 0x14, 0x82, 0xA7, 0x4B, 0x09,
0x46, 0xC1, 0xEF, 0x74, 0x5F, 0xD1, 0x47, 0xD2, 0xD1, 0x48, 0xD2, 0x5E, 0x14, 0x85, 0xB6, 0x1C,
0x1C, 0xB8, 0x85, 0x14, 0x00, 0xC9, 0x1B, 0x00, 0x00, 0x1C, 0xC9, 0x00, 0x00, 0xCA, 0x1B, 0x00,
0x00, 0x1C, 0xCA, 0x00, 0x11, 0x81, 0xB4, 0x1B, 0x1B, 0xB6, 0x81, 0x11, 0x61, 0xD2, 0x48, 0xD2,
0xD1, 0x48, 0xD3, 0x61, 0xC0, 0x3F, 0x00, 0x00, 0x00, 0x40, 0xBF, 0x40, 0xBD, 0x00, 0x00, 0x00,
0xC0, 0x3F, 0x00, 0xC0, 0x3C, 0x00, 0x40, 0xBF, 0x00, 0x00, 0x40, 0xBA, 0x00, 0xC0, 0x3F, 0x00,
0x00, 0x00, 0xBF, 0x79, 0xBF, 0x00, 0x00, 0xFF, 0xFF, 0xFF, 0xFF, 0xFF, 0xFF, 0xFF, 0x00, 0x00,
0x00, 0xFF, 0x00, 0x00, 0x00, 0xFF, 0xFF, 0xFF, 0xFF, 0xFF, 0xFF, 0xFF, 0x00, 0x00, 0x00, 0xFF,
0x00, 0x00, 0x00, 0x00, 0x00, 0x00, 0xFF, 0x00, 0x00, 0x00, 0x00, 0x00, 0x00, 0xFF, 0x00, 0x00,
0x00, 0xFF, 0xFF, 0xFF, 0xFF, 0xFF, 0x00, 0x00, 0x00, 0xFF, 0xFF, 0xFF, 0xFF, 0xFF, 0xFF, 0x00,
0x2A, 0xCC, 0xF2, 0xB0, 0x12, 0x00, 0x00, 0xC7, 0x6D, 0x0C, 0x92, 0x97, 0x00, 0x00, 0xF6, 0x14,
0x00, 0x1C, 0xE4, 0x00, 0x00, 0xCD, 0x9B, 0x05, 0x00, 0x00, 0x00, 0x19, 0xC1, 0xF4, 0xD1, 0x3E,
0x00, 0x00, 0xC8, 0x5B, 0x16, 0xAD, 0xFF, 0xA6, 0x0D, 0xEF, 0x24, 0x00, 0x00, 0x51, 0xE9, 0xA6,
0x97, 0xE3, 0x45, 0x00, 0x00, 0x27, 0xF1, 0x07, 0x93, 0xFD, 0xA2, 0x14, 0x6F, 0xAA, 0x00, 0x00,
0x35, 0xCE, 0xFE, 0xA9, 0x07, 0x00, 0x00, 0x00, 0x04, 0x9B, 0xC9, 0x00, 0xE0, 0x29, 0x00, 0x00,
0x13, 0xF5, 0x00, 0x81, 0xBA, 0x1D, 0x0C, 0x7D, 0xC3, 0x00, 0x06, 0x8B, 0xE6, 0xF6, 0xB5, 0x1F,
0x00, 0xFF, 0x00, 0xFF, 0x00, 0x51, 0xFA, 0xFF, 0xFF, 0xFF, 0xFF, 0xFF, 0xFA, 0x50, 0x00, 0x51,
0xF5, 0x51, 0x00, 0x00, 0x00, 0x00, 0x00, 0x52, 0xF5, 0x50, 0xFA, 0x50, 0x00, 0x51, 0xFA, 0xFE,
0xD1, 0x2D, 0x00, 0x52, 0xFA, 0xFF, 0x00, 0x00, 0xFA, 0x50, 0x02, 0x6A, 0xCD, 0x00, 0x00, 0xFF,
0xFF, 0x00, 0x00, 0xFF, 0x00, 0x00, 0x00, 0x00, 0x00, 0x00, 0xFF, 0xFF, 0x00, 0x00, 0xFF, 0x00,
0x00, 0x00, 0x00, 0x00, 0x00, 0xFF, 0xFF, 0x00, 0x00, 0xFA, 0x51, 0x03, 0x60, 0xCC, 0x00, 0x00,
0xFF, 0xFF, 0x00, 0x00, 0x52, 0xFA, 0xFC, 0xCA, 0x29, 0x00, 0x00, 0xFF, 0xFA, 0x50, 0x00, 0x00,
0x00, 0x00, 0x00, 0x00, 0x00, 0x51, 0xFA, 0x52, 0xF5, 0x50, 0x00, 0x00, 0x00, 0x00, 0x00, 0x50,
0xF5, 0x51, 0x00, 0x52, 0xFA, 0xFF, 0xFF, 0xFF, 0xFF, 0xFF, 0xFA, 0x51, 0x00, 0x35, 0xCE, 0xF7,
0xDF, 0x5B, 0xD8, 0x52, 0x08, 0x45, 0xEA, 0x0D, 0x63, 0x8E, 0xB4, 0xFF, 0xC9, 0xA7, 0x61, 0x3B,
0xFF, 0xF0, 0x3B, 0x0C, 0x7C, 0xFC, 0x65, 0xEB, 0xED, 0xA2, 0xF5, 0x00, 0x49, 0xB6, 0x00, 0x49,
0xB6, 0x04, 0xD2, 0x29, 0x04, 0xD2, 0x29, 0x6E, 0x92, 0x00, 0x6E, 0x92, 0x00, 0xDB, 0x24, 0x00,
0xDB, 0x24, 0x00, 0x6E, 0x92, 0x00, 0x6E, 0x92, 0x00, 0x04, 0xD2, 0x28, 0x04, 0xD2, 0x28, 0x00,
0x49, 0xB6, 0x00, 0x49, 0xB6, 0xFF, 0xFF, 0xFF, 0xFF, 0xFF, 0xFF, 0xFF, 0x00, 0x00, 0x00, 0x00,
0x00, 0x00, 0xFF, 0x00, 0x00, 0x00, 0x00, 0x00, 0x00, 0xFF, 0x00, 0x00, 0x00, 0x00, 0x00, 0x00,
0xFF, 0xFF, 0xFF, 0xFF, 0xFF, 0x00, 0x51, 0xFA, 0xFF, 0xFF, 0xFF, 0xFF, 0xFF, 0xFA, 0x50, 0x00,
0x51, 0xF5, 0x51, 0x00, 0x00, 0x00, 0x00, 0x00, 0x52, 0xF5, 0x50, 0xFA, 0x50, 0x00, 0xFF, 0xFF,
0xFF, 0xFA, 0x50, 0x00, 0x52, 0xFA, 0xFF, 0x00, 0x00, 0xFF, 0x00, 0x00, 0x52, 0xFA, 0x00, 0x00,
0xFF, 0xFF, 0x00, 0x00, 0xFF, 0x00, 0x04, 0x49, 0xE0, 0x00, 0x00, 0xFF, 0xFF, 0x00, 0x00, 0xFF,
0xFF, 0xFF, 0xDB, 0x41, 0x00, 0x00, 0xFF, 0xFF, 0x00, 0x00, 0xFF, 0x15, 0x67, 0xA0, 0x04, 0x00,
0x00, 0xFF, 0xFF, 0x00, 0x00, 0xFF, 0x00, 0x00, 0x67, 0x96, 0x00, 0x00, 0xFF, 0xFA, 0x50, 0x00,
0x00, 0x00, 0x00, 0x00, 0x00, 0x00, 0x51, 0xFA, 0x52, 0xF5, 0x50, 0x00, 0x00, 0x00, 0x00, 0x00,
0x50, 0xF5, 0x51, 0x00, 0x52, 0xFA, 0xFF, 0xFF, 0xFF, 0xFF, 0xFF, 0xFA, 0x51, 0x00, 0xFF, 0xFF,
0xFF, 0xFF, 0xFF, 0xFF, 0xFF, 0xFF, 0x49, 0xE3, 0xE3, 0x47, 0xE4, 0x3C, 0x3C, 0xE3, 0xE4, 0x3A,
0x3A, 0xE3, 0x4B, 0xE4, 0xE4, 0x49, 0x00, 0x00, 0x00, 0xFF, 0x00, 0x00, 0x00, 0x00, 0x00, 0x00,
0xFF, 0x00, 0x00, 0x00, 0x00, 0x00, 0x00, 0xFF, 0x00, 0x00, 0x00, 0xFF, 0xFF, 0xFF, 0xFF, 0xFF,
0xFF, 0xFF, 0x00, 0x00, 0x00, 0xFF, 0x00, 0x00, 0x00, 0x00, 0x00, 0x00, 0xFF, 0x00, 0x00, 0x00,
0x00, 0x00, 0x00, 0xFF, 0x00, 0x00, 0x00, 0x00, 0x00, 0x00, 0x00, 0x00, 0x00, 0x00, 0xFF, 0xFF,
0xFF, 0xFF, 0xFF, 0xFF, 0xFF, 0x31, 0xCE, 0xF8, 0xE0, 0x5F, 0xCF, 0x58, 0x06, 0x3F, 0xF0, 0x00,
0x00, 0x00, 0x5D, 0xBC, 0x00, 0x0B, 0x9A, 0xC3, 0x14, 0x1F, 0xCE, 0x79, 0x04, 0x00, 0xCF, 0xFF,
0xFF, 0xFF, 0xFF, 0x2B, 0xCD, 0xF9, 0xE6, 0x7A, 0xC8, 0x66, 0x06, 0x42, 0xEA, 0x00, 0x00, 0x00,
0xF0, 0x66, 0x00, 0x00, 0x00, 0x29, 0xDD, 0xD5, 0x5C, 0x08, 0x5C, 0xE2, 0x38, 0xD2, 0xF8, 0xD4,
0x41, 0x40, 0xBF, 0xC0, 0x3F, 0xFF, 0x00, 0x00, 0x00, 0x00, 0xFF, 0xFF, 0x00, 0x00, 0x00, 0x00,
0xFF, 0xFF, 0x00, 0x00, 0x00, 0x00, 0xFF, 0xFF, 0x00, 0x00, 0x00, 0x00, 0xFF, 0xFF, 0x06, 0x00,
0x00, 0x07, 0xFF, 0xFF, 0x24, 0x00, 0x00, 0x25, 0xFF, 0xFF, 0xAF, 0x15, 0x1A, 0xB5, 0xFF, 0xFF,
0x6D, 0xDC, 0xE4, 0x72, 0xFF, 0xFF, 0x00, 0x00, 0x00, 0x00, 0x00, 0xFF, 0x00, 0x00, 0x00, 0x00,
0x00, 0xFF, 0x00, 0x00, 0x00, 0x00, 0x00, 0x09, 0x88, 0xDE, 0xFC, 0xFF, 0xFF, 0xFF, 0xFF, 0x91,
0xFF, 0xFF, 0xFF, 0x00, 0x00, 0xFF, 0x00, 0xE7, 0xFF, 0xFF, 0xFF, 0x00, 0x00, 0xFF, 0x00, 0xEC,
0xFF, 0xFF, 0xFF, 0x00, 0x00, 0xFF, 0x00, 0x99, 0xFF, 0xFF, 0xFF, 0x00, 0x00, 0xFF, 0x00, 0x0B,
0x90, 0xE6, 0xFF, 0x00, 0x00, 0xFF, 0x00, 0x00, 0x00, 0x00, 0xFF, 0x00, 0x00, 0xFF, 0x00, 0x00,
0x00, 0x00, 0xFF, 0x00, 0x00, 0xFF, 0x00, 0x00, 0x00, 0x00, 0xFF, 0x00, 0x00, 0xFF, 0x00, 0x00,
0x00, 0x00, 0xFF, 0x00, 0x00, 0xFF, 0x00, 0x00, 0x00, 0x00, 0xFF, 0x00, 0x00, 0xFF, 0x00, 0x00,
0x00, 0x00, 0xFF, 0x00, 0x00, 0xFF, 0x00, 0x00, 0x00, 0x00, 0xFF, 0x00, 0x00, 0xFF, 0x00, 0x00,
0x00, 0x00, 0xFF, 0x00, 0x00, 0xFF, 0x00, 0xFF, 0x31, 0xE8, 0x13, 0x01, 0x44, 0xE3, 0xFF, 0xF1,
0x84, 0x2A, 0x92, 0xFB, 0xD4, 0x5F, 0xFF, 0x00, 0x00, 0xFF, 0x00, 0x00, 0xFF, 0x00, 0x00, 0xFF,
0x00, 0x00, 0xFF, 0x1C, 0xBC, 0xF3, 0xBB, 0x1A, 0xAE, 0x7D, 0x0C, 0x82, 0xAC, 0xEE, 0x0E, 0x00,
0x0E, 0xEE, 0xEF, 0x0F, 0x00, 0x10, 0xED, 0xAF, 0x82, 0x0C, 0x82, 0xAC, 0x1C, 0xBC, 0xF3, 0xBB,
0x1A, 0xB7, 0x49, 0x00, 0xB7, 0x49, 0x00, 0x29, 0xD2, 0x04, 0x29, 0xD2, 0x04, 0x00, 0x93, 0x6D,
0x00, 0x93, 0x6D, 0x00, 0x25, 0xDB, 0x00, 0x25, 0xDB, 0x00, 0x93, 0x6D, 0x00, 0x93, 0x6D, 0x29,
0xD2, 0x04, 0x29, 0xD2, 0x04, 0xB7, 0x49, 0x00, 0xB7, 0x49, 0x00, 0x2A, 0x92, 0xFB, 0x00, 0x00,
0x00, 0x00, 0x00, 0x0B, 0xC9, 0x29, 0x00, 0xD4, 0x5F, 0xFF, 0x00, 0x00, 0x00, 0x00, 0x00, 0xA9,
0x5B, 0x00, 0x00, 0x00, 0x00, 0xFF, 0x00, 0x00, 0x00, 0x00, 0x73, 0x97, 0x00, 0x00, 0x00, 0x00,
0x00, 0xFF, 0x00, 0x00, 0x00, 0x40, 0xC8, 0x07, 0x00, 0x00, 0x00, 0x00, 0x00, 0xFF, 0x00, 0x00,
0x1B, 0xD8, 0x21, 0x00, 0x00, 0x00, 0x00, 0x00, 0x00, 0xFF, 0x00, 0x06, 0xC6, 0x4E, 0x00, 0x00,
0x43, 0xFC, 0x00, 0x00, 0x00, 0x00, 0x00, 0x97, 0x8A, 0x00, 0x00, 0x23, 0xEA, 0xFF, 0x00, 0x00,
0x00, 0x00, 0x60, 0xC2, 0x04, 0x00, 0x0D, 0xD3, 0x61, 0xFF, 0x00, 0x00, 0x00, 0x31, 0xE0, 0x1A,
0x00, 0x00, 0xB0, 0x6E, 0x00, 0xFF, 0x00, 0x00, 0x12, 0xDC, 0x43, 0x00, 0x00, 0x00, 0xFF, 0xFF,
0xFF, 0xFF, 0xFF, 0x02, 0xB8, 0x7D, 0x00, 0x00, 0x00, 0x00, 0x00, 0x00, 0x00, 0xFF, 0x00, 0x2A,
0x92, 0xFB, 0x00, 0x00, 0x00, 0x00, 0x00, 0x47, 0xB3, 0x01, 0x00, 0xD4, 0x5F, 0xFF, 0x00, 0x00,
0x00, 0x00, 0x1C, 0xCC, 0x12, 0x00, 0x00, 0x00, 0x00, 0xFF, 0x00, 0x00, 0x00, 0x05, 0xBF, 0x37,
0x00, 0x00, 0x00, 0x00, 0x00, 0xFF, 0x00, 0x00, 0x00, 0x8E, 0x6D, 0x00, 0x00, 0x00, 0x00, 0x00,
0x00, 0xFF, 0x00, 0x00, 0x51, 0xA9, 0x00, 0x00, 0x00, 0x00, 0x00, 0x00, 0x00, 0xFF, 0x00, 0x23,
0xCA, 0x0D, 0x00, 0x50, 0xE7, 0xF0, 0x75, 0x00, 0x00, 0x00, 0x08, 0xC5, 0x2E, 0x00, 0x00, 0xD1,
0x45, 0x39, 0xF3, 0x00, 0x00, 0x00, 0x9A, 0x61, 0x00, 0x00, 0x00, 0x00, 0x00, 0x4E, 0xC6, 0x00,
0x00, 0x5C, 0x9E, 0x00, 0x00, 0x00, 0x00, 0x00, 0x4F, 0xD8, 0x23, 0x00, 0x2A, 0xC7, 0x09, 0x00,
0x00, 0x00, 0x00, 0x48, 0xD2, 0x1C, 0x00, 0x0B, 0xC9, 0x26, 0x00, 0x00, 0x00, 0x00, 0x00, 0xD7,
0xFF, 0xFF, 0xFF, 0x44, 0xE5, 0xF3, 0x8C, 0x00, 0x00, 0x00, 0x00, 0x00, 0x24, 0xCA, 0x0D, 0x00,
0xD2, 0x4C, 0x3F, 0xEB, 0x00, 0x00, 0x00, 0x00, 0x08, 0xC5, 0x2D, 0x00, 0x00, 0x00, 0x00, 0xEF,
0x66, 0x00, 0x00, 0x00, 0x00, 0x9B, 0x61, 0x00, 0x00, 0x00, 0x13, 0x00, 0x29, 0xDD, 0x00, 0x00,
0x00, 0x5E, 0x9D, 0x00, 0x00, 0x00, 0x00, 0xDD, 0x49, 0x40, 0xE8, 0x00, 0x00, 0x2B, 0xC6, 0x09,
0x00, 0x00, 0x00, 0x00, 0x4D, 0xE8, 0xE9, 0x56, 0x00, 0x0C, 0xC9, 0x25, 0x00, 0x00, 0x41, 0xFC,
0x00, 0x00, 0x00, 0x00, 0x00, 0x00, 0xA6, 0x55, 0x00, 0x00, 0x1E, 0xE9, 0xFF, 0x00, 0x00, 0x00,
0x00, 0x00, 0x6A, 0x91, 0x00, 0x00, 0x08, 0xCC, 0x6C, 0xFF, 0x00, 0x00, 0x00, 0x00, 0x33, 0xC2,
0x06, 0x00, 0x00, 0xA0, 0x79, 0x00, 0xFF, 0x00, 0x00, 0x00, 0x10, 0xCC, 0x1E, 0x00, 0x00, 0x00,
0xFF, 0xFF, 0xFF, 0xFF, 0xFF, 0x00, 0x01, 0xB0, 0x4A, 0x00, 0x00, 0x00, 0x00, 0x00, 0x00, 0x00,
0xFF, 0x00, 0x00, 0x00, 0x00, 0xFF, 0x00, 0x00, 0x00, 0x00, 0x00, 0x00, 0x00, 0x00, 0x00, 0x00,
0x00, 0x00, 0x05, 0xFD, 0x00, 0x00, 0x00, 0x00, 0x00, 0x1E, 0xE4, 0x00, 0x00, 0x00, 0x00, 0x00,
0x5C, 0x88, 0x00, 0x00, 0x00, 0x00, 0x5F, 0xC2, 0x0C, 0x00, 0x00, 0x00, 0x71, 0xD1, 0x12, 0x00,
0x00, 0x00, 0x00, 0xEA, 0x2D, 0x00, 0x00, 0x00, 0x00, 0x00, 0xE8, 0x10, 0x00, 0x00, 0x00, 0x2E,
0xDA, 0x86, 0x69, 0x0D, 0x05, 0x34, 0xD0, 0x6E, 0x04, 0x78, 0xDA, 0xF6, 0xD9, 0x6E, 0x00, 0x00,
0x00, 0x00, 0x00, 0xC0, 0x3F, 0x00, 0x00, 0x00, 0x00, 0x00, 0x00, 0x00, 0x00, 0x00, 0x40, 0xBF,
0x00, 0x00, 0x00, 0x00, 0x00, 0x00, 0x00, 0x00, 0x00, 0x00, 0x00, 0x00, 0x00, 0x00, 0x00, 0x00,
0x00, 0x00, 0x00, 0x00, 0x57, 0xFF, 0x55, 0x00, 0x00, 0x00, 0x00, 0x00, 0x00, 0x00, 0x00, 0xB3,
0xA7, 0xB2, 0x00, 0x00, 0x00, 0x00, 0x00, 0x00, 0x00, 0x14, 0xEC, 0x10, 0xEB, 0x14, 0x00, 0x00,
0x00, 0x00, 0x00, 0x00, 0x6C, 0x9F, 0x00, 0x9F, 0x6B, 0x00, 0x00, 0x00, 0x00, 0x00, 0x00, 0xC8,
0x3D, 0x00, 0x3F, 0xC7, 0x00, 0x00, 0x00, 0x00, 0x00, 0x24, 0xD9, 0x00, 0x00, 0x00, 0xDA, 0x24,
0x00, 0x00, 0x00, 0x00, 0x81, 0x79, 0x00, 0x00, 0x00, 0x79, 0x80, 0x00, 0x00, 0x00, 0x00, 0xDC,
0xFF, 0xFF, 0xFF, 0xFF, 0xFF, 0xDB, 0x00, 0x00, 0x00, 0x39, 0xD3, 0x00, 0x00, 0x00, 0x00, 0x00,
0xD4, 0x38, 0x00, 0x00, 0x96, 0x65, 0x00, 0x00, 0x00, 0x00, 0x00, 0x68, 0x95, 0x00, 0x05, 0xD9,
0x09, 0x00, 0x00, 0x00, 0x00, 0x00, 0x0B, 0xDB, 0x05, 0x00, 0x00, 0x00, 0x00, 0x00, 0x40, 0xBF,
0x00, 0x00, 0x00, 0x00, 0x00, 0x00, 0x00, 0x00, 0x00, 0xC0, 0x3F, 0x00, 0x00, 0x00, 0x00, 0x00,
0x00, 0x00, 0x00, 0x00, 0x00, 0x00, 0x00, 0x00, 0x00, 0x00, 0x00, 0x00, 0x00, 0x00, 0x57, 0xFF,
0x55, 0x00, 0x00, 0x00, 0x00, 0x00, 0x00, 0x00, 0x00, 0xB3, 0xA7, 0xB2, 0x00, 0x00, 0x00, 0x00,
0x00, 0x00, 0x00, 0x14, 0xEC, 0x10, 0xEB, 0x14, 0x00, 0x00, 0x00, 0x00, 0x00, 0x00, 0x6C, 0x9F,
0x00, 0x9F, 0x6B, 0x00, 0x00, 0x00, 0x00, 0x00, 0x00, 0xC8, 0x3D, 0x00, 0x3F, 0xC7, 0x00, 0x00,
0x00, 0x00, 0x00, 0x24, 0xD9, 0x00, 0x00, 0x00, 0xDA, 0x24, 0x00, 0x00, 0x00, 0x00, 0x81, 0x79,
0x00, 0x00, 0x00, 0x79, 0x80, 0x00, 0x00, 0x00, 0x00, 0xDC, 0xFF, 0xFF, 0xFF, 0xFF, 0xFF, 0xDB,
0x00, 0x00, 0x00, 0x39, 0xD3, 0x00, 0x00, 0x00, 0x00, 0x00, 0xD4, 0x38, 0x00, 0x00, 0x96, 0x65,
0x00, 0x00, 0x00, 0x00, 0x00, 0x68, 0x95, 0x00, 0x05, 0xD9, 0x09, 0x00, 0x00, 0x00, 0x00, 0x00,
0x0B, 0xDB, 0x05, 0x00, 0x00, 0x00, 0x00, 0x60, 0xFF, 0xFF, 0x5F, 0x00, 0x00, 0x00, 0x00, 0x00,
0x00, 0x2A, 0xE0, 0x55, 0x55, 0xDF, 0x2A, 0x00, 0x00, 0x00, 0x00, 0x00, 0x00, 0x00, 0x00, 0x00,
0x00, 0x00, 0x00, 0x00, 0x00, 0x00, 0x00, 0x00, 0x57, 0xFF, 0x55, 0x00, 0x00, 0x00, 0x00, 0x00,
0x00, 0x00, 0x00, 0xB3, 0xA7, 0xB2, 0x00, 0x00, 0x00, 0x00, 0x00, 0x00, 0x00, 0x14, 0xEC, 0x10,
0xEB, 0x14, 0x00, 0x00, 0x00, 0x00, 0x00, 0x00, 0x6C, 0x9F, 0x00, 0x9F, 0x6B, 0x00, 0x00, 0x00,
0x00, 0x00, 0x00, 0xC8, 0x3D, 0x00, 0x3F, 0xC7, 0x00, 0x00, 0x00, 0x00, 0x00, 0x24, 0xD9, 0x00,
0x00, 0x00, 0xDA, 0x24, 0x00, 0x00, 0x00, 0x00, 0x81, 0x79, 0x00, 0x00, 0x00, 0x79, 0x80, 0x00,
0x00, 0x00, 0x00, 0xDC, 0xFF, 0xFF, 0xFF, 0xFF, 0xFF, 0xDB, 0x00, 0x00, 0x00, 0x39, 0xD3, 0x00,
0x00, 0x00, 0x00, 0x00, 0xD4, 0x38, 0x00, 0x00, 0x96, 0x65, 0x00, 0x00, 0x00, 0x00, 0x00, 0x68,
0x95, 0x00, 0x05, 0xD9, 0x09, 0x00, 0x00, 0x00, 0x00, 0x00, 0x0B, 0xDB, 0x05, 0x00, 0x00, 0x00,
0x00, 0x52, 0xDA, 0x7B, 0xF7, 0x00, 0x00, 0x00, 0x00, 0x00, 0x00, 0x00, 0xFA, 0x69, 0xCE, 0x4F,
0x00, 0x00, 0x00, 0x00, 0x00, 0x00, 0x00, 0x00, 0x00, 0x00, 0x00, 0x00, 0x00, 0x00, 0x00, 0x00,
0x00, 0x00, 0x57, 0xFF, 0x55, 0x00, 0x00, 0x00, 0x00, 0x00, 0x00, 0x00, 0x00, 0xB3, 0xA7, 0xB2,
0x00, 0x00, 0x00, 0x00, 0x00, 0x00, 0x00, 0x14, 0xEC, 0x10, 0xEB, 0x14, 0x00, 0x00, 0x00, 0x00,
0x00, 0x00, 0x6C, 0x9F, 0x00, 0x9F, 0x6B, 0x00, 0x00, 0x00, 0x00, 0x00, 0x00, 0xC8, 0x3D, 0x00,
0x3F, 0xC7, 0x00, 0x00, 0x00, 0x00, 0x00, 0x24, 0xD9, 0x00, 0x00, 0x00, 0xDA, 0x24, 0x00, 0x00,
0x00, 0x00, 0x81, 0x79, 0x00, 0x00, 0x00, 0x79, 0x80, 0x00, 0x00, 0x00, 0x00, 0xDC, 0xFF, 0xFF,
0xFF, 0xFF, 0xFF, 0xDB, 0x00, 0x00, 0x00, 0x39, 0xD3, 0x00, 0x00, 0x00, 0x00, 0x00, 0xD4, 0x38,
0x00, 0x00, 0x96, 0x65, 0x00, 0x00, 0x00, 0x00, 0x00, 0x68, 0x95, 0x00, 0x05, 0xD9, 0x09, 0x00,
0x00, 0x00, 0x00, 0x00, 0x0B, 0xDB, 0x05, 0x00, 0x00, 0x00, 0x00, 0xFF, 0x00, 0xFF, 0x00, 0x00,
0x00, 0x00, 0x00, 0x00, 0x00, 0x00, 0x00, 0x00, 0x00, 0x00, 0x00, 0x00, 0x00, 0x00, 0x00, 0x00,
0x00, 0x57, 0xFF, 0x55, 0x00, 0x00, 0x00, 0x00, 0x00, 0x00, 0x00, 0x00, 0xB3, 0xA7, 0xB2, 0x00,
0x00, 0x00, 0x00, 0x00, 0x00, 0x00, 0x14, 0xEC, 0x10, 0xEB, 0x14, 0x00, 0x00, 0x00, 0x00, 0x00,
0x00, 0x6C, 0x9F, 0x00, 0x9F, 0x6B, 0x00, 0x00, 0x00, 0x00, 0x00, 0x00, 0xC8, 0x3D, 0x00, 0x3F,
0xC7, 0x00, 0x00, 0x00, 0x00, 0x00, 0x24, 0xD9, 0x00, 0x00, 0x00, 0xDA, 0x24, 0x00, 0x00, 0x00,
0x00, 0x81, 0x79, 0x00, 0x00, 0x00, 0x79, 0x80, 0x00, 0x00, 0x00, 0x00, 0xDC, 0xFF, 0xFF, 0xFF,
0xFF, 0xFF, 0xDB, 0x00, 0x00, 0x00, 0x39, 0xD3, 0x00, 0x00, 0x00, 0x00, 0x00, 0xD4, 0x38, 0x00,
0x00, 0x96, 0x65, 0x00, 0x00, 0x00, 0x00, 0x00, 0x68, 0x95, 0x00, 0x05, 0xD9, 0x09, 0x00, 0x00,
0x00, 0x00, 0x00, 0x0B, 0xDB, 0x05, 0x00, 0x00, 0x00, 0x00, 0x84, 0xF3, 0x84, 0x00, 0x00, 0x00,
0x00, 0x00, 0x00, 0x00, 0x00, 0xF4, 0x4B, 0xF3, 0x00, 0x00, 0x00, 0x00, 0x00, 0x00, 0x00, 0x00,
0xE0, 0xFF, 0xDA, 0x00, 0x00, 0x00, 0x00, 0x00, 0x00, 0x00, 0x00, 0xB3, 0xA7, 0xB2, 0x00, 0x00,
0x00, 0x00, 0x00, 0x00, 0x00, 0x14, 0xEC, 0x10, 0xEB, 0x14, 0x00, 0x00, 0x00, 0x00, 0x00, 0x00,
0x6C, 0x9F, 0x00, 0x9F, 0x6B, 0x00, 0x00, 0x00, 0x00, 0x00, 0x00, 0xC8, 0x3D, 0x00, 0x3F, 0xC7,
0x00, 0x00, 0x00, 0x00, 0x00, 0x24, 0xD9, 0x00, 0x00, 0x00, 0xDA, 0x24, 0x00, 0x00, 0x00, 0x00,
0x81, 0x79, 0x00, 0x00, 0x00, 0x79, 0x80, 0x00, 0x00, 0x00, 0x00, 0xDC, 0xFF, 0xFF, 0xFF, 0xFF,
0xFF, 0xDB, 0x00, 0x00, 0x00, 0x39, 0xD3, 0x00, 0x00, 0x00, 0x00, 0x00, 0xD4, 0x38, 0x00, 0x00,
0x96, 0x65, 0x00, 0x00, 0x00, 0x00, 0x00, 0x68, 0x95, 0x00, 0x05, 0xD9, 0x09, 0x00, 0x00, 0x00,
0x00, 0x00, 0x0B, 0xDB, 0x05, 0x00, 0x00, 0x00, 0x00, 0x00, 0x54, 0xFF, 0xFF, 0xFF, 0xFF, 0xFF,
0xFF, 0xFF, 0xFF, 0xFF, 0x00, 0x00, 0x00, 0x00, 0x01, 0xCF, 0x2D, 0x00, 0xFF, 0x00, 0x00, 0x00,
0x00, 0x00, 0x00, 0x00, 0x00, 0x00, 0x00, 0x50, 0xAE, 0x00, 0x00, 0xFF, 0x00, 0x00, 0x00, 0x00,
0x00, 0x00, 0x00, 0x00, 0x00, 0x00, 0xCC, 0x31, 0x00, 0x00, 0xFF, 0x00, 0x00, 0x00, 0x00, 0x00,
0x00, 0x00, 0x00, 0x00, 0x4C, 0xB2, 0x00, 0x00, 0x00, 0xFF, 0x00, 0x00, 0x00, 0x00, 0x00, 0x00,
0x00, 0x00, 0x00, 0xC9, 0x35, 0x00, 0x00, 0x00, 0xFF, 0xFF, 0xFF, 0xFF, 0xFF, 0xFF, 0xFF, 0x00,
0x00, 0x49, 0xB6, 0x00, 0x00, 0x00, 0x00, 0xFF, 0x00, 0x00, 0x00, 0x00, 0x00, 0x00, 0x00, 0x00,
0xC6, 0xFF, 0xFF, 0xFF, 0xFF, 0xFF, 0xFF, 0x00, 0x00, 0x00, 0x00, 0x00, 0x00, 0x00, 0x45, 0xBC,
0x00, 0x00, 0x00, 0x00, 0x00, 0xFF, 0x00, 0x00, 0x00, 0x00, 0x00, 0x00, 0x00, 0xC2, 0x3E, 0x00,
0x00, 0x00, 0x00, 0x00, 0xFF, 0x00, 0x00, 0x00, 0x00, 0x00, 0x00, 0x41, 0xBF, 0x00, 0x00, 0x00,
0x00, 0x00, 0x00, 0xFF, 0xFF, 0xFF, 0xFF, 0xFF, 0xFF, 0xFF, 0x00, 0x00, 0x61, 0xC7, 0xF2, 0xEA,
0xB3, 0x33, 0x00, 0x00, 0xA0, 0xC0, 0x3E, 0x0C, 0x15, 0x6B, 0xEE, 0x39, 0x54, 0xC8, 0x06, 0x00,
0x00, 0x00, 0x00, 0x69, 0xC6, 0xB8, 0x50, 0x00, 0x00, 0x00, 0x00, 0x00, 0x06, 0x28, 0xE9, 0x15,
0x00, 0x00, 0x00, 0x00, 0x00, 0x00, 0x00, 0xFA, 0x05, 0x00, 0x00, 0x00, 0x00, 0x00, 0x00, 0x00,
0xE6, 0x17, 0x00, 0x00, 0x00, 0x00, 0x00, 0x00, 0x00, 0xB1, 0x50, 0x00, 0x00, 0x00, 0x00, 0x00,
0x00, 0x4A, 0x52, 0xC5, 0x03, 0x00, 0x00, 0x00, 0x00, 0x2B, 0x9C, 0x00, 0xA9, 0xB8, 0x36, 0x08,
0x1E, 0x72, 0xCF, 0x1A, 0x00, 0x02, 0x6F, 0xD1, 0xF5, 0xE4, 0xA0, 0x1D, 0x00, 0x00, 0x00, 0x00,
0x31, 0xE8, 0x13, 0x00, 0x00, 0x00, 0x00, 0x00, 0x00, 0x01, 0x44, 0xE3, 0x00, 0x00, 0x00, 0x00,
0x00, 0x00, 0xFF, 0xF1, 0x84, 0x00, 0x00, 0x00, 0x00, 0x00, 0x00, 0xC0, 0x3F, 0x00, 0x00, 0x00,
0x00, 0x00, 0x00, 0x40, 0xBF, 0x00, 0x00, 0x00, 0x00, 0x00, 0x00, 0x00, 0x00, 0x00, 0x00, 0x00,
0xFF, 0xFF, 0xFF, 0xFF, 0xFF, 0xFF, 0xFF, 0xFF, 0xFF, 0x00, 0x00, 0x00, 0x00, 0x00, 0x00, 0x00,
0xFF, 0x00, 0x00, 0x00, 0x00, 0x00, 0x00, 0x00, 0xFF, 0x00, 0x00, 0x00, 0x00, 0x00, 0x00, 0x00,
0xFF, 0x00, 0x00, 0x00, 0x00, 0x00, 0x00, 0x00, 0xFF, 0xFF, 0xFF, 0xFF, 0xFF, 0xFF, 0xFF, 0xFF,
0xFF, 0x00, 0x00, 0x00, 0x00, 0x00, 0x00, 0x00, 0xFF, 0x00, 0x00, 0x00, 0x00, 0x00, 0x00, 0x00,
0xFF, 0x00, 0x00, 0x00, 0x00, 0x00, 0x00, 0x00, 0xFF, 0x00, 0x00, 0x00, 0x00, 0x00, 0x00, 0x00,
0xFF, 0xFF, 0xFF, 0xFF, 0xFF, 0xFF, 0xFF, 0xFF, 0x00, 0x00, 0x00, 0x40, 0xBF, 0x00, 0x00, 0x00,
0x00, 0x00, 0x00, 0xC0, 0x3F, 0x00, 0x00, 0x00, 0x00, 0x00, 0x00, 0x00, 0x00, 0x00, 0x00, 0x00,
0xFF, 0xFF, 0xFF, 0xFF, 0xFF, 0xFF, 0xFF, 0xFF, 0xFF, 0x00, 0x00, 0x00, 0x00, 0x00, 0x00, 0x00,
0xFF, 0x00, 0x00, 0x00, 0x00, 0x00, 0x00, 0x00, 0xFF, 0x00, 0x00, 0x00, 0x00, 0x00, 0x00, 0x00,
0xFF, 0x00, 0x00, 0x00, 0x00, 0x00, 0x00, 0x00, 0xFF, 0xFF, 0xFF, 0xFF, 0xFF, 0xFF, 0xFF, 0xFF,
0xFF, 0x00, 0x00, 0x00, 0x00, 0x00, 0x00, 0x00, 0xFF, 0x00, 0x00, 0x00, 0x00, 0x00, 0x00, 0x00,
0xFF, 0x00, 0x00, 0x00, 0x00, 0x00, 0x00, 0x00, 0xFF, 0x00, 0x00, 0x00, 0x00, 0x00, 0x00, 0x00,
0xFF, 0xFF, 0xFF, 0xFF, 0xFF, 0xFF, 0xFF, 0xFF, 0x00, 0x00, 0x60, 0xFF, 0xFF, 0x5F, 0x00, 0x00,
0x00, 0x2A, 0xE0, 0x55, 0x55, 0xDF, 0x2A, 0x00, 0x00, 0x00, 0x00, 0x00, 0x00, 0x00, 0x00, 0x00,
0xFF, 0xFF, 0xFF, 0xFF, 0xFF, 0xFF, 0xFF, 0xFF, 0xFF, 0x00, 0x00, 0x00, 0x00, 0x00, 0x00, 0x00,
0xFF, 0x00, 0x00, 0x00, 0x00, 0x00, 0x00, 0x00, 0xFF, 0x00, 0x00, 0x00, 0x00, 0x00, 0x00, 0x00,
0xFF, 0x00, 0x00, 0x00, 0x00, 0x00, 0x00, 0x00, 0xFF, 0xFF, 0xFF, 0xFF, 0xFF, 0xFF, 0xFF, 0xFF,
0xFF, 0x00, 0x00, 0x00, 0x00, 0x00, 0x00, 0x00, 0xFF, 0x00, 0x00, 0x00, 0x00, 0x00, 0x00, 0x00,
0xFF, 0x00, 0x00, 0x00, 0x00, 0x00, 0x00, 0x00, 0xFF, 0x00, 0x00, 0x00, 0x00, 0x00, 0x00, 0x00,
0xFF, 0xFF, 0xFF, 0xFF, 0xFF, 0xFF, 0xFF, 0xFF, 0x00, 0x00, 0x00, 0xFF, 0x00, 0xFF, 0x00, 0x00,
0x00, 0x00, 0x00, 0x00, 0x00, 0x00, 0x00, 0x00, 0xFF, 0xFF, 0xFF, 0xFF, 0xFF, 0xFF, 0xFF, 0xFF,
0xFF, 0x00, 0x00, 0x00, 0x00, 0x00, 0x00, 0x00, 0xFF, 0x00, 0x00, 0x00, 0x00, 0x00, 0x00, 0x00,
0xFF, 0x00, 0x00, 0x00, 0x00, 0x00, 0x00, 0x00, 0xFF, 0x00, 0x00, 0x00, 0x00, 0x00, 0x00, 0x00,
0xFF, 0xFF, 0xFF, 0xFF, 0xFF, 0xFF, 0xFF, 0xFF, 0xFF, 0x00, 0x00, 0x00, 0x00, 0x00, 0x00, 0x00,
0xFF, 0x00, 0x00, 0x00, 0x00, 0x00, 0x00, 0x00, 0xFF, 0x00, 0x00, 0x00, 0x00, 0x00, 0x00, 0x00,
0xFF, 0x00, 0x00, 0x00, 0x00, 0x00, 0x00, 0x00, 0xFF, 0xFF, 0xFF, 0xFF, 0xFF, 0xFF, 0xFF, 0xFF,
0xC0, 0x3F, 0x40, 0xBF, 0x00, 0x00, 0x00, 0xFF, 0x00, 0xFF, 0x00, 0xFF, 0x00, 0xFF, 0x00, 0xFF,
0x00, 0xFF, 0x00, 0xFF, 0x00, 0xFF, 0x00, 0xFF, 0x00, 0xFF, 0x00, 0xFF, 0x40, 0xBF, 0xC0, 0x3F,
0x00, 0x00, 0xFF, 0x00, 0xFF, 0x00, 0xFF, 0x00, 0xFF, 0x00, 0xFF, 0x00, 0xFF, 0x00, 0xFF, 0x00,
0xFF, 0x00, 0xFF, 0x00, 0xFF, 0x00, 0xFF, 0x00, 0x00, 0x60, 0xFF, 0xFF, 0x5F, 0x00, 0x2A, 0xE0,
0x55, 0x55, 0xDF, 0x2A, 0x00, 0x00, 0x00, 0x00, 0x00, 0x00, 0x00, 0x00, 0xFF, 0x00, 0x00, 0x00,
0x00, 0x00, 0xFF, 0x00, 0x00, 0x00, 0x00, 0x00, 0xFF, 0x00, 0x00, 0x00, 0x00, 0x00, 0xFF, 0x00,
0x00, 0x00, 0x00, 0x00, 0xFF, 0x00, 0x00, 0x00, 0x00, 0x00, 0xFF, 0x00, 0x00, 0x00, 0x00, 0x00,
0xFF, 0x00, 0x00, 0x00, 0x00, 0x00, 0xFF, 0x00, 0x00, 0x00, 0x00, 0x00, 0xFF, 0x00, 0x00, 0x00,
0x00, 0x00, 0xFF, 0x00, 0x00, 0x00, 0x00, 0x00, 0xFF, 0x00, 0x00, 0x00, 0xFF, 0x00, 0xFF, 0x00,
0x00, 0x00, 0x00, 0xFF, 0x00, 0x00, 0xFF, 0x00, 0x00, 0xFF, 0x00, 0x00, 0xFF, 0x00, 0x00, 0xFF,
0x00, 0x00, 0xFF, 0x00, 0x00, 0xFF, 0x00, 0x00, 0xFF, 0x00, 0x00, 0xFF, 0x00, 0x00, 0xFF, 0x00,
0x00, 0xFF, 0x00, 0x00, 0xFF, 0xFF, 0xFF, 0xFF, 0xFF, 0xFF, 0xFA, 0x50, 0x00, 0x00, 0xFF, 0x00,
0x00, 0x00, 0x00, 0x00, 0x52, 0xF5, 0x50, 0x00, 0xFF, 0x00, 0x00, 0x00, 0x00, 0x00, 0x00, 0x52,
0xFA, 0x00, 0xFF, 0x00, 0x00, 0x00, 0x00, 0x00, 0x00, 0x00, 0xFF, 0x00, 0xFF, 0x00, 0x00, 0x00,
0x00, 0x00, 0x00, 0x00, 0xFF, 0xFF, 0xFF, 0xFF, 0xFF, 0xFF, 0xFF, 0x00, 0x00, 0x00, 0xFF, 0x00,
0xFF, 0x00, 0x00, 0x00, 0x00, 0x00, 0x00, 0x00, 0xFF, 0x00, 0xFF, 0x00, 0x00, 0x00, 0x00, 0x00,
0x00, 0x00, 0xFF, 0x00, 0xFF, 0x00, 0x00, 0x00, 0x00, 0x00, 0x00, 0x51, 0xFA, 0x00, 0xFF, 0x00,
0x00, 0x00, 0x00, 0x00, 0x50, 0xF5, 0x51, 0x00, 0xFF, 0xFF, 0xFF, 0xFF, 0xFF, 0xFF, 0xFA, 0x51,
0x00, 0x00, 0x00, 0x52, 0xDA, 0x7B, 0xF7, 0x00, 0x00, 0x00, 0x00, 0xFA, 0x69, 0xCE, 0x4F, 0x00,
0x00, 0x00, 0x00, 0x00, 0x00, 0x00, 0x00, 0x00, 0x00, 0xFF, 0x65, 0x00, 0x00, 0x00, 0x00, 0x00,
0xFF, 0xFF, 0xC8, 0x14, 0x00, 0x00, 0x00, 0x00, 0xFF, 0xFF, 0x47, 0x9D, 0x00, 0x00, 0x00, 0x00,
0xFF, 0xFF, 0x00, 0xA9, 0x3B, 0x00, 0x00, 0x00, 0xFF, 0xFF, 0x00, 0x1B, 0xC5, 0x04, 0x00, 0x00,
0xFF, 0xFF, 0x00, 0x00, 0x73, 0x72, 0x00, 0x00, 0xFF, 0xFF, 0x00, 0x00, 0x04, 0xC5, 0x1B, 0x00,
0xFF, 0xFF, 0x00, 0x00, 0x00, 0x3B, 0xA8, 0x00, 0xFF, 0xFF, 0x00, 0x00, 0x00, 0x00, 0x9E, 0x46,
0xFF, 0xFF, 0x00, 0x00, 0x00, 0x00, 0x14, 0xC8, 0xFF, 0xFF, 0x00, 0x00, 0x00, 0x00, 0x00, 0x66,
0xFF, 0x00, 0x00, 0x00, 0x00, 0xC0, 0x3F, 0x00, 0x00, 0x00, 0x00, 0x00, 0x00, 0x00, 0x00, 0x40,
0xBF, 0x00, 0x00, 0x00, 0x00, 0x00, 0x00, 0x00, 0x00, 0x00, 0x00, 0x00, 0x00, 0x00, 0x00, 0x00,
0x00, 0x59, 0xC5, 0xF4, 0xEF, 0xBF, 0x50, 0x00, 0x00, 0x00, 0x8F, 0xD0, 0x4B, 0x0D, 0x10, 0x4F,
0xD7, 0x86, 0x00, 0x48, 0xD0, 0x0A, 0x00, 0x00, 0x00, 0x00, 0x0F, 0xDC, 0x42, 0xB2, 0x54, 0x00,
0x00, 0x00, 0x00, 0x00, 0x00, 0x5E, 0xAC, 0xE8, 0x18, 0x00, 0x00, 0x00, 0x00, 0x00, 0x00, 0x1A,
0xE5, 0xFA, 0x04, 0x00, 0x00, 0x00, 0x00, 0x00, 0x00, 0x05, 0xF9, 0xE9, 0x12, 0x00, 0x00, 0x00,
0x00, 0x00, 0x00, 0x17, 0xE5, 0xAE, 0x52, 0x00, 0x00, 0x00, 0x00, 0x00, 0x00, 0x59, 0xAE, 0x42,
0xD3, 0x0C, 0x00, 0x00, 0x00, 0x00, 0x0D, 0xD7, 0x46, 0x00, 0x85, 0xD1, 0x49, 0x0B, 0x0B, 0x4A,
0xD3, 0x8A, 0x00, 0x00, 0x00, 0x50, 0xC0, 0xF0, 0xF0, 0xBF, 0x50, 0x00, 0x00, 0x00, 0x00, 0x00,
0x00, 0x40, 0xBF, 0x00, 0x00, 0x00, 0x00, 0x00, 0x00, 0x00, 0x00, 0xC0, 0x3F, 0x00, 0x00, 0x00,
0x00, 0x00, 0x00, 0x00, 0x00, 0x00, 0x00, 0x00, 0x00, 0x00, 0x00, 0x00, 0x00, 0x59, 0xC5, 0xF4,
0xEF, 0xBF, 0x50, 0x00, 0x00, 0x00, 0x8F, 0xD0, 0x4B, 0x0D, 0x10, 0x4F, 0xD7, 0x86, 0x00, 0x48,
0xD0, 0x0A, 0x00, 0x00, 0x00, 0x00, 0x0F, 0xDC, 0x42, 0xB2, 0x54, 0x00, 0x00, 0x00, 0x00, 0x00,
0x00, 0x5E, 0xAC, 0xE8, 0x18, 0x00, 0x00, 0x00, 0x00, 0x00, 0x00, 0x1A, 0xE5, 0xFA, 0x04, 0x00,
0x00, 0x00, 0x00, 0x00, 0x00, 0x05, 0xF9, 0xE9, 0x12, 0x00, 0x00, 0x00, 0x00, 0x00, 0x00, 0x17,
0xE5, 0xAE, 0x52, 0x00, 0x00, 0x00, 0x00, 0x00, 0x00, 0x59, 0xAE, 0x42, 0xD3, 0x0C, 0x00, 0x00,
0x00, 0x00, 0x0D, 0xD7, 0x46, 0x00, 0x85, 0xD1, 0x49, 0x0B, 0x0B, 0x4A, 0xD3, 0x8A, 0x00, 0x00,
0x00, 0x50, 0xC0, 0xF0, 0xF0, 0xBF, 0x50, 0x00, 0x00, 0x00, 0x00, 0x00, 0x60, 0xFF, 0xFF, 0x5F,
0x00, 0x00, 0x00, 0x00, 0x00, 0x2A, 0xE0, 0x55, 0x55, 0xDF, 0x2A, 0x00, 0x00, 0x00, 0x00, 0x00,
0x00, 0x00, 0x00, 0x00, 0x00, 0x00, 0x00, 0x00, 0x00, 0x59, 0xC5, 0xF4, 0xEF, 0xBF, 0x50, 0x00,
0x00, 0x00, 0x8F, 0xD0, 0x4B, 0x0D, 0x10, 0x4F, 0xD7, 0x86, 0x00, 0x48, 0xD0, 0x0A, 0x00, 0x00,
0x00, 0x00, 0x0F, 0xDC, 0x42, 0xB2, 0x54, 0x00, 0x00, 0x00, 0x00, 0x00, 0x00, 0x5E, 0xAC, 0xE8,
0x18, 0x00, 0x00, 0x00, 0x00, 0x00, 0x00, 0x1A, 0xE5, 0xFA, 0x04, 0x00, 0x00, 0x00, 0x00, 0x00,
0x00, 0x05, 0xF9, 0xE9, 0x12, 0x00, 0x00, 0x00, 0x00, 0x00, 0x00, 0x17, 0xE5, 0xAE, 0x52, 0x00,
0x00, 0x00, 0x00, 0x00, 0x00, 0x59, 0xAE, 0x42, 0xD3, 0x0C, 0x00, 0x00, 0x00, 0x00, 0x0D, 0xD7,
0x46, 0x00, 0x85, 0xD1, 0x49, 0x0B, 0x0B, 0x4A, 0xD3, 0x8A, 0x00, 0x00, 0x00, 0x50, 0xC0, 0xF0,
0xF0, 0xBF, 0x50, 0x00, 0x00, 0x00, 0x00, 0x00, 0x52, 0xDA, 0x7B, 0xF7, 0x00, 0x00, 0x00, 0x00,
0x00, 0x00, 0xFA, 0x69, 0xCE, 0x4F, 0x00, 0x00, 0x00, 0x00, 0x00, 0x00, 0x00, 0x00, 0x00, 0x00,
0x00, 0x00, 0x00, 0x00, 0x00, 0x59, 0xC5, 0xF4, 0xEF, 0xBF, 0x50, 0x00, 0x00, 0x00, 0x8F, 0xD0,
0x4B, 0x0D, 0x10, 0x4F, 0xD7, 0x86, 0x00, 0x48, 0xD0, 0x0A, 0x00, 0x00, 0x00, 0x00, 0x0F, 0xDC,
0x42, 0xB2, 0x54, 0x00, 0x00, 0x00, 0x00, 0x00, 0x00, 0x5E, 0xAC, 0xE8, 0x18, 0x00, 0x00, 0x00,
0x00, 0x00, 0x00, 0x1A, 0xE5, 0xFA, 0x04, 0x00, 0x00, 0x00, 0x00, 0x00, 0x00, 0x05, 0xF9, 0xE9,
0x12, 0x00, 0x00, 0x00, 0x00, 0x00, 0x00, 0x17, 0xE5, 0xAE, 0x52, 0x00, 0x00, 0x00, 0x00, 0x00,
0x00, 0x59, 0xAE, 0x42, 0xD3, 0x0C, 0x00, 0x00, 0x00, 0x00, 0x0D, 0xD7, 0x46, 0x00, 0x85, 0xD1,
0x49, 0x0B, 0x0B, 0x4A, 0xD3, 0x8A, 0x00, 0x00, 0x00, 0x50, 0xC0, 0xF0, 0xF0, 0xBF, 0x50, 0x00,
0x00, 0x00, 0x00, 0x00, 0x00, 0xFF, 0x00, 0xFF, 0x00, 0x00, 0x00, 0x00, 0x00, 0x00, 0x00, 0x00,
0x00, 0x00, 0x00, 0x00, 0x00, 0x00, 0x00, 0x59, 0xC5, 0xF4, 0xEF, 0xBF, 0x50, 0x00, 0x00, 0x00,
0x8F, 0xD0, 0x4B, 0x0D, 0x10, 0x4F, 0xD7, 0x86, 0x00, 0x48, 0xD0, 0x0A, 0x00, 0x00, 0x00, 0x00,
0x0F, 0xDC, 0x42, 0xB2, 0x54, 0x00, 0x00, 0x00, 0x00, 0x00, 0x00, 0x5E, 0xAC, 0xE8, 0x18, 0x00,
0x00, 0x00, 0x00, 0x00, 0x00, 0x1A, 0xE5, 0xFA, 0x04, 0x00, 0x00, 0x00, 0x00, 0x00, 0x00, 0x05,
0xF9, 0xE9, 0x12, 0x00, 0x00, 0x00, 0x00, 0x00, 0x00, 0x17, 0xE5, 0xAE, 0x52, 0x00, 0x00, 0x00,
0x00, 0x00, 0x00, 0x59, 0xAE, 0x42, 0xD3, 0x0C, 0x00, 0x00, 0x00, 0x00, 0x0D, 0xD7, 0x46, 0x00,
0x85, 0xD1, 0x49, 0x0B, 0x0B, 0x4A, 0xD3, 0x8A, 0x00, 0x00, 0x00, 0x50, 0xC0, 0xF0, 0xF0, 0xBF,
0x50, 0x00, 0x00, 0x88, 0x50, 0x00, 0x00, 0x00, 0x57, 0xC2, 0x05, 0x58, 0xFA, 0x79, 0x00, 0x57,
0xE6, 0x28, 0x00, 0x00, 0x58, 0xFC, 0xBD, 0xEB, 0x2F, 0x00, 0x00, 0x00, 0x00, 0x94, 0xFF, 0x68,
0x00, 0x00, 0x00, 0x00, 0x57, 0xFC, 0xBB, 0xEB, 0x2F, 0x00, 0x00, 0x57, 0xF6, 0x6D, 0x00, 0x58,
0xE6, 0x28, 0x00, 0x91, 0x3B, 0x00, 0x00, 0x00, 0x58, 0xC2, 0x05, 0x00, 0x00, 0x00, 0x00, 0x00,
0x00, 0x00, 0x00, 0x00, 0x24, 0x00, 0x00, 0x58, 0xC6, 0xF3, 0xE6, 0xB3, 0x39, 0x6D, 0x9D, 0x00,
0x8C, 0xD0, 0x4A, 0x0D, 0x12, 0x4D, 0xDC, 0xBF, 0x03, 0x41, 0xD2, 0x0B, 0x00, 0x00, 0x00, 0x34,
0xC1, 0xE7, 0x28, 0xA7, 0x53, 0x00, 0x00, 0x00, 0x18, 0xC7, 0x18, 0x7C, 0xA5, 0xE2, 0x15, 0x00,
0x00, 0x07, 0xBF, 0x33, 0x00, 0x24, 0xE8, 0xF9, 0x05, 0x00, 0x00, 0xA2, 0x59, 0x00, 0x00, 0x05,
0xF8, 0xF5, 0x1C, 0x00, 0x76, 0x86, 0x00, 0x00, 0x00, 0x16, 0xE1, 0xCD, 0x5B, 0x4B, 0xB1, 0x02,
0x00, 0x00, 0x00, 0x57, 0xA4, 0x71, 0xE3, 0xC7, 0x0E, 0x00, 0x00, 0x00, 0x0D, 0xD5, 0x39, 0x1B,
0xFE, 0xD3, 0x4B, 0x14, 0x0B, 0x4A, 0xD2, 0x79, 0x00, 0xAD, 0x54, 0x81, 0xD2, 0xF2, 0xED, 0xB7,
0x46, 0x00, 0x00, 0x0A, 0x00, 0x00, 0x00, 0x00, 0x00, 0x00, 0x00, 0x00, 0x00, 0x00, 0x00, 0x00,
0xC0, 0x3F, 0x00, 0x00, 0x00, 0x00, 0x00, 0x00, 0x40, 0xBF, 0x00, 0x00, 0x00, 0x00, 0x00, 0x00,
0x00, 0x00, 0x00, 0x00, 0x00, 0xFF, 0x00, 0x00, 0x00, 0x00, 0x00, 0x00, 0xFF, 0xFF, 0x00, 0x00,
0x00, 0x00, 0x00, 0x00, 0xFF, 0xFF, 0x00, 0x00, 0x00, 0x00, 0x00, 0x00, 0xFF, 0xFF, 0x00, 0x00,
0x00, 0x00, 0x00, 0x00, 0xFF, 0xFF, 0x00, 0x00, 0x00, 0x00, 0x00, 0x00, 0xFF, 0xFF, 0x00, 0x00,
0x00, 0x00, 0x00, 0x00, 0xFF, 0xFB, 0x02, 0x00, 0x00, 0x00, 0x00, 0x02, 0xFB, 0xEA, 0x11, 0x00,
0x00, 0x00, 0x00, 0x13, 0xEB, 0xB9, 0x4D, 0x00, 0x00, 0x00, 0x00, 0x4D, 0xBA, 0x4A, 0xE1, 0x49,
0x0A, 0x13, 0x4E, 0xDE, 0x46, 0x00, 0x4F, 0xC6, 0xF3, 0xF2, 0xC5, 0x4A, 0x00, 0x00, 0x00, 0x00,
0x40, 0xBF, 0x00, 0x00, 0x00, 0x00, 0x00, 0x00, 0xC0, 0x3F, 0x00, 0x00, 0x00, 0x00, 0x00, 0x00,
0x00, 0x00, 0x00, 0x00, 0x00, 0xFF, 0x00, 0x00, 0x00, 0x00, 0x00, 0x00, 0xFF, 0xFF, 0x00, 0x00,
0x00, 0x00, 0x00, 0x00, 0xFF, 0xFF, 0x00, 0x00, 0x00, 0x00, 0x00, 0x00, 0xFF, 0xFF, 0x00, 0x00,
0x00, 0x00, 0x00, 0x00, 0xFF, 0xFF, 0x00, 0x00, 0x00, 0x00, 0x00, 0x00, 0xFF, 0xFF, 0x00, 0x00,
0x00, 0x00, 0x00, 0x00, 0xFF, 0xFB, 0x02, 0x00, 0x00, 0x00, 0x00, 0x02, 0xFB, 0xEA, 0x11, 0x00,
0x00, 0x00, 0x00, 0x13, 0xEB, 0xB9, 0x4D, 0x00, 0x00, 0x00, 0x00, 0x4D, 0xBA, 0x4A, 0xE1, 0x49,
0x0A, 0x13, 0x4E, 0xDE, 0x46, 0x00, 0x4F, 0xC6, 0xF3, 0xF2, 0xC5, 0x4A, 0x00, 0x00, 0x00, 0x60,
0xFF, 0xFF, 0x5F, 0x00, 0x00, 0x00, 0x2A, 0xE0, 0x55, 0x55, 0xDF, 0x2A, 0x00, 0x00, 0x00, 0x00,
0x00, 0x00, 0x00, 0x00, 0x00, 0xFF, 0x00, 0x00, 0x00, 0x00, 0x00, 0x00, 0xFF, 0xFF, 0x00, 0x00,
0x00, 0x00, 0x00, 0x00, 0xFF, 0xFF, 0x00, 0x00, 0x00, 0x00, 0x00, 0x00, 0xFF, 0xFF, 0x00, 0x00,
0x00, 0x00, 0x00, 0x00, 0xFF, 0xFF, 0x00, 0x00, 0x00, 0x00, 0x00, 0x00, 0xFF, 0xFF, 0x00, 0x00,
0x00, 0x00, 0x00, 0x00, 0xFF, 0xFB, 0x02, 0x00, 0x00, 0x00, 0x00, 0x02, 0xFB, 0xEA, 0x11, 0x00,
0x00, 0x00, 0x00, 0x13, 0xEB, 0xB9, 0x4D, 0x00, 0x00, 0x00, 0x00, 0x4D, 0xBA, 0x4A, 0xE1, 0x49,
0x0A, 0x13, 0x4E, 0xDE, 0x46, 0x00, 0x4F, 0xC6, 0xF3, 0xF2, 0xC5, 0x4A, 0x00, 0x00, 0x00, 0x00,
0xFF, 0x00, 0xFF, 0x00, 0x00, 0x00, 0x00, 0x00, 0x00, 0x00, 0x00, 0x00, 0x00, 0xFF, 0x00, 0x00,
0x00, 0x00, 0x00, 0x00, 0xFF, 0xFF, 0x00, 0x00, 0x00, 0x00, 0x00, 0x00, 0xFF, 0xFF, 0x00, 0x00,
0x00, 0x00, 0x00, 0x00, 0xFF, 0xFF, 0x00, 0x00, 0x00, 0x00, 0x00, 0x00, 0xFF, 0xFF, 0x00, 0x00,
0x00, 0x00, 0x00, 0x00, 0xFF, 0xFF, 0x00, 0x00, 0x00, 0x00, 0x00, 0x00, 0xFF, 0xFB, 0x02, 0x00,
0x00, 0x00, 0x00, 0x02, 0xFB, 0xEA, 0x11, 0x00, 0x00, 0x00, 0x00, 0x13, 0xEB, 0xB9, 0x4D, 0x00,
0x00, 0x00, 0x00, 0x4D, 0xBA, 0x4A, 0xE1, 0x49, 0x0A, 0x13, 0x4E, 0xDE, 0x46, 0x00, 0x4F, 0xC6,
0xF3, 0xF2, 0xC5, 0x4A, 0x00, 0x00, 0x00, 0x00, 0x00, 0x40, 0xBF, 0x00, 0x00, 0x00, 0x00, 0x00,
0x00, 0x00, 0xC0, 0x3F, 0x00, 0x00, 0x00, 0x00, 0x00, 0x00, 0x00, 0x00, 0x00, 0x00, 0x00, 0x00,
0xAE, 0x50, 0x00, 0x00, 0x00, 0x00, 0x00, 0x50, 0xAD, 0x19, 0xD4, 0x0D, 0x00, 0x00, 0x00, 0x0D,
0xD3, 0x19, 0x00, 0x65, 0x93, 0x00, 0x00, 0x00, 0x92, 0x64, 0x00, 0x00, 0x01, 0xBC, 0x37, 0x00,
0x38, 0xBC, 0x01, 0x00, 0x00, 0x00, 0x24, 0xCD, 0x11, 0xCF, 0x24, 0x00, 0x00, 0x00, 0x00, 0x00,
0x77, 0xE1, 0x76, 0x00, 0x00, 0x00, 0x00, 0x00, 0x00, 0x04, 0xFF, 0x03, 0x00, 0x00, 0x00, 0x00,
0x00, 0x00, 0x00, 0xFF, 0x00, 0x00, 0x00, 0x00, 0x00, 0x00, 0x00, 0x00, 0xFF, 0x00, 0x00, 0x00,
0x00, 0x00, 0x00, 0x00, 0x00, 0xFF, 0x00, 0x00, 0x00, 0x00, 0x00, 0x00, 0x00, 0x00, 0xFF, 0x00,
0x00, 0x00, 0x00, 0xFF, 0x00, 0x00, 0x00, 0x00, 0x00, 0x00, 0x00, 0xFF, 0x00, 0x00, 0x00, 0x00,
0x00, 0x00, 0x00, 0xFF, 0xFF, 0xFF, 0xFF, 0xF8, 0xD9, 0x78, 0x01, 0xFF, 0x00, 0x00, 0x00, 0x04,
0x25, 0xC4, 0x76, 0xFF, 0x00, 0x00, 0x00, 0x00, 0x00, 0x2E, 0xDD, 0xFF, 0x00, 0x00, 0x00, 0x00,
0x00, 0x09, 0xF6, 0xFF, 0x00, 0x00, 0x00, 0x00, 0x00, 0x35, 0xD0, 0xFF, 0x00, 0x00, 0x00, 0x0B,
0x3A, 0xD0, 0x5E, 0xFF, 0xFF, 0xFF, 0xFF, 0xF6, 0xD0, 0x68, 0x00, 0xFF, 0x00, 0x00, 0x00, 0x00,
0x00, 0x00, 0x00, 0xFF, 0x00, 0x00, 0x00, 0x00, 0x00, 0x00, 0x00, 0x00, 0x51, 0xFA, 0xFA, 0x50,
0x00, 0x00, 0x51, 0xF5, 0x51, 0x52, 0xFA, 0x00, 0x00, 0xFA, 0x50, 0x00, 0x03, 0xDE, 0x00, 0x00,
0xFF, 0x00, 0x00, 0x6D, 0x9D, 0x00, 0x00, 0xFF, 0x00, 0x00, 0xDC, 0x34, 0x00, 0x00, 0xFF, 0x00,
0x00, 0xD9, 0x73, 0x00, 0x00, 0xFF, 0x00, 0x00, 0x15, 0xBD, 0x9F, 0x09, 0xFF, 0x00, 0x00, 0x00,
0x03, 0x75, 0xAA, 0xFF, 0x00, 0x0B, 0x00, 0x00, 0x0B, 0xF9, 0xFF, 0x00, 0xE3, 0x51, 0x00, 0x50,
0xFA, 0xFF, 0x00, 0x52, 0xFA, 0xFF, 0xFA, 0x51, 0x00, 0x00, 0xC0, 0x3F, 0x00, 0x00, 0x00, 0x00,
0x40, 0xBF, 0x00, 0x00, 0x00, 0x00, 0x00, 0x00, 0x00, 0x00, 0x25, 0xB1, 0xE4, 0xF9, 0xD6, 0x4E,
0xCE, 0x6A, 0x0B, 0x0E, 0x7A, 0xE6, 0x00, 0x00, 0x00, 0x00, 0x07, 0xFE, 0x00, 0x3A, 0x82, 0xA9,
0xDD, 0xFF, 0x63, 0xDB, 0x65, 0x37, 0x1F, 0xFF, 0xE8, 0x1A, 0x00, 0x00, 0x2B, 0xFF, 0xDB, 0x5D,
0x08, 0x32, 0xD0, 0xFF, 0x3D, 0xD4, 0xF5, 0xD0, 0x5B, 0xFF, 0x00, 0x00, 0x40, 0xBF, 0x00, 0x00,
0x00, 0x00, 0xC0, 0x3F, 0x00, 0x00, 0x00, 0x00, 0x00, 0x00, 0x00, 0x00, 0x25, 0xB1, 0xE4, 0xF9,
0xD6, 0x4E, 0xCE, 0x6A, 0x0B, 0x0E, 0x7A, 0xE6, 0x00, 0x00, 0x00, 0x00, 0x07, 0xFE, 0x00, 0x3A,
0x82, 0xA9, 0xDD, 0xFF, 0x63, 0xDB, 0x65, 0x37, 0x1F, 0xFF, 0xE8, 0x1A, 0x00, 0x00, 0x2B, 0xFF,
0xDB, 0x5D, 0x08, 0x32, 0xD0, 0xFF, 0x3D, 0xD4, 0xF5, 0xD0, 0x5B, 0xFF, 0x00, 0x60, 0xFF, 0xFF,
0x5F, 0x00, 0x2A, 0xE0, 0x55, 0x55, 0xDF, 0x2A, 0x00, 0x00, 0x00, 0x00, 0x00, 0x00, 0x25, 0xB1,
0xE4, 0xF9, 0xD6, 0x4E, 0xCE, 0x6A, 0x0B, 0x0E, 0x7A, 0xE6, 0x00, 0x00, 0x00, 0x00, 0x07, 0xFE,
0x00, 0x3A, 0x82, 0xA9, 0xDD, 0xFF, 0x63, 0xDB, 0x65, 0x37, 0x1F, 0xFF, 0xE8, 0x1A, 0x00, 0x00,
0x2B, 0xFF, 0xDB, 0x5D, 0x08, 0x32, 0xD0, 0xFF, 0x3D, 0xD4, 0xF5, 0xD0, 0x5B, 0xFF, 0x00, 0x52,
0xDA, 0x7B, 0xF7, 0x00, 0x00, 0xFA, 0x69, 0xCE, 0x4F, 0x00, 0x00, 0x00, 0x00, 0x00, 0x00, 0x00,
0x25, 0xB1, 0xE4, 0xF9, 0xD6, 0x4E, 0xCE, 0x6A, 0x0B, 0x0E, 0x7A, 0xE6, 0x00, 0x00, 0x00, 0x00,
0x07, 0xFE, 0x00, 0x3A, 0x82, 0xA9, 0xDD, 0xFF, 0x63, 0xDB, 0x65, 0x37, 0x1F, 0xFF, 0xE8, 0x1A,
0x00, 0x00, 0x2B, 0xFF, 0xDB, 0x5D, 0x08, 0x32, 0xD0, 0xFF, 0x3D, 0xD4, 0xF5, 0xD0, 0x5B, 0xFF,
0x00, 0x00, 0xFF, 0x00, 0xFF, 0x00, 0x00, 0x00, 0x00, 0x00, 0x00, 0x00, 0x25, 0xB1, 0xE4, 0xF9,
0xD6, 0x4E, 0xCE, 0x6A, 0x0B, 0x0E, 0x7A, 0xE6, 0x00, 0x00, 0x00, 0x00, 0x07, 0xFE, 0x00, 0x3A,
0x82, 0xA9, 0xDD, 0xFF, 0x63, 0xDB, 0x65, 0x37, 0x1F, 0xFF, 0xE8, 0x1A, 0x00, 0x00, 0x2B, 0xFF,
0xDB, 0x5D, 0x08, 0x32, 0xD0, 0xFF, 0x3D, 0xD4, 0xF5, 0xD0, 0x5B, 0xFF, 0x00, 0x00, 0x87, 0xF3,
0x80, 0x00, 0x00, 0x00, 0xF7, 0x4B, 0xEF, 0x00, 0x00, 0x00, 0x8C, 0xF4, 0x81, 0x00, 0x00, 0x00,
0x00, 0x00, 0x00, 0x00, 0x25, 0xB1, 0xE4, 0xF9, 0xD6, 0x4E, 0xCE, 0x6A, 0x0B, 0x0E, 0x7A, 0xE6,
0x00, 0x00, 0x00, 0x00, 0x07, 0xFE, 0x00, 0x3A, 0x82, 0xA9, 0xDD, 0xFF, 0x63, 0xDB, 0x65, 0x37,
0x1F, 0xFF, 0xE8, 0x1A, 0x00, 0x00, 0x2B, 0xFF, 0xDB, 0x5D, 0x08, 0x32, 0xD0, 0xFF, 0x3D, 0xD4,
0xF5, 0xD0, 0x5B, 0xFF, 0x1E, 0xAA, 0xE1, 0xF9, 0xDF, 0x63, 0x49, 0xD8, 0xF9, 0xDB, 0x6A, 0x00,
0xC8, 0x74, 0x13, 0x09, 0x69, 0xFF, 0xC7, 0x32, 0x08, 0x2C, 0xC3, 0x63, 0x12, 0x00, 0x00, 0x00,
0x05, 0xFF, 0x24, 0x00, 0x00, 0x00, 0x25, 0xD2, 0x00, 0x0A, 0x59, 0xAD, 0xE0, 0xFF, 0xFF, 0xFF,
0xFF, 0xFF, 0xFF, 0xFA, 0x69, 0xD1, 0x8E, 0x60, 0x2A, 0xFF, 0x0A, 0x00, 0x00, 0x00, 0x01, 0x18,
0xF0, 0x18, 0x00, 0x00, 0x24, 0xFF, 0x3C, 0x00, 0x00, 0x00, 0x44, 0xCE, 0xD4, 0x5D, 0x08, 0x2F,
0xC6, 0xC4, 0xD7, 0x43, 0x09, 0x37, 0xDD, 0x51, 0x30, 0xC8, 0xF6, 0xD6, 0x5F, 0x00, 0x47, 0xD0,
0xF8, 0xD9, 0x5D, 0x00, 0x00, 0x76, 0xE3, 0xF4, 0xBA, 0x22, 0x67, 0x5F, 0x0C, 0x11, 0x6F, 0xCB,
0xCD, 0x0B, 0x00, 0x00, 0x00, 0x00, 0xF5, 0x02, 0x00, 0x00, 0x00, 0x00, 0xF0, 0x01, 0x00, 0x00,
0x00, 0x00, 0xCD, 0x07, 0x00, 0x00, 0x00, 0x00, 0x63, 0x54, 0x09, 0x12, 0x69, 0xCA, 0x01, 0x83,
0xEA, 0xF3, 0xB6, 0x1F, 0x00, 0x31, 0xE8, 0x13, 0x00, 0x00, 0x00, 0x01, 0x44, 0xE3, 0x00, 0x00,
0x00, 0xFF, 0xF1, 0x84, 0x00, 0x00, 0x00, 0x00, 0xC0, 0x3F, 0x00, 0x00, 0x00, 0x00, 0x40, 0xBF,
0x00, 0x00, 0x00, 0x00, 0x00, 0x00, 0x00, 0x00, 0x00, 0x80, 0xEB, 0xE7, 0x88, 0x04, 0x5D, 0x5A,
0x07, 0x08, 0x8D, 0x74, 0xC8, 0x0C, 0x00, 0x00, 0x1C, 0xD6, 0xEF, 0xFF, 0xFF, 0xFF, 0xFF, 0xF7,
0xF2, 0x08, 0x00, 0x00, 0x00, 0x00, 0xCF, 0x1E, 0x00, 0x00, 0x00, 0x00, 0x68, 0x79, 0x0C, 0x14,
0x7A, 0xBC, 0x02, 0x87, 0xEC, 0xF3, 0xB2, 0x19, 0x00, 0x00, 0x40, 0xBF, 0x00, 0x00, 0x00, 0x00,
0xC0, 0x3F, 0x00, 0x00, 0x00, 0x00, 0x00, 0x00, 0x00, 0x00, 0x00, 0x80, 0xEB, 0xE7, 0x88, 0x04,
0x5D, 0x5A, 0x07, 0x08, 0x8D, 0x74, 0xC8, 0x0C, 0x00, 0x00, 0x1C, 0xD6, 0xEF, 0xFF, 0xFF, 0xFF,
0xFF, 0xF7, 0xF2, 0x08, 0x00, 0x00, 0x00, 0x00, 0xCF, 0x1E, 0x00, 0x00, 0x00, 0x00, 0x68, 0x79,
0x0C, 0x14, 0x7A, 0xBC, 0x02, 0x87, 0xEC, 0xF3, 0xB2, 0x19, 0x00, 0x60, 0xFF, 0xFF, 0x5F, 0x00,
0x2A, 0xE0, 0x55, 0x55, 0xDF, 0x2A, 0x00, 0x00, 0x00, 0x00, 0x00, 0x00, 0x00, 0x80, 0xEB, 0xE7,
0x88, 0x04, 0x5D, 0x5A, 0x07, 0x08, 0x8D, 0x74, 0xC8, 0x0C, 0x00, 0x00, 0x1C, 0xD6, 0xEF, 0xFF,
0xFF, 0xFF, 0xFF, 0xF7, 0xF2, 0x08, 0x00, 0x00, 0x00, 0x00, 0xCF, 0x1E, 0x00, 0x00, 0x00, 0x00,
0x68, 0x79, 0x0C, 0x14, 0x7A, 0xBC, 0x02, 0x87, 0xEC, 0xF3, 0xB2, 0x19, 0x00, 0x00, 0xFF, 0x00,
0xFF, 0x00, 0x00, 0x00, 0x00, 0x00, 0x00, 0x00, 0x00, 0x80, 0xEB, 0xE7, 0x88, 0x04, 0x5D, 0x5A,
0x07, 0x08, 0x8D, 0x74, 0xC8, 0x0C, 0x00, 0x00, 0x1C, 0xD6, 0xEF, 0xFF, 0xFF, 0xFF, 0xFF, 0xF7,
0xF2, 0x08, 0x00, 0x00, 0x00, 0x00, 0xCF, 0x1E, 0x00, 0x00, 0x00, 0x00, 0x68, 0x79, 0x0C, 0x14,
0x7A, 0xBC, 0x02, 0x87, 0xEC, 0xF3, 0xB2, 0x19, 0xC0, 0x3F, 0x40, 0xBF, 0x00, 0x00, 0x00, 0xFF,
0x00, 0xFF, 0x00, 0xFF, 0x00, 0xFF, 0x00, 0xFF, 0x00, 0xFF, 0x00, 0xFF, 0x00, 0xFF, 0x40, 0xBF,
0xC0, 0x3F, 0x00, 0x00, 0xFF, 0x00, 0xFF, 0x00, 0xFF, 0x00, 0xFF, 0x00, 0xFF, 0x00, 0xFF, 0x00,
0xFF, 0x00, 0xFF, 0x00, 0x00, 0x60, 0xFF, 0xFF, 0x5F, 0x00, 0x2A, 0xE0, 0x55, 0x55, 0xDF, 0x2A,
0x00, 0x00, 0x00, 0x00, 0x00, 0x00, 0x00, 0x00, 0xFF, 0x00, 0x00, 0x00, 0x00, 0x00, 0xFF, 0x00,
0x00, 0x00, 0x00, 0x00, 0xFF, 0x00, 0x00, 0x00, 0x00, 0x00, 0xFF, 0x00, 0x00, 0x00, 0x00, 0x00,
0xFF, 0x00, 0x00, 0x00, 0x00, 0x00, 0xFF, 0x00, 0x00, 0x00, 0x00, 0x00, 0xFF, 0x00, 0x00, 0x00,
0x00, 0x00, 0xFF, 0x00, 0x00, 0x00, 0xFF, 0x00, 0xFF, 0x00, 0x00, 0x00, 0x00, 0xFF, 0x00, 0x00,
0xFF, 0x00, 0x00, 0xFF, 0x00, 0x00, 0xFF, 0x00, 0x00, 0xFF, 0x00, 0x00, 0xFF, 0x00, 0x00, 0xFF,
0x00, 0x00, 0xFF, 0x00, 0x00, 0x38, 0xE7, 0x68, 0xBB, 0x14, 0x00, 0x16, 0xB7, 0xFF, 0x5F, 0x00,
0x00, 0xA1, 0x5E, 0x72, 0xC0, 0x00, 0x00, 0x51, 0xF9, 0xDB, 0xFD, 0x3C, 0x51, 0xF5, 0x51, 0x27,
0xD2, 0x9B, 0xFA, 0x50, 0x00, 0x00, 0x42, 0xD8, 0xFF, 0x00, 0x00, 0x00, 0x0D, 0xF5, 0xFF, 0x00,
0x00, 0x00, 0x00, 0xFF, 0xFA, 0x50, 0x00, 0x00, 0x51, 0xFA, 0x52, 0xF5, 0x50, 0x50, 0xF5, 0x51,
0x00, 0x52, 0xFA, 0xFA, 0x51, 0x00, 0x00, 0x52, 0xDA, 0x7B, 0xF7, 0x00, 0x00, 0xFA, 0x69, 0xCE,
0x4F, 0x00, 0x00, 0x00, 0x00, 0x00, 0x00, 0x00, 0xFF, 0x5C, 0xDD, 0xFD, 0xFA, 0x50, 0xFF, 0xBD,
0x26, 0x01, 0x52, 0xFA, 0xFF, 0x2B, 0x00, 0x00, 0x00, 0xFF, 0xFF, 0x06, 0x00, 0x00, 0x00, 0xFF,
0xFF, 0x00, 0x00, 0x00, 0x00, 0xFF, 0xFF, 0x00, 0x00, 0x00, 0x00, 0xFF, 0xFF, 0x00, 0x00, 0x00,
0x00, 0xFF, 0xFF, 0x00, 0x00, 0x00, 0x00, 0xFF, 0x00, 0x00, 0xC0, 0x3F, 0x00, 0x00, 0x00, 0x00,
0x40, 0xBF, 0x00, 0x00, 0x00, 0x00, 0x00, 0x00, 0x00, 0x00, 0x02, 0x82, 0xE6, 0xF6, 0xC4, 0x29,
0x73, 0x90, 0x0D, 0x0A, 0x74, 0xA9, 0xD4, 0x21, 0x00, 0x00, 0x16, 0xE4, 0xF8, 0x07, 0x00, 0x00,
0x04, 0xF8, 0xF1, 0x07, 0x00, 0x00, 0x06, 0xFF, 0xCD, 0x22, 0x00, 0x00, 0x16, 0xFF, 0x67, 0x90,
0x0D, 0x0A, 0x74, 0xEC, 0x02, 0x8A, 0xEF, 0xEF, 0xAD, 0x31, 0x00, 0x00, 0x40, 0xBF, 0x00, 0x00,
0x00, 0x00, 0xC0, 0x3F, 0x00, 0x00, 0x00, 0x00, 0x00, 0x00, 0x00, 0x00, 0x02, 0x82, 0xE6, 0xF6,
0xC4, 0x29, 0x73, 0x90, 0x0D, 0x0A, 0x74, 0xA9, 0xD4, 0x21, 0x00, 0x00, 0x16, 0xE4, 0xF8, 0x07,
0x00, 0x00, 0x04, 0xF8, 0xF1, 0x07, 0x00, 0x00, 0x06, 0xFF, 0xCD, 0x22, 0x00, 0x00, 0x16, 0xFF,
0x67, 0x90, 0x0D, 0x0A, 0x74, 0xEC, 0x02, 0x8A, 0xEF, 0xEF, 0xAD, 0x31, 0x00, 0x60, 0xFF, 0xFF,
0x5F, 0x00, 0x2A, 0xE0, 0x55, 0x55, 0xDF, 0x2A, 0x00, 0x00, 0x00, 0x00, 0x00, 0x00, 0x02, 0x82,
0xE6, 0xF6, 0xC4, 0x29, 0x73, 0x90, 0x0D, 0x0A, 0x74, 0xA9, 0xD4, 0x21, 0x00, 0x00, 0x16, 0xE4,
0xF8, 0x07, 0x00, 0x00, 0x04, 0xF8, 0xF1, 0x07, 0x00, 0x00, 0x06, 0xFF, 0xCD, 0x22, 0x00, 0x00,
0x16, 0xFF, 0x67, 0x90, 0x0D, 0x0A, 0x74, 0xEC, 0x02, 0x8A, 0xEF, 0xEF, 0xAD, 0x31, 0x00, 0x52,
0xDA, 0x7B, 0xF7, 0x00, 0x00, 0xFA, 0x69, 0xCE, 0x4F, 0x00, 0x00, 0x00, 0x00, 0x00, 0x00, 0x00,
0x02, 0x82, 0xE6, 0xF6, 0xC4, 0x29, 0x73, 0x90, 0x0D, 0x0A, 0x74, 0xA9, 0xD4, 0x21, 0x00, 0x00,
0x16, 0xE4, 0xF8, 0x07, 0x00, 0x00, 0x04, 0xF8, 0xF1, 0x07, 0x00, 0x00, 0x06, 0xFF, 0xCD, 0x22,
0x00, 0x00, 0x16, 0xFF, 0x67, 0x90, 0x0D, 0x0A, 0x74, 0xEC, 0x02, 0x8A, 0xEF, 0xEF, 0xAD, 0x31,
0x00, 0x00, 0xFF, 0x00, 0xFF, 0x00, 0x00, 0x00, 0x00, 0x00, 0x00, 0x00, 0x02, 0x82, 0xE6, 0xF6,
0xC4, 0x29, 0x73, 0x90, 0x0D, 0x0A, 0x74, 0xA9, 0xD4, 0x21, 0x00, 0x00, 0x16, 0xE4, 0xF8, 0x07,
0x00, 0x00, 0x04, 0xF8, 0xF1, 0x07, 0x00, 0x00, 0x06, 0xFF, 0xCD, 0x22, 0x00, 0x00, 0x16, 0xFF,
0x67, 0x90, 0x0D, 0x0A, 0x74, 0xEC, 0x02, 0x8A, 0xEF, 0xEF, 0xAD, 0x31, 0x00, 0x00, 0x00, 0xFF,
0x00, 0x00, 0x00, 0x00, 0x00, 0x00, 0x00, 0x00, 0x00, 0x00, 0xFF, 0xFF, 0xFF, 0xFF, 0xFF, 0xFF,
0xFF, 0x00, 0x00, 0x00, 0x00, 0x00, 0x00, 0x00, 0x00, 0x00, 0x00, 0xFF, 0x00, 0x00, 0x00, 0x00,
0x00, 0x00, 0x00, 0x00, 0x01, 0x00, 0x59, 0xE1, 0xD9, 0x74, 0xA6, 0x25, 0xD4, 0x21, 0x5B, 0xFF,
0x7F, 0x8B, 0x5F, 0x00, 0xA2, 0xB5, 0xD1, 0xD8, 0x1B, 0x32, 0xC0, 0x0F, 0xF1, 0xF7, 0x11, 0xBA,
0x2A, 0x05, 0xF4, 0xE0, 0xA9, 0x86, 0x00, 0x19, 0xBD, 0x86, 0xFD, 0x25, 0x0D, 0x70, 0x34, 0xA9,
0xA0, 0xF0, 0xDB, 0x31, 0x00, 0x00, 0x00, 0xC0, 0x3F, 0x00, 0x00, 0x00, 0x00, 0x40, 0xBF, 0x00,
0x00, 0x00, 0x00, 0x00, 0x00, 0x00, 0x00, 0xFF, 0x00, 0x00, 0x00, 0x00, 0xFF, 0xFF, 0x00, 0x00,
0x00, 0x00, 0xFF, 0xFF, 0x00, 0x00, 0x00, 0x00, 0xFF, 0xFF, 0x00, 0x00, 0x00, 0x00, 0xFF, 0xFF,
0x00, 0x00, 0x00, 0x04, 0xFF, 0xFF, 0x00, 0x00, 0x00, 0x26, 0xFF, 0xFA, 0x51, 0x01, 0x26, 0xBB,
0xFF, 0x52, 0xFA, 0xFD, 0xD9, 0x4F, 0xFF, 0x00, 0x00, 0x00, 0x40, 0xBF, 0x00, 0x00, 0x00, 0x00,
0xC0, 0x3F, 0x00, 0x00, 0x00, 0x00, 0x00, 0x00, 0x00, 0xFF, 0x00, 0x00, 0x00, 0x00, 0xFF, 0xFF,
0x00, 0x00, 0x00, 0x00, 0xFF, 0xFF, 0x00, 0x00, 0x00, 0x00, 0xFF, 0xFF, 0x00, 0x00, 0x00, 0x00,
0xFF, 0xFF, 0x00, 0x00, 0x00, 0x04, 0xFF, 0xFF, 0x00, 0x00, 0x00, 0x26, 0xFF, 0xFA, 0x51, 0x01,
0x26, 0xBB, 0xFF, 0x52, 0xFA, 0xFD, 0xD9, 0x4F, 0xFF, 0x00, 0x60, 0xFF, 0xFF, 0x5F, 0x00, 0x2A,
0xE0, 0x55, 0x55, 0xDF, 0x2A, 0x00, 0x00, 0x00, 0x00, 0x00, 0x00, 0xFF, 0x00, 0x00, 0x00, 0x00,
0xFF, 0xFF, 0x00, 0x00, 0x00, 0x00, 0xFF, 0xFF, 0x00, 0x00, 0x00, 0x00, 0xFF, 0xFF, 0x00, 0x00,
0x00, 0x00, 0xFF, 0xFF, 0x00, 0x00, 0x00, 0x04, 0xFF, 0xFF, 0x00, 0x00, 0x00, 0x26, 0xFF, 0xFA,
0x51, 0x01, 0x26, 0xBB, 0xFF, 0x52, 0xFA, 0xFD, 0xD9, 0x4F, 0xFF, 0x00, 0xFF, 0x00, 0xFF, 0x00,
0x00, 0x00, 0x00, 0x00, 0x00, 0x00, 0x00, 0xFF, 0x00, 0x00, 0x00, 0x00, 0xFF, 0xFF, 0x00, 0x00,
0x00, 0x00, 0xFF, 0xFF, 0x00, 0x00, 0x00, 0x00, 0xFF, 0xFF, 0x00, 0x00, 0x00, 0x00, 0xFF, 0xFF,
0x00, 0x00, 0x00, 0x04, 0xFF, 0xFF, 0x00, 0x00, 0x00, 0x26, 0xFF, 0xFA, 0x51, 0x01, 0x26, 0xBB,
0xFF, 0x52, 0xFA, 0xFD, 0xD9, 0x4F, 0xFF, 0x00, 0x00, 0x00, 0x00, 0x40, 0xBF, 0x00, 0x00, 0x00,
0x00, 0x00, 0x00, 0x00, 0xC0, 0x3F, 0x00, 0x00, 0x00, 0x00, 0x00, 0x00, 0x00, 0x00, 0x00, 0x00,
0x00, 0x00, 0x2B, 0xD3, 0x00, 0x00, 0x00, 0x00, 0x09, 0xE4, 0x11, 0x00, 0xC0, 0x47, 0x00, 0x00,
0x00, 0x64, 0xA0, 0x00, 0x00, 0x55, 0xBA, 0x00, 0x00, 0x00, 0xD0, 0x38, 0x00, 0x00, 0x04, 0xE4,
0x2E, 0x00, 0x3E, 0xD1, 0x00, 0x00, 0x00, 0x00, 0x7F, 0xA0, 0x00, 0xAB, 0x69, 0x00, 0x00, 0x00,
0x00, 0x19, 0xF2, 0x26, 0xEE, 0x0E, 0x00, 0x00, 0x00, 0x00, 0x00, 0xA9, 0xD3, 0x9A, 0x00, 0x00,
0x00, 0x00, 0x00, 0x00, 0x3E, 0xFF, 0x32, 0x00, 0x00, 0x00, 0x00, 0x00, 0x00, 0x20, 0xDD, 0x00,
0x00, 0x00, 0x00, 0x00, 0x00, 0x0D, 0x8E, 0x80, 0x00, 0x00, 0x00, 0x00, 0x00, 0x00, 0xF3, 0xBF,
0x09, 0x00, 0x00, 0x00, 0x00, 0xFF, 0x00, 0x00, 0x00, 0x00, 0x00, 0xFF, 0x00, 0x00, 0x00, 0x00,
0x00, 0xFF, 0x00, 0x00, 0x00, 0x00, 0x00, 0xFF, 0x73, 0xE6, 0xFA, 0x50, 0x00, 0xFF, 0xCC, 0x23,
0x52, 0xF5, 0x50, 0xFF, 0x32, 0x00, 0x00, 0x52, 0xFA, 0xF7, 0x01, 0x00, 0x00, 0x00, 0xFF, 0xF4,
0x00, 0x00, 0x00, 0x00, 0xFF, 0xFF, 0x24, 0x00, 0x00, 0x51, 0xFA, 0xFF, 0xBC, 0x1B, 0x50, 0xF5,
0x51, 0xFF, 0x7E, 0xEB, 0xFA, 0x51, 0x00, 0xFF, 0x00, 0x00, 0x00, 0x00, 0x00, 0xFF, 0x00, 0x00,
0x00, 0x00, 0x00, 0xFF, 0x00, 0x00, 0x00, 0x00, 0x00, 0x00, 0x00, 0x00, 0xFF, 0x00, 0xFF, 0x00,
0x00, 0x00, 0x00, 0x00, 0x00, 0x00, 0x00, 0x00, 0x00, 0x00, 0x00, 0x2B, 0xD3, 0x00, 0x00, 0x00,
0x00, 0x09, 0xE4, 0x11, 0x00, 0xC0, 0x47, 0x00, 0x00, 0x00, 0x64, 0xA0, 0x00, 0x00, 0x55, 0xBA,
0x00, 0x00, 0x00, 0xD0, 0x38, 0x00, 0x00, 0x04, 0xE4, 0x2E, 0x00, 0x3E, 0xD1, 0x00, 0x00, 0x00,
0x00, 0x7F, 0xA0, 0x00, 0xAB, 0x69, 0x00, 0x00, 0x00, 0x00, 0x19, 0xF2, 0x26, 0xEE, 0x0E, 0x00,
0x00, 0x00, 0x00, 0x00, 0xA9, 0xD3, 0x9A, 0x00, 0x00, 0x00, 0x00, 0x00, 0x00, 0x3E, 0xFF, 0x32,
0x00, 0x00, 0x00, 0x00, 0x00, 0x00, 0x20, 0xDD, 0x00, 0x00, 0x00, 0x00, 0x00, 0x00, 0x0D, 0x8E,
0x80, 0x00, 0x00, 0x00, 0x00, 0x00, 0x00, 0xF3, 0xBF, 0x09, 0x00, 0x00, 0x00, 0x00, 0x00, 0x00,
0x00, 0xFF, 0xFF, 0xFF, 0xFF, 0xFF, 0x00, 0x00, 0x00, 0x00, 0x00, 0x00, 0x00, 0x00, 0x00, 0x00,
0x00, 0x00, 0x00, 0x00, 0x00, 0x00, 0x00, 0x00, 0x57, 0xFF, 0x55, 0x00, 0x00, 0x00, 0x00, 0x00,
0x00, 0x00, 0x00, 0xB3, 0xA7, 0xB2, 0x00, 0x00, 0x00, 0x00, 0x00, 0x00, 0x00, 0x14, 0xEC, 0x10,
0xEB, 0x14, 0x00, 0x00, 0x00, 0x00, 0x00, 0x00, 0x6C, 0x9F, 0x00, 0x9F, 0x6B, 0x00, 0x00, 0x00,
0x00, 0x00, 0x00, 0xC8, 0x3D, 0x00, 0x3F, 0xC7, 0x00, 0x00, 0x00, 0x00, 0x00, 0x24, 0xD9, 0x00,
0x00, 0x00, 0xDA, 0x24, 0x00, 0x00, 0x00, 0x00, 0x81, 0x79, 0x00, 0x00, 0x00, 0x79, 0x80, 0x00,
0x00, 0x00, 0x00, 0xDC, 0xFF, 0xFF, 0xFF, 0xFF, 0xFF, 0xDB, 0x00, 0x00, 0x00, 0x39, 0xD3, 0x00,
0x00, 0x00, 0x00, 0x00, 0xD4, 0x38, 0x00, 0x00, 0x96, 0x65, 0x00, 0x00, 0x00, 0x00, 0x00, 0x68,
0x95, 0x00, 0x05, 0xD9, 0x09, 0x00, 0x00, 0x00, 0x00, 0x00, 0x0B, 0xDB, 0x05, 0x00, 0xFF, 0xFF,
0xFF, 0xFF, 0xFF, 0x00, 0x00, 0x00, 0x00, 0x00, 0x00, 0x25, 0xB1, 0xE4, 0xF9, 0xD6, 0x4E, 0xCE,
0x6A, 0x0B, 0x0E, 0x7A, 0xE6, 0x00, 0x00, 0x00, 0x00, 0x07, 0xFE, 0x00, 0x3A, 0x82, 0xA9, 0xDD,
0xFF, 0x63, 0xDB, 0x65, 0x37, 0x1F, 0xFF, 0xE8, 0x1A, 0x00, 0x00, 0x2B, 0xFF, 0xDB, 0x5D, 0x08,
0x32, 0xD0, 0xFF, 0x3D, 0xD4, 0xF5, 0xD0, 0x5B, 0xFF, 0x00, 0x00, 0x00, 0xD8, 0x65, 0x0A, 0x54,
0xD7, 0x00, 0x00, 0x00, 0x00, 0x00, 0x00, 0x39, 0xD1, 0xF7, 0xD0, 0x37, 0x00, 0x00, 0x00, 0x00,
0x00, 0x00, 0x00, 0x00, 0x00, 0x00, 0x00, 0x00, 0x00, 0x00, 0x00, 0x00, 0x00, 0x00, 0x57, 0xFF,
0x55, 0x00, 0x00, 0x00, 0x00, 0x00, 0x00, 0x00, 0x00, 0xB3, 0xA7, 0xB2, 0x00, 0x00, 0x00, 0x00,
0x00, 0x00, 0x00, 0x14, 0xEC, 0x10, 0xEB, 0x14, 0x00, 0x00, 0x00, 0x00, 0x00, 0x00, 0x6C, 0x9F,
0x00, 0x9F, 0x6B, 0x00, 0x00, 0x00, 0x00, 0x00, 0x00, 0xC8, 0x3D, 0x00, 0x3F, 0xC7, 0x00, 0x00,
0x00, 0x00, 0x00, 0x24, 0xD9, 0x00, 0x00, 0x00, 0xDA, 0x24, 0x00, 0x00, 0x00, 0x00, 0x81, 0x79,
0x00, 0x00, 0x00, 0x79, 0x80, 0x00, 0x00, 0x00, 0x00, 0xDC, 0xFF, 0xFF, 0xFF, 0xFF, 0xFF, 0xDB,
0x00, 0x00, 0x00, 0x39, 0xD3, 0x00, 0x00, 0x00, 0x00, 0x00, 0xD4, 0x38, 0x00, 0x00, 0x96, 0x65,
0x00, 0x00, 0x00, 0x00, 0x00, 0x68, 0x95, 0x00, 0x05, 0xD9, 0x09, 0x00, 0x00, 0x00, 0x00, 0x00,
0x0B, 0xDB, 0x05, 0x00, 0xD8, 0x65, 0x0A, 0x54, 0xD7, 0x00, 0x39, 0xD1, 0xF7, 0xD0, 0x37, 0x00,
0x00, 0x00, 0x00, 0x00, 0x00, 0x25, 0xB1, 0xE4, 0xF9, 0xD6, 0x4E, 0xCE, 0x6A, 0x0B, 0x0E, 0x7A,
0xE6, 0x00, 0x00, 0x00, 0x00, 0x07, 0xFE, 0x00, 0x3A, 0x82, 0xA9, 0xDD, 0xFF, 0x63, 0xDB, 0x65,
0x37, 0x1F, 0xFF, 0xE8, 0x1A, 0x00, 0x00, 0x2B, 0xFF, 0xDB, 0x5D, 0x08, 0x32, 0xD0, 0xFF, 0x3D,
0xD4, 0xF5, 0xD0, 0x5B, 0xFF, 0x00, 0x00, 0x00, 0x00, 0x57, 0xFF, 0x55, 0x00, 0x00, 0x00, 0x00,
0x00, 0x00, 0x00, 0x00, 0xB3, 0xA7, 0xB2, 0x00, 0x00, 0x00, 0x00, 0x00, 0x00, 0x00, 0x14, 0xEC,
0x10, 0xEB, 0x14, 0x00, 0x00, 0x00, 0x00, 0x00, 0x00, 0x6C, 0x9F, 0x00, 0x9F, 0x6B, 0x00, 0x00,
0x00, 0x00, 0x00, 0x00, 0xC8, 0x3D, 0x00, 0x3F, 0xC7, 0x00, 0x00, 0x00, 0x00, 0x00, 0x24, 0xD9,
0x00, 0x00, 0x00, 0xDA, 0x24, 0x00, 0x00, 0x00, 0x00, 0x81, 0x79, 0x00, 0x00, 0x00, 0x79, 0x80,
0x00, 0x00, 0x00, 0x00, 0xDC, 0xFF, 0xFF, 0xFF, 0xFF, 0xFF, 0xDB, 0x00, 0x00, 0x00, 0x39, 0xD3,
0x00, 0x00, 0x00, 0x00, 0x00, 0xD4, 0x38, 0x00, 0x00, 0x96, 0x65, 0x00, 0x00, 0x00, 0x00, 0x00,
0x68, 0x95, 0x00, 0x05, 0xD9, 0x09, 0x00, 0x00, 0x00, 0x00, 0x00, 0x0B, 0xDB, 0x05, 0x00, 0x00,
0x00, 0x00, 0x00, 0x00, 0x00, 0x00, 0x6E, 0x66, 0x00, 0x00, 0x00, 0x00, 0x00, 0x00, 0x00, 0x00,
0x00, 0xF2, 0x24, 0x00, 0x00, 0x00, 0x00, 0x00, 0x00, 0x00, 0x00, 0x00, 0xB2, 0xEA, 0x00, 0x25,
0xB1, 0xE4, 0xF9, 0xD6, 0x4E, 0xCE, 0x6A, 0x0B, 0x0E, 0x7A, 0xE6, 0x00, 0x00, 0x00, 0x00, 0x07,
0xFE, 0x00, 0x3A, 0x82, 0xA9, 0xDD, 0xFF, 0x63, 0xDB, 0x65, 0x37, 0x1F, 0xFF, 0xE8, 0x1A, 0x00,
0x00, 0x2B, 0xFF, 0xDB, 0x5D, 0x08, 0x32, 0xD0, 0xFF, 0x3D, 0xD4, 0xF5, 0xD0, 0x5B, 0xFF, 0x00,
0x00, 0x00, 0x00, 0x6E, 0x66, 0x00, 0x00, 0x00, 0x00, 0xF2, 0x24, 0x00, 0x00, 0x00, 0x00, 0xB2,
0xEA, 0x00, 0x00, 0x00, 0x00, 0x40, 0xBF, 0x00, 0x00, 0x00, 0x00, 0x00, 0x00, 0x00, 0xC0, 0x3F,
0x00, 0x00, 0x00, 0x00, 0x00, 0x00, 0x00, 0x00, 0x00, 0x00, 0x00, 0x00, 0x00, 0x00, 0x61, 0xC7,
0xF2, 0xEA, 0xB3, 0x33, 0x00, 0x00, 0xA0, 0xC0, 0x3E, 0x0C, 0x15, 0x6B, 0xEE, 0x39, 0x54, 0xC8,
0x06, 0x00, 0x00, 0x00, 0x00, 0x69, 0xC6, 0xB8, 0x50, 0x00, 0x00, 0x00, 0x00, 0x00, 0x06, 0x28,
0xE9, 0x15, 0x00, 0x00, 0x00, 0x00, 0x00, 0x00, 0x00, 0xFA, 0x05, 0x00, 0x00, 0x00, 0x00, 0x00,
0x00, 0x00, 0xE6, 0x17, 0x00, 0x00, 0x00, 0x00, 0x00, 0x00, 0x00, 0xB1, 0x50, 0x00, 0x00, 0x00,
0x00, 0x00, 0x00, 0x4A, 0x52, 0xC5, 0x03, 0x00, 0x00, 0x00, 0x00, 0x2B, 0x9C, 0x00, 0xA9, 0xB8,
0x36, 0x08, 0x1E, 0x72, 0xCF, 0x1A, 0x00, 0x02, 0x6F, 0xD1, 0xF5, 0xE4, 0xA0, 0x1D, 0x00, 0x00,
0x00, 0x40, 0xBF, 0x00, 0x00, 0x00, 0x00, 0xC0, 0x3F, 0x00, 0x00, 0x00, 0x00, 0x00, 0x00, 0x00,
0x00, 0x00, 0x76, 0xE3, 0xF4, 0xBA, 0x22, 0x67, 0x5F, 0x0C, 0x11, 0x6F, 0xCB, 0xCD, 0x0B, 0x00,
0x00, 0x00, 0x00, 0xF5, 0x02, 0x00, 0x00, 0x00, 0x00, 0xF0, 0x01, 0x00, 0x00, 0x00, 0x00, 0xCD,
0x07, 0x00, 0x00, 0x00, 0x00, 0x63, 0x54, 0x09, 0x12, 0x69, 0xCA, 0x01, 0x83, 0xEA, 0xF3, 0xB6,
0x1F, 0x00, 0x00, 0x00, 0x60, 0xFF, 0xFF, 0x5F, 0x00, 0x00, 0x00, 0x00, 0x2A, 0xE0, 0x55, 0x55,
0xDF, 0x2A, 0x00, 0x00, 0x00, 0x00, 0x00, 0x00, 0x00, 0x00, 0x00, 0x00, 0x00, 0x00, 0x61, 0xC7,
0xF2, 0xEA, 0xB3, 0x33, 0x00, 0x00, 0xA0, 0xC0, 0x3E, 0x0C, 0x15, 0x6B, 0xEE, 0x39, 0x54, 0xC8,
0x06, 0x00, 0x00, 0x00, 0x00, 0x69, 0xC6, 0xB8, 0x50, 0x00, 0x00, 0x00, 0x00, 0x00, 0x06, 0x28,
0xE9, 0x15, 0x00, 0x00, 0x00, 0x00, 0x00, 0x00, 0x00, 0xFA, 0x05, 0x00, 0x00, 0x00, 0x00, 0x00,
0x00, 0x00, 0xE6, 0x17, 0x00, 0x00, 0x00, 0x00, 0x00, 0x00, 0x00, 0xB1, 0x50, 0x00, 0x00, 0x00,
0x00, 0x00, 0x00, 0x4A, 0x52, 0xC5, 0x03, 0x00, 0x00, 0x00, 0x00, 0x2B, 0x9C, 0x00, 0xA9, 0xB8,
0x36, 0x08, 0x1E, 0x72, 0xCF, 0x1A, 0x00, 0x02, 0x6F, 0xD1, 0xF5, 0xE4, 0xA0, 0x1D, 0x00, 0x00,
0x60, 0xFF, 0xFF, 0x5F, 0x00, 0x2A, 0xE0, 0x55, 0x55, 0xDF, 0x2A, 0x00, 0x00, 0x00, 0x00, 0x00,
0x00, 0x00, 0x76, 0xE3, 0xF4, 0xBA, 0x22, 0x67, 0x5F, 0x0C, 0x11, 0x6F, 0xCB, 0xCD, 0x0B, 0x00,
0x00, 0x00, 0x00, 0xF5, 0x02, 0x00, 0x00, 0x00, 0x00, 0xF0, 0x01, 0x00, 0x00, 0x00, 0x00, 0xCD,
0x07, 0x00, 0x00, 0x00, 0x00, 0x63, 0x54, 0x09, 0x12, 0x69, 0xCA, 0x01, 0x83, 0xEA, 0xF3, 0xB6,
0x1F, 0x00, 0x00, 0x00, 0x00, 0xFF, 0x00, 0x00, 0x00, 0x00, 0x00, 0x00, 0x00, 0x00, 0x00, 0x00,
0x00, 0x00, 0x00, 0x00, 0x00, 0x61, 0xC7, 0xF2, 0xEA, 0xB3, 0x33, 0x00, 0x00, 0xA0, 0xC0, 0x3E,
0x0C, 0x15, 0x6B, 0xEE, 0x39, 0x54, 0xC8, 0x06, 0x00, 0x00, 0x00, 0x00, 0x69, 0xC6, 0xB8, 0x50,
0x00, 0x00, 0x00, 0x00, 0x00, 0x06, 0x28, 0xE9, 0x15, 0x00, 0x00, 0x00, 0x00, 0x00, 0x00, 0x00,
0xFA, 0x05, 0x00, 0x00, 0x00, 0x00, 0x00, 0x00, 0x00, 0xE6, 0x17, 0x00, 0x00, 0x00, 0x00, 0x00,
0x00, 0x00, 0xB1, 0x50, 0x00, 0x00, 0x00, 0x00, 0x00, 0x00, 0x4A, 0x52, 0xC5, 0x03, 0x00, 0x00,
0x00, 0x00, 0x2B, 0x9C, 0x00, 0xA9, 0xB8, 0x36, 0x08, 0x1E, 0x72, 0xCF, 0x1A, 0x00, 0x02, 0x6F,
0xD1, 0xF5, 0xE4, 0xA0, 0x1D, 0x00, 0x00, 0x00, 0x00, 0xFF, 0x00, 0x00, 0x00, 0x00, 0x00, 0x00,
0x00, 0x00, 0x00, 0x76, 0xE3, 0xF4, 0xBA, 0x22, 0x67, 0x5F, 0x0C, 0x11, 0x6F, 0xCB, 0xCD, 0x0B,
0x00, 0x00, 0x00, 0x00, 0xF5, 0x02, 0x00, 0x00, 0x00, 0x00, 0xF0, 0x01, 0x00, 0x00, 0x00, 0x00,
0xCD, 0x07, 0x00, 0x00, 0x00, 0x00, 0x63, 0x54, 0x09, 0x12, 0x69, 0xCA, 0x01, 0x83, 0xEA, 0xF3,
0xB6, 0x1F, 0x00, 0x00, 0x2B, 0xDF, 0x55, 0x55, 0xDF, 0x2A, 0x00, 0x00, 0x00, 0x00, 0x60, 0xFF,
0xFF, 0x5F, 0x00, 0x00, 0x00, 0x00, 0x00, 0x00, 0x00, 0x00, 0x00, 0x00, 0x00, 0x00, 0x00, 0x61,
0xC7, 0xF2, 0xEA, 0xB3, 0x33, 0x00, 0x00, 0xA0, 0xC0, 0x3E, 0x0C, 0x15, 0x6B, 0xEE, 0x39, 0x54,
0xC8, 0x06, 0x00, 0x00, 0x00, 0x00, 0x69, 0xC6, 0xB8, 0x50, 0x00, 0x00, 0x00, 0x00, 0x00, 0x06,
0x28, 0xE9, 0x15, 0x00, 0x00, 0x00, 0x00, 0x00, 0x00, 0x00, 0xFA, 0x05, 0x00, 0x00, 0x00, 0x00,
0x00, 0x00, 0x00, 0xE6, 0x17, 0x00, 0x00, 0x00, 0x00, 0x00, 0x00, 0x00, 0xB1, 0x50, 0x00, 0x00,
0x00, 0x00, 0x00, 0x00, 0x4A, 0x52, 0xC5, 0x03, 0x00, 0x00, 0x00, 0x00, 0x2B, 0x9C, 0x00, 0xA9,
0xB8, 0x36, 0x08, 0x1E, 0x72, 0xCF, 0x1A, 0x00, 0x02, 0x6F, 0xD1, 0xF5, 0xE4, 0xA0, 0x1D, 0x00,
0x2B, 0xDF, 0x55, 0x55, 0xDF, 0x2A, 0x00, 0x60, 0xFF, 0xFF, 0x5F, 0x00, 0x00, 0x00, 0x00, 0x00,
0x00, 0x00, 0x00, 0x76, 0xE3, 0xF4, 0xBA, 0x22, 0x67, 0x5F, 0x0C, 0x11, 0x6F, 0xCB, 0xCD, 0x0B,
0x00, 0x00, 0x00, 0x00, 0xF5, 0x02, 0x00, 0x00, 0x00, 0x00, 0xF0, 0x01, 0x00, 0x00, 0x00, 0x00,
0xCD, 0x07, 0x00, 0x00, 0x00, 0x00, 0x63, 0x54, 0x09, 0x12, 0x69, 0xCA, 0x01, 0x83, 0xEA, 0xF3,
0xB6, 0x1F, 0x00, 0x2B, 0xDF, 0x55, 0x55, 0xDF, 0x2A, 0x00, 0x00, 0x00, 0x00, 0x60, 0xFF, 0xFF,
0x5F, 0x00, 0x00, 0x00, 0x00, 0x00, 0x00, 0x00, 0x00, 0x00, 0x00, 0x00, 0x00, 0xFF, 0xFF, 0xFF,
0xFF, 0xFF, 0xFF, 0xFA, 0x50, 0x00, 0xFF, 0x00, 0x00, 0x00, 0x00, 0x00, 0x52, 0xF5, 0x50, 0xFF,
0x00, 0x00, 0x00, 0x00, 0x00, 0x00, 0x52, 0xFA, 0xFF, 0x00, 0x00, 0x00, 0x00, 0x00, 0x00, 0x00,
0xFF, 0xFF, 0x00, 0x00, 0x00, 0x00, 0x00, 0x00, 0x00, 0xFF, 0xFF, 0x00, 0x00, 0x00, 0x00, 0x00,
0x00, 0x00, 0xFF, 0xFF, 0x00, 0x00, 0x00, 0x00, 0x00, 0x00, 0x00, 0xFF, 0xFF, 0x00, 0x00, 0x00,
0x00, 0x00, 0x00, 0x00, 0xFF, 0xFF, 0x00, 0x00, 0x00, 0x00, 0x00, 0x00, 0x51, 0xFA, 0xFF, 0x00,
0x00, 0x00, 0x00, 0x00, 0x50, 0xF5, 0x51, 0xFF, 0xFF, 0xFF, 0xFF, 0xFF, 0xFF, 0xFA, 0x51, 0x00,
0x00, 0x00, 0x00, 0x00, 0x00, 0xFF, 0x00, 0xFF, 0x00, 0x00, 0x00, 0x00, 0x00, 0xFF, 0x00, 0x13,
0x00, 0x00, 0x00, 0x00, 0x00, 0xFF, 0x00, 0x66, 0x00, 0x7E, 0xEA, 0xEC, 0x63, 0xFF, 0x00, 0x00,
0x66, 0x6E, 0x09, 0x25, 0xCF, 0xFF, 0x00, 0x00, 0xCB, 0x13, 0x00, 0x00, 0x43, 0xFF, 0x00, 0x00,
0xF5, 0x04, 0x00, 0x00, 0x11, 0xFF, 0x00, 0x00, 0xF5, 0x05, 0x00, 0x00, 0x0B, 0xFF, 0x00, 0x00,
0xC9, 0x17, 0x00, 0x00, 0x39, 0xFF, 0x00, 0x00, 0x5D, 0x77, 0x0A, 0x20, 0xC6, 0xFF, 0x00, 0x00,
0x00, 0x74, 0xE8, 0xD0, 0x4B, 0xFF, 0x00, 0x00, 0x00, 0xFF, 0xFF, 0xFF, 0xFF, 0xFF, 0xFF, 0xFA,
0x50, 0x00, 0x00, 0xFF, 0x00, 0x00, 0x00, 0x00, 0x00, 0x52, 0xF5, 0x50, 0x00, 0xFF, 0x00, 0x00,
0x00, 0x00, 0x00, 0x00, 0x52, 0xFA, 0x00, 0xFF, 0x00, 0x00, 0x00, 0x00, 0x00, 0x00, 0x00, 0xFF,
0x00, 0xFF, 0x00, 0x00, 0x00, 0x00, 0x00, 0x00, 0x00, 0xFF, 0xFF, 0xFF, 0xFF, 0xFF, 0xFF, 0xFF,
0x00, 0x00, 0x00, 0xFF, 0x00, 0xFF, 0x00, 0x00, 0x00, 0x00, 0x00, 0x00, 0x00, 0xFF, 0x00, 0xFF,
0x00, 0x00, 0x00, 0x00, 0x00, 0x00, 0x00, 0xFF, 0x00, 0xFF, 0x00, 0x00, 0x00, 0x00, 0x00, 0x00,
0x51, 0xFA, 0x00, 0xFF, 0x00, 0x00, 0x00, 0x00, 0x00, 0x50, 0xF5, 0x51, 0x00, 0xFF, 0xFF, 0xFF,
0xFF, 0xFF, 0xFF, 0xFA, 0x51, 0x00, 0x00, 0x00, 0x00, 0x00, 0x00, 0x00, 0xFF, 0x00, 0x00, 0x00,
0x00, 0xFF, 0xFF, 0xFF, 0xFF, 0xFF, 0x00, 0x00, 0x00, 0x00, 0x00, 0x00, 0xFF, 0x00, 0x00, 0x4F,
0xCD, 0xF7, 0xDE, 0x5E, 0xFF, 0x00, 0x4A, 0xDD, 0x3E, 0x0C, 0x46, 0xE4, 0xFF, 0x00, 0xC2, 0x4A,
0x00, 0x00, 0x00, 0x53, 0xFF, 0x00, 0xF4, 0x10, 0x00, 0x00, 0x00, 0x15, 0xFF, 0x00, 0xF3, 0x12,
0x00, 0x00, 0x00, 0x0E, 0xFF, 0x00, 0xBE, 0x50, 0x00, 0x00, 0x00, 0x47, 0xFF, 0x00, 0x40, 0xE1,
0x46, 0x0B, 0x3D, 0xDC, 0xFF, 0x00, 0x00, 0x46, 0xC9, 0xF7, 0xE0, 0x62, 0xFF, 0x00, 0x00, 0x00,
0xFF, 0xFF, 0xFF, 0xFF, 0xFF, 0x00, 0x00, 0x00, 0x00, 0x00, 0x00, 0x00, 0x00, 0x00, 0xFF, 0xFF,
0xFF, 0xFF, 0xFF, 0xFF, 0xFF, 0xFF, 0xFF, 0x00, 0x00, 0x00, 0x00, 0x00, 0x00, 0x00, 0xFF, 0x00,
0x00, 0x00, 0x00, 0x00, 0x00, 0x00, 0xFF, 0x00, 0x00, 0x00, 0x00, 0x00, 0x00, 0x00, 0xFF, 0x00,
0x00, 0x00, 0x00, 0x00, 0x00, 0x00, 0xFF, 0xFF, 0xFF, 0xFF, 0xFF, 0xFF, 0xFF, 0xFF, 0xFF, 0x00,
0x00, 0x00, 0x00, 0x00, 0x00, 0x00, 0xFF, 0x00, 0x00, 0x00, 0x00, 0x00, 0x00, 0x00, 0xFF, 0x00,
0x00, 0x00, 0x00, 0x00, 0x00, 0x00, 0xFF, 0x00, 0x00, 0x00, 0x00, 0x00, 0x00, 0x00, 0xFF, 0xFF,
0xFF, 0xFF, 0xFF, 0xFF, 0xFF, 0xFF, 0x00, 0xFF, 0xFF, 0xFF, 0xFF, 0xFF, 0x00, 0x00, 0x00, 0x00,
0x00, 0x00, 0x00, 0x80, 0xEB, 0xE7, 0x88, 0x04, 0x5D, 0x5A, 0x07, 0x08, 0x8D, 0x74, 0xC8, 0x0C,
0x00, 0x00, 0x1C, 0xD6, 0xEF, 0xFF, 0xFF, 0xFF, 0xFF, 0xF7, 0xF2, 0x08, 0x00, 0x00, 0x00, 0x00,
0xCF, 0x1E, 0x00, 0x00, 0x00, 0x00, 0x68, 0x79, 0x0C, 0x14, 0x7A, 0xBC, 0x02, 0x87, 0xEC, 0xF3,
0xB2, 0x19, 0x00, 0x00, 0xD8, 0x65, 0x0A, 0x54, 0xD7, 0x00, 0x00, 0x00, 0x39, 0xD1, 0xF7, 0xD0,
0x37, 0x00, 0x00, 0x00, 0x00, 0x00, 0x00, 0x00, 0x00, 0x00, 0xFF, 0xFF, 0xFF, 0xFF, 0xFF, 0xFF,
0xFF, 0xFF, 0xFF, 0x00, 0x00, 0x00, 0x00, 0x00, 0x00, 0x00, 0xFF, 0x00, 0x00, 0x00, 0x00, 0x00,
0x00, 0x00, 0xFF, 0x00, 0x00, 0x00, 0x00, 0x00, 0x00, 0x00, 0xFF, 0x00, 0x00, 0x00, 0x00, 0x00,
0x00, 0x00, 0xFF, 0xFF, 0xFF, 0xFF, 0xFF, 0xFF, 0xFF, 0xFF, 0xFF, 0x00, 0x00, 0x00, 0x00, 0x00,
0x00, 0x00, 0xFF, 0x00, 0x00, 0x00, 0x00, 0x00, 0x00, 0x00, 0xFF, 0x00, 0x00, 0x00, 0x00, 0x00,
0x00, 0x00, 0xFF, 0x00, 0x00, 0x00, 0x00, 0x00, 0x00, 0x00, 0xFF, 0xFF, 0xFF, 0xFF, 0xFF, 0xFF,
0xFF, 0xFF, 0x00, 0xD8, 0x65, 0x0A, 0x54, 0xD7, 0x00, 0x39, 0xD1, 0xF7, 0xD0, 0x37, 0x00, 0x00,
0x00, 0x00, 0x00, 0x00, 0x00, 0x80, 0xEB, 0xE7, 0x88, 0x04, 0x5D, 0x5A, 0x07, 0x08, 0x8D, 0x74,
0xC8, 0x0C, 0x00, 0x00, 0x1C, 0xD6, 0xEF, 0xFF, 0xFF, 0xFF, 0xFF, 0xF7, 0xF2, 0x08, 0x00, 0x00,
0x00, 0x00, 0xCF, 0x1E, 0x00, 0x00, 0x00, 0x00, 0x68, 0x79, 0x0C, 0x14, 0x7A, 0xBC, 0x02, 0x87,
0xEC, 0xF3, 0xB2, 0x19, 0x00, 0x00, 0x00, 0x00, 0xFF, 0x00, 0x00, 0x00, 0x00, 0x00, 0x00, 0x00,
0x00, 0x00, 0x00, 0x00, 0xFF, 0xFF, 0xFF, 0xFF, 0xFF, 0xFF, 0xFF, 0xFF, 0xFF, 0x00, 0x00, 0x00,
0x00, 0x00, 0x00, 0x00, 0xFF, 0x00, 0x00, 0x00, 0x00, 0x00, 0x00, 0x00, 0xFF, 0x00, 0x00, 0x00,
0x00, 0x00, 0x00, 0x00, 0xFF, 0x00, 0x00, 0x00, 0x00, 0x00, 0x00, 0x00, 0xFF, 0xFF, 0xFF, 0xFF,
0xFF, 0xFF, 0xFF, 0xFF, 0xFF, 0x00, 0x00, 0x00, 0x00, 0x00, 0x00, 0x00, 0xFF, 0x00, 0x00, 0x00,
0x00, 0x00, 0x00, 0x00, 0xFF, 0x00, 0x00, 0x00, 0x00, 0x00, 0x00, 0x00, 0xFF, 0x00, 0x00, 0x00,
0x00, 0x00, 0x00, 0x00, 0xFF, 0xFF, 0xFF, 0xFF, 0xFF, 0xFF, 0xFF, 0xFF, 0x00, 0x00, 0x00, 0xFF,
0x00, 0x00, 0x00, 0x00, 0x00, 0x00, 0x00, 0x00, 0x00, 0x80, 0xEB, 0xE7, 0x88, 0x04, 0x5D, 0x5A,
0x07, 0x08, 0x8D, 0x74, 0xC8, 0x0C, 0x00, 0x00, 0x1C, 0xD6, 0xEF, 0xFF, 0xFF, 0xFF, 0xFF, 0xF7,
0xF2, 0x08, 0x00, 0x00, 0x00, 0x00, 0xCF, 0x1E, 0x00, 0x00, 0x00, 0x00, 0x68, 0x79, 0x0C, 0x14,
0x7A, 0xBC, 0x02, 0x87, 0xEC, 0xF3, 0xB2, 0x19, 0xFF, 0xFF, 0xFF, 0xFF, 0xFF, 0xFF, 0xFF, 0xFF,
0xFF, 0x00, 0x00, 0x00, 0x00, 0x00, 0x00, 0x00, 0xFF, 0x00, 0x00, 0x00, 0x00, 0x00, 0x00, 0x00,
0xFF, 0x00, 0x00, 0x00, 0x00, 0x00, 0x00, 0x00, 0xFF, 0x00, 0x00, 0x00, 0x00, 0x00, 0x00, 0x00,
0xFF, 0xFF, 0xFF, 0xFF, 0xFF, 0xFF, 0xFF, 0xFF, 0xFF, 0x00, 0x00, 0x00, 0x00, 0x00, 0x00, 0x00,
0xFF, 0x00, 0x00, 0x00, 0x00, 0x00, 0x00, 0x00, 0xFF, 0x00, 0x00, 0x00, 0x00, 0x00, 0x00, 0x00,
0xFF, 0x00, 0x00, 0x00, 0x00, 0x00, 0x00, 0x00, 0xFF, 0xFF, 0xFF, 0xFF, 0xFF, 0xFF, 0xFF, 0xFF,
0x00, 0x00, 0x00, 0x00, 0x00, 0x00, 0x6E, 0x66, 0x00, 0x00, 0x00, 0x00, 0x00, 0x00, 0xF2, 0x24,
0x00, 0x00, 0x00, 0x00, 0x00, 0x00, 0xB2, 0xEA, 0x00, 0x80, 0xEB, 0xE7, 0x88, 0x04, 0x5D, 0x5A,
0x07, 0x08, 0x8D, 0x74, 0xC8, 0x0C, 0x00, 0x00, 0x1C, 0xD6, 0xEF, 0xFF, 0xFF, 0xFF, 0xFF, 0xF7,
0xF2, 0x08, 0x00, 0x00, 0x00, 0x00, 0xCF, 0x1E, 0x00, 0x00, 0x00, 0x00, 0x68, 0x79, 0x0C, 0x14,
0x7A, 0xBC, 0x02, 0x87, 0xEC, 0xF3, 0xB2, 0x19, 0x00, 0x00, 0x00, 0x6E, 0x66, 0x00, 0x00, 0x00,
0x00, 0xF2, 0x24, 0x00, 0x00, 0x00, 0x00, 0xB2, 0xEA, 0x00, 0x00, 0x2B, 0xDF, 0x55, 0x55, 0xDF,
0x2A, 0x00, 0x00, 0x00, 0x60, 0xFF, 0xFF, 0x5F, 0x00, 0x00, 0x00, 0x00, 0x00, 0x00, 0x00, 0x00,
0x00, 0x00, 0xFF, 0xFF, 0xFF, 0xFF, 0xFF, 0xFF, 0xFF, 0xFF, 0xFF, 0x00, 0x00, 0x00, 0x00, 0x00,
0x00, 0x00, 0xFF, 0x00, 0x00, 0x00, 0x00, 0x00, 0x00, 0x00, 0xFF, 0x00, 0x00, 0x00, 0x00, 0x00,
0x00, 0x00, 0xFF, 0x00, 0x00, 0x00, 0x00, 0x00, 0x00, 0x00, 0xFF, 0xFF, 0xFF, 0xFF, 0xFF, 0xFF,
0xFF, 0xFF, 0xFF, 0x00, 0x00, 0x00, 0x00, 0x00, 0x00, 0x00, 0xFF, 0x00, 0x00, 0x00, 0x00, 0x00,
0x00, 0x00, 0xFF, 0x00, 0x00, 0x00, 0x00, 0x00, 0x00, 0x00, 0xFF, 0x00, 0x00, 0x00, 0x00, 0x00,
0x00, 0x00, 0xFF, 0xFF, 0xFF, 0xFF, 0xFF, 0xFF, 0xFF, 0xFF, 0x2B, 0xDF, 0x55, 0x55, 0xDF, 0x2A,
0x00, 0x60, 0xFF, 0xFF, 0x5F, 0x00, 0x00, 0x00, 0x00, 0x00, 0x00, 0x00, 0x00, 0x80, 0xEB, 0xE7,
0x88, 0x04, 0x5D, 0x5A, 0x07, 0x08, 0x8D, 0x74, 0xC8, 0x0C, 0x00, 0x00, 0x1C, 0xD6, 0xEF, 0xFF,
0xFF, 0xFF, 0xFF, 0xF7, 0xF2, 0x08, 0x00, 0x00, 0x00, 0x00, 0xCF, 0x1E, 0x00, 0x00, 0x00, 0x00,
0x68, 0x79, 0x0C, 0x14, 0x7A, 0xBC, 0x02, 0x87, 0xEC, 0xF3, 0xB2, 0x19, 0x00, 0x00, 0x00, 0x60,
0xFF, 0xFF, 0x5F, 0x00, 0x00, 0x00, 0x00, 0x2A, 0xE0, 0x55, 0x55, 0xDF, 0x2A, 0x00, 0x00, 0x00,
0x00, 0x00, 0x00, 0x00, 0x00, 0x00, 0x00, 0x00, 0x51, 0xFA, 0xFF, 0xFF, 0xFF, 0xF7, 0x44, 0x00,
0x51, 0xF5, 0x51, 0x00, 0x00, 0x00, 0x5B, 0xF2, 0x3E, 0xFA, 0x50, 0x00, 0x00, 0x00, 0x00, 0x00,
0x5D, 0xD7, 0xFF, 0x00, 0x00, 0x00, 0x00, 0x00, 0x00, 0x02, 0x0C, 0xFF, 0x00, 0x00, 0x00, 0x00,
0x00, 0x00, 0x00, 0x00, 0xFF, 0x00, 0x00, 0x00, 0x00, 0xFF, 0xFF, 0xFF, 0xFF, 0xFF, 0x00, 0x00,
0x00, 0x00, 0x00, 0x00, 0x00, 0xFF, 0xFF, 0x00, 0x00, 0x00, 0x00, 0x00, 0x00, 0x00, 0xFF, 0xFA,
0x50, 0x00, 0x00, 0x00, 0x00, 0x00, 0x51, 0xFA, 0x52, 0xF5, 0x50, 0x00, 0x00, 0x00, 0x50, 0xF5,
0x51, 0x00, 0x52, 0xFA, 0xFF, 0xFF, 0xFF, 0xFA, 0x51, 0x00, 0x00, 0x60, 0xFF, 0xFF, 0x5F, 0x00,
0x2A, 0xE0, 0x55, 0x55, 0xDF, 0x2A, 0x00, 0x00, 0x00, 0x00, 0x00, 0x00, 0x00, 0x7F, 0xEC, 0xE2,
0x69, 0xFF, 0x62, 0x83, 0x0B, 0x25, 0xD0, 0xFF, 0xC8, 0x1C, 0x00, 0x00, 0x41, 0xFF, 0xF5, 0x05,
0x00, 0x00, 0x0E, 0xFF, 0xF0, 0x06, 0x00, 0x00, 0x0D, 0xFF, 0xC6, 0x1A, 0x00, 0x00, 0x3D, 0xFF,
0x5B, 0x7F, 0x0B, 0x21, 0xC9, 0xFF, 0x00, 0x83, 0xED, 0xDE, 0x65, 0xF9, 0x00, 0x00, 0x00, 0x00,
0x14, 0xE0, 0xE5, 0x5B, 0x08, 0x17, 0x8E, 0x8B, 0x41, 0xCB, 0xF6, 0xEA, 0x90, 0x07, 0x00, 0x00,
0xD8, 0x65, 0x0A, 0x54, 0xD7, 0x00, 0x00, 0x00, 0x00, 0x39, 0xD1, 0xF7, 0xD0, 0x37, 0x00, 0x00,
0x00, 0x00, 0x00, 0x00, 0x00, 0x00, 0x00, 0x00, 0x00, 0x00, 0x51, 0xFA, 0xFF, 0xFF, 0xFF, 0xF7,
0x44, 0x00, 0x51, 0xF5, 0x51, 0x00, 0x00, 0x00, 0x5B, 0xF2, 0x3E, 0xFA, 0x50, 0x00, 0x00, 0x00,
0x00, 0x00, 0x5D, 0xD7, 0xFF, 0x00, 0x00, 0x00, 0x00, 0x00, 0x00, 0x02, 0x0C, 0xFF, 0x00, 0x00,
0x00, 0x00, 0x00, 0x00, 0x00, 0x00, 0xFF, 0x00, 0x00, 0x00, 0x00, 0xFF, 0xFF, 0xFF, 0xFF, 0xFF,
0x00, 0x00, 0x00, 0x00, 0x00, 0x00, 0x00, 0xFF, 0xFF, 0x00, 0x00, 0x00, 0x00, 0x00, 0x00, 0x00,
0xFF, 0xFA, 0x50, 0x00, 0x00, 0x00, 0x00, 0x00, 0x51, 0xFA, 0x52, 0xF5, 0x50, 0x00, 0x00, 0x00,
0x50, 0xF5, 0x51, 0x00, 0x52, 0xFA, 0xFF, 0xFF, 0xFF, 0xFA, 0x51, 0x00, 0x00, 0xD8, 0x65, 0x0A,
0x54, 0xD7, 0x00, 0x39, 0xD1, 0xF7, 0xD0, 0x37, 0x00, 0x00, 0x00, 0x00, 0x00, 0x00, 0x00, 0x7F,
0xEC, 0xE2, 0x69, 0xFF, 0x62, 0x83, 0x0B, 0x25, 0xD0, 0xFF, 0xC8, 0x1C, 0x00, 0x00, 0x41, 0xFF,
0xF5, 0x05, 0x00, 0x00, 0x0E, 0xFF, 0xF0, 0x06, 0x00, 0x00, 0x0D, 0xFF, 0xC6, 0x1A, 0x00, 0x00,
0x3D, 0xFF, 0x5B, 0x7F, 0x0B, 0x21, 0xC9, 0xFF, 0x00, 0x83, 0xED, 0xDE, 0x65, 0xF9, 0x00, 0x00,
0x00, 0x00, 0x14, 0xE0, 0xE5, 0x5B, 0x08, 0x17, 0x8E, 0x8B, 0x41, 0xCB, 0xF6, 0xEA, 0x90, 0x07,
0x00, 0x00, 0x00, 0x00, 0xFF, 0x00, 0x00, 0x00, 0x00, 0x00, 0x00, 0x00, 0x00, 0x00, 0x00, 0x00,
0x00, 0x00, 0x00, 0x51, 0xFA, 0xFF, 0xFF, 0xFF, 0xF7, 0x44, 0x00, 0x51, 0xF5, 0x51, 0x00, 0x00,
0x00, 0x5B, 0xF2, 0x3E, 0xFA, 0x50, 0x00, 0x00, 0x00, 0x00, 0x00, 0x5D, 0xD7, 0xFF, 0x00, 0x00,
0x00, 0x00, 0x00, 0x00, 0x02, 0x0C, 0xFF, 0x00, 0x00, 0x00, 0x00, 0x00, 0x00, 0x00, 0x00, 0xFF,
0x00, 0x00, 0x00, 0x00, 0xFF, 0xFF, 0xFF, 0xFF, 0xFF, 0x00, 0x00, 0x00, 0x00, 0x00, 0x00, 0x00,
0xFF, 0xFF, 0x00, 0x00, 0x00, 0x00, 0x00, 0x00, 0x00, 0xFF, 0xFA, 0x50, 0x00, 0x00, 0x00, 0x00,
0x00, 0x51, 0xFA, 0x52, 0xF5, 0x50, 0x00, 0x00, 0x00, 0x50, 0xF5, 0x51, 0x00, 0x52, 0xFA, 0xFF,
0xFF, 0xFF, 0xFA, 0x51, 0x00, 0x00, 0x00, 0xFF, 0x00, 0x00, 0x00, 0x00, 0x00, 0x00, 0x00, 0x00,
0x00, 0x00, 0x7F, 0xEC, 0xE2, 0x69, 0xFF, 0x62, 0x83, 0x0B, 0x25, 0xD0, 0xFF, 0xC8, 0x1C, 0x00,
0x00, 0x41, 0xFF, 0xF5, 0x05, 0x00, 0x00, 0x0E, 0xFF, 0xF0, 0x06, 0x00, 0x00, 0x0D, 0xFF, 0xC6,
0x1A, 0x00, 0x00, 0x3D, 0xFF, 0x5B, 0x7F, 0x0B, 0x21, 0xC9, 0xFF, 0x00, 0x83, 0xED, 0xDE, 0x65,
0xF9, 0x00, 0x00, 0x00, 0x00, 0x14, 0xE0, 0xE5, 0x5B, 0x08, 0x17, 0x8E, 0x8B, 0x41, 0xCB, 0xF6,
0xEA, 0x90, 0x07, 0x00, 0x51, 0xFA, 0xFF, 0xFF, 0xFF, 0xF7, 0x44, 0x00, 0x51, 0xF5, 0x51, 0x00,
0x00, 0x00, 0x5B, 0xF2, 0x3E, 0xFA, 0x50, 0x00, 0x00, 0x00, 0x00, 0x00, 0x5D, 0xD7, 0xFF, 0x00,
0x00, 0x00, 0x00, 0x00, 0x00, 0x02, 0x0C, 0xFF, 0x00, 0x00, 0x00, 0x00, 0x00, 0x00, 0x00, 0x00,
0xFF, 0x00, 0x00, 0x00, 0x00, 0xFF, 0xFF, 0xFF, 0xFF, 0xFF, 0x00, 0x00, 0x00, 0x00, 0x00, 0x00,
0x00, 0xFF, 0xFF, 0x00, 0x00, 0x00, 0x00, 0x00, 0x00, 0x00, 0xFF, 0xFA, 0x50, 0x00, 0x00, 0x00,
0x00, 0x00, 0x51, 0xFA, 0x52, 0xF5, 0x50, 0x00, 0x00, 0x00, 0x50, 0xF5, 0x51, 0x00, 0x52, 0xFA,
0xFF, 0xFF, 0xFF, 0xFA, 0x51, 0x00, 0x00, 0x00, 0x00, 0x00, 0x00, 0x00, 0x00, 0x00, 0x00, 0x00,
0x00, 0x00, 0x00, 0x00, 0xFF, 0x00, 0x00, 0x00, 0x00, 0x00, 0x00, 0x00, 0x00, 0xA4, 0x00, 0x00,
0x00, 0x00, 0x00, 0x00, 0x00, 0x00, 0x88, 0x00, 0x00, 0x00, 0x00, 0x00, 0x3E, 0xD2, 0x00, 0x00,
0x00, 0x00, 0xE0, 0x59, 0x00, 0x00, 0x00, 0x00, 0xFF, 0x00, 0x00, 0x00, 0x00, 0x00, 0x00, 0x00,
0x00, 0x00, 0x01, 0x87, 0xEE, 0xE2, 0x6A, 0xFF, 0x60, 0x6D, 0x09, 0x24, 0xD0, 0xFF, 0xC7, 0x11,
0x00, 0x00, 0x43, 0xFF, 0xEF, 0x03, 0x00, 0x00, 0x0D, 0xFF, 0xF1, 0x03, 0x00, 0x00, 0x0E, 0xFF,
0xC7, 0x0E, 0x00, 0x00, 0x3E, 0xFF, 0x5B, 0x62, 0x08, 0x21, 0xCA, 0xFF, 0x00, 0x81, 0xEC, 0xD2,
0x55, 0xF5, 0x00, 0x00, 0x00, 0x00, 0x14, 0xDB, 0xE4, 0x58, 0x07, 0x0B, 0x77, 0x8B, 0x40, 0xCB,
0xF6, 0xEA, 0x91, 0x07, 0x00, 0x00, 0x60, 0xFF, 0xFF, 0x5F, 0x00, 0x00, 0x00, 0x2A, 0xE0, 0x55,
0x55, 0xDF, 0x2A, 0x00, 0x00, 0x00, 0x00, 0x00, 0x00, 0x00, 0x00, 0x00, 0xFF, 0x00, 0x00, 0x00,
0x00, 0x00, 0x00, 0xFF, 0xFF, 0x00, 0x00, 0x00, 0x00, 0x00, 0x00, 0xFF, 0xFF, 0x00, 0x00, 0x00,
0x00, 0x00, 0x00, 0xFF, 0xFF, 0x00, 0x00, 0x00, 0x00, 0x00, 0x00, 0xFF, 0xFF, 0x00, 0x00, 0x00,
0x00, 0x00, 0x00, 0xFF, 0xFF, 0xFF, 0xFF, 0xFF, 0xFF, 0xFF, 0xFF, 0xFF, 0xFF, 0x00, 0x00, 0x00,
0x00, 0x00, 0x00, 0xFF, 0xFF, 0x00, 0x00, 0x00, 0x00, 0x00, 0x00, 0xFF, 0xFF, 0x00, 0x00, 0x00,
0x00, 0x00, 0x00, 0xFF, 0xFF, 0x00, 0x00, 0x00, 0x00, 0x00, 0x00, 0xFF, 0xFF, 0x00, 0x00, 0x00,
0x00, 0x00, 0x00, 0xFF, 0x00, 0x60, 0xFF, 0xFF, 0x5F, 0x00, 0x2A, 0xE0, 0x55, 0x55, 0xDF, 0x2A,
0x00, 0x00, 0x00, 0x00, 0x00, 0x00, 0xFF, 0x00, 0x00, 0x00, 0x00, 0x00, 0xFF, 0x00, 0x00, 0x00,
0x00, 0x00, 0xFF, 0x00, 0x00, 0x00, 0x00, 0x00, 0xFF, 0x66, 0xD8, 0xFD, 0xFA, 0x50, 0xFF, 0xBE,
0x24, 0x00, 0x52, 0xFA, 0xFF, 0x25, 0x00, 0x00, 0x00, 0xFF, 0xFF, 0x03, 0x00, 0x00, 0x00, 0xFF,
0xFF, 0x00, 0x00, 0x00, 0x00, 0xFF, 0xFF, 0x00, 0x00, 0x00, 0x00, 0xFF, 0xFF, 0x00, 0x00, 0x00,
0x00, 0xFF, 0xFF, 0x00, 0x00, 0x00, 0x00, 0xFF, 0x00, 0xFF, 0x00, 0x00, 0x00, 0x00, 0x00, 0x00,
0xFF, 0x00, 0x00, 0xFF, 0x00, 0x00, 0x00, 0x00, 0x00, 0x00, 0xFF, 0x00, 0xFF, 0xFF, 0xFF, 0xFF,
0xFF, 0xFF, 0xFF, 0xFF, 0xFF, 0xFF, 0x00, 0xFF, 0x00, 0x00, 0x00, 0x00, 0x00, 0x00, 0xFF, 0x00,
0x00, 0xFF, 0x00, 0x00, 0x00, 0x00, 0x00, 0x00, 0xFF, 0x00, 0x00, 0xFF, 0xFF, 0xFF, 0xFF, 0xFF,
0xFF, 0xFF, 0xFF, 0x00, 0x00, 0xFF, 0x00, 0x00, 0x00, 0x00, 0x00, 0x00, 0xFF, 0x00, 0x00, 0xFF,
0x00, 0x00, 0x00, 0x00, 0x00, 0x00, 0xFF, 0x00, 0x00, 0xFF, 0x00, 0x00, 0x00, 0x00, 0x00, 0x00,
0xFF, 0x00, 0x00, 0xFF, 0x00, 0x00, 0x00, 0x00, 0x00, 0x00, 0xFF, 0x00, 0x00, 0xFF, 0x00, 0x00,
0x00, 0x00, 0x00, 0x00, 0xFF, 0x00, 0x00, 0xFF, 0x00, 0x00, 0x00, 0x00, 0x00, 0xFF, 0xFF, 0xFF,
0xFF, 0xFF, 0x00, 0x00, 0x00, 0xFF, 0x00, 0x00, 0x00, 0x00, 0x00, 0x00, 0xFF, 0x60, 0xDF, 0xF5,
0xBD, 0x2B, 0x00, 0xFF, 0xC3, 0x26, 0x0D, 0x8A, 0xC4, 0x00, 0xFF, 0x2E, 0x00, 0x00, 0x0F, 0xF6,
0x00, 0xFF, 0x06, 0x00, 0x00, 0x00, 0xFF, 0x00, 0xFF, 0x00, 0x00, 0x00, 0x00, 0xFF, 0x00, 0xFF,
0x00, 0x00, 0x00, 0x00, 0xFF, 0x00, 0xFF, 0x00, 0x00, 0x00, 0x00, 0xFF, 0x00, 0xFF, 0x00, 0x00,
0x00, 0x00, 0xFF, 0x52, 0xDA, 0x7B, 0xF7, 0xFA, 0x69, 0xCE, 0x4F, 0x00, 0x00, 0x00, 0x00, 0x00,
0xFF, 0x00, 0x00, 0x00, 0xFF, 0x00, 0x00, 0x00, 0xFF, 0x00, 0x00, 0x00, 0xFF, 0x00, 0x00, 0x00,
0xFF, 0x00, 0x00, 0x00, 0xFF, 0x00, 0x00, 0x00, 0xFF, 0x00, 0x00, 0x00, 0xFF, 0x00, 0x00, 0x00,
0xFF, 0x00, 0x00, 0x00, 0xFF, 0x00, 0x00, 0x00, 0xFF, 0x00, 0x00, 0x52, 0xDA, 0x7B, 0xF7, 0xFA,
0x69, 0xCE, 0x4F, 0x00, 0x00, 0x00, 0x00, 0x00, 0xFF, 0x00, 0x00, 0x00, 0xFF, 0x00, 0x00, 0x00,
0xFF, 0x00, 0x00, 0x00, 0xFF, 0x00, 0x00, 0x00, 0xFF, 0x00, 0x00, 0x00, 0xFF, 0x00, 0x00, 0x00,
0xFF, 0x00, 0x00, 0x00, 0xFF, 0x00, 0x00, 0xFF, 0xFF, 0xFF, 0xFF, 0xFF, 0x00, 0x00, 0x00, 0x00,
0x00, 0x00, 0x00, 0xFF, 0x00, 0x00, 0x00, 0x00, 0xFF, 0x00, 0x00, 0x00, 0x00, 0xFF, 0x00, 0x00,
0x00, 0x00, 0xFF, 0x00, 0x00, 0x00, 0x00, 0xFF, 0x00, 0x00, 0x00, 0x00, 0xFF, 0x00, 0x00, 0x00,
0x00, 0xFF, 0x00, 0x00, 0x00, 0x00, 0xFF, 0x00, 0x00, 0x00, 0x00, 0xFF, 0x00, 0x00, 0x00, 0x00,
0xFF, 0x00, 0x00, 0x00, 0x00, 0xFF, 0x00, 0x00, 0xFF, 0xFF, 0xFF, 0xFF, 0xFF, 0x00, 0x00, 0x00,
0x00, 0x00, 0x00, 0x00, 0xFF, 0x00, 0x00, 0x00, 0x00, 0xFF, 0x00, 0x00, 0x00, 0x00, 0xFF, 0x00,
0x00, 0x00, 0x00, 0xFF, 0x00, 0x00, 0x00, 0x00, 0xFF, 0x00, 0x00, 0x00, 0x00, 0xFF, 0x00, 0x00,
0x00, 0x00, 0xFF, 0x00, 0x00, 0x00, 0x00, 0xFF, 0x00, 0x00, 0xD8, 0x65, 0x0A, 0x54, 0xD7, 0x39,
0xD1, 0xF7, 0xD0, 0x37, 0x00, 0x00, 0x00, 0x00, 0x00, 0x00, 0x00, 0xFF, 0x00, 0x00, 0x00, 0x00,
0xFF, 0x00, 0x00, 0x00, 0x00, 0xFF, 0x00, 0x00, 0x00, 0x00, 0xFF, 0x00, 0x00, 0x00, 0x00, 0xFF,
0x00, 0x00, 0x00, 0x00, 0xFF, 0x00, 0x00, 0x00, 0x00, 0xFF, 0x00, 0x00, 0x00, 0x00, 0xFF, 0x00,
0x00, 0x00, 0x00, 0xFF, 0x00, 0x00, 0x00, 0x00, 0xFF, 0x00, 0x00, 0x00, 0x00, 0xFF, 0x00, 0x00,
0xD8, 0x65, 0x0A, 0x54, 0xD7, 0x39, 0xD1, 0xF7, 0xD0, 0x37, 0x00, 0x00, 0x00, 0x00, 0x00, 0x00,
0x00, 0xFF, 0x00, 0x00, 0x00, 0x00, 0xFF, 0x00, 0x00, 0x00, 0x00, 0xFF, 0x00, 0x00, 0x00, 0x00,
0xFF, 0x00, 0x00, 0x00, 0x00, 0xFF, 0x00, 0x00, 0x00, 0x00, 0xFF, 0x00, 0x00, 0x00, 0x00, 0xFF,
0x00, 0x00, 0x00, 0x00, 0xFF, 0x00, 0x00, 0x00, 0xFF, 0x00, 0xFF, 0x00, 0xFF, 0x00, 0xFF, 0x00,
0xFF, 0x00, 0xFF, 0x00, 0xFF, 0x00, 0xFF, 0x00, 0xFF, 0x00, 0xFF, 0x00, 0xFF, 0x6E, 0x66, 0xF2,
0x24, 0xB2, 0xEA, 0x00, 0xFF, 0x00, 0x00, 0x00, 0x00, 0x00, 0xFF, 0x00, 0xFF, 0x00, 0xFF, 0x00,
0xFF, 0x00, 0xFF, 0x00, 0xFF, 0x00, 0xFF, 0x00, 0xFF, 0x6E, 0x66, 0xF2, 0x24, 0xB2, 0xEA, 0xFF,
0x00, 0xFF, 0xFF, 0xFF, 0xFF, 0xFF, 0xFF, 0xFF, 0xFF, 0xFF, 0xFF, 0xFF, 0xFF, 0xFF, 0xFF, 0xFF,
0xFF, 0xFF, 0xFF, 0xFF, 0xFF, 0x00, 0x00, 0x00, 0x00, 0x00, 0x00, 0xFF, 0xFF, 0x00, 0x00, 0x00,
0x00, 0x00, 0x00, 0xFF, 0xFF, 0x00, 0x00, 0x00, 0x00, 0x00, 0x00, 0xFF, 0xFF, 0x00, 0x00, 0x00,
0x00, 0x00, 0x00, 0xFF, 0xFF, 0x00, 0x00, 0x00, 0x00, 0x00, 0x00, 0xFF, 0xFF, 0x00, 0x00, 0x00,
0x00, 0x00, 0x00, 0xFF, 0xFF, 0x00, 0x00, 0x00, 0x00, 0x00, 0x00, 0xFF, 0xFF, 0x00, 0x00, 0x00,
0x00, 0x00, 0x00, 0xFC, 0xFF, 0x00, 0xDF, 0x0C, 0x00, 0x00, 0x11, 0xE7, 0xFF, 0x00, 0xB9, 0x6D,
0x0A, 0x15, 0x84, 0x9D, 0xFF, 0x00, 0x1E, 0xB3, 0xF0, 0xF0, 0xA1, 0x0F, 0xFF, 0x00, 0x00, 0x00,
0xFF, 0x00, 0x00, 0x00, 0x00, 0x00, 0x00, 0x00, 0x00, 0x00, 0x00, 0xFF, 0x00, 0x00, 0x00, 0xFF,
0xFF, 0x00, 0x00, 0x00, 0xFF, 0xFF, 0x00, 0x00, 0x00, 0xFF, 0xFF, 0x00, 0x00, 0x00, 0xFF, 0xFF,
0x00, 0x00, 0x00, 0xFF, 0xFF, 0x00, 0x00, 0x00, 0xFF, 0xFF, 0x00, 0x00, 0x00, 0xFF, 0xFF, 0x00,
0x00, 0x00, 0xFF, 0x00, 0x00, 0x00, 0x00, 0xFF, 0x00, 0x00, 0x0A, 0x51, 0xFA, 0x00, 0x00, 0x8E,
0xF9, 0x51, 0x00, 0x00, 0x00, 0x00, 0x60, 0xFF, 0xFF, 0x5F, 0x00, 0x00, 0x00, 0x00, 0x2A, 0xE0,
0x55, 0x55, 0xDF, 0x2A, 0x00, 0x00, 0x00, 0x00, 0x00, 0x00, 0x00, 0x00, 0x00, 0x00, 0x00, 0x00,
0x00, 0x00, 0xFF, 0x00, 0x00, 0x00, 0x00, 0x00, 0x00, 0x00, 0x00, 0xFF, 0x00, 0x00, 0x00, 0x00,
0x00, 0x00, 0x00, 0x00, 0xFF, 0x00, 0x00, 0x00, 0x00, 0x00, 0x00, 0x00, 0x00, 0xFF, 0x00, 0x00,
0x00, 0x00, 0x00, 0x00, 0x00, 0x00, 0xFF, 0x00, 0x00, 0x00, 0x00, 0x00, 0x00, 0x00, 0x00, 0xFF,
0x00, 0x00, 0x00, 0x00, 0x00, 0x00, 0x00, 0x00, 0xFF, 0x00, 0x00, 0x00, 0x00, 0x00, 0x00, 0x00,
0x00, 0xFC, 0x00, 0x00, 0x00, 0xDF, 0x0C, 0x00, 0x00, 0x11, 0xE7, 0x00, 0x00, 0x00, 0xB9, 0x6D,
0x0A, 0x15, 0x84, 0x9D, 0x00, 0x00, 0x00, 0x1E, 0xB3, 0xF0, 0xF0, 0xA1, 0x0F, 0x00, 0x00, 0x00,
0x00, 0x60, 0xFF, 0xFF, 0x5F, 0x00, 0x2A, 0xE0, 0x55, 0x55, 0xDF, 0x2A, 0x00, 0x00, 0x00, 0x00,
0x00, 0x00, 0x00, 0x00, 0x00, 0xFF, 0x00, 0x00, 0x00, 0x00, 0x00, 0xFF, 0x00, 0x00, 0x00, 0x00,
0x00, 0xFF, 0x00, 0x00, 0x00, 0x00, 0x00, 0xFF, 0x00, 0x00, 0x00, 0x00, 0x00, 0xFF, 0x00, 0x00,
0x00, 0x00, 0x00, 0xFF, 0x00, 0x00, 0x00, 0x00, 0x00, 0xFF, 0x00, 0x00, 0x00, 0x00, 0x00, 0xFF,
0x00, 0x00, 0x00, 0x00, 0x00, 0xFF, 0x00, 0x00, 0x00, 0x05, 0x52, 0xFA, 0x00, 0x00, 0x00, 0x8C,
0xF9, 0x4F, 0x00, 0x00, 0xFF, 0x00, 0x00, 0x00, 0x00, 0x00, 0x08, 0xAB, 0x6F, 0xFF, 0x00, 0x00,
0x00, 0x00, 0x13, 0xBC, 0x51, 0x00, 0xFF, 0x00, 0x00, 0x00, 0x23, 0xC5, 0x38, 0x00, 0x00, 0xFF,
0x00, 0x00, 0x37, 0xC4, 0x23, 0x00, 0x00, 0x00, 0xFF, 0x00, 0x4F, 0xF0, 0x4A, 0x00, 0x00, 0x00,
0x00, 0xFF, 0x6C, 0xAB, 0x27, 0xCD, 0x10, 0x00, 0x00, 0x00, 0xFF, 0x90, 0x02, 0x00, 0x4F, 0xAB,
0x00, 0x00, 0x00, 0xFF, 0x00, 0x00, 0x00, 0x00, 0x92, 0x69, 0x00, 0x00, 0xFF, 0x00, 0x00, 0x00,
0x00, 0x07, 0xC6, 0x2F, 0x00, 0xFF, 0x00, 0x00, 0x00, 0x00, 0x00, 0x25, 0xCA, 0x0B, 0xFF, 0x00,
0x00, 0x00, 0x00, 0x00, 0x00, 0x5B, 0xA0, 0x00, 0x00, 0x00, 0x00, 0x00, 0x00, 0x00, 0x00, 0x00,
0x00, 0x00, 0x00, 0x00, 0xFF, 0x00, 0x00, 0x00, 0x00, 0x00, 0x00, 0x00, 0x00, 0xA4, 0x00, 0x00,
0x00, 0x00, 0x00, 0x00, 0x00, 0x00, 0x88, 0x00, 0x00, 0x00, 0x00, 0xFF, 0x00, 0x00, 0x00, 0x00,
0x00, 0xFF, 0x00, 0x00, 0x00, 0x00, 0x00, 0xFF, 0x00, 0x00, 0x00, 0x00, 0x00, 0xFF, 0x00, 0x00,
0x00, 0x78, 0x83, 0xFF, 0x00, 0x00, 0x70, 0x8B, 0x00, 0xFF, 0x00, 0x69, 0x93, 0x00, 0x00, 0xFF,
0x62, 0xDB, 0x78, 0x00, 0x00, 0xFF, 0x9E, 0x0E, 0xD9, 0x16, 0x00, 0xFF, 0x02, 0x00, 0x64, 0x98,
0x00, 0xFF, 0x00, 0x00, 0x02, 0xCD, 0x2B, 0xFF, 0x00, 0x00, 0x00, 0x44, 0xB7, 0x00, 0x00, 0x00,
0x00, 0x00, 0x00, 0x00, 0x00, 0x00, 0xFF, 0x00, 0x00, 0x00, 0x00, 0x00, 0xA4, 0x00, 0x00, 0x00,
0x00, 0x00, 0x88, 0x00, 0x00, 0xFF, 0x00, 0x00, 0x00, 0x3B, 0xB3, 0x13, 0xFF, 0x00, 0x00, 0x4A,
0x9D, 0x07, 0x00, 0xFF, 0x00, 0x5B, 0x81, 0x01, 0x00, 0x00, 0xFF, 0x5C, 0x9D, 0x5A, 0x00, 0x00,
0x00, 0xFF, 0x2D, 0x03, 0xBA, 0x1D, 0x00, 0x00, 0xFF, 0x00, 0x00, 0x2B, 0xB7, 0x01, 0x00, 0xFF,
0x00, 0x00, 0x00, 0x7B, 0x73, 0x00, 0xFF, 0x00, 0x00, 0x00, 0x04, 0xC5, 0x2D, 0x00, 0x40, 0xBF,
0x00, 0x00, 0x00, 0x00, 0x00, 0xC0, 0x3F, 0x00, 0x00, 0x00, 0x00, 0x00, 0x00, 0x00, 0x00, 0x00,
0x00, 0x00, 0xFF, 0x00, 0x00, 0x00, 0x00, 0x00, 0x00, 0xFF, 0x00, 0x00, 0x00, 0x00, 0x00, 0x00,
0xFF, 0x00, 0x00, 0x00, 0x00, 0x00, 0x00, 0xFF, 0x00, 0x00, 0x00, 0x00, 0x00, 0x00, 0xFF, 0x00,
0x00, 0x00, 0x00, 0x00, 0x00, 0xFF, 0x00, 0x00, 0x00, 0x00, 0x00, 0x00, 0xFF, 0x00, 0x00, 0x00,
0x00, 0x00, 0x00, 0xFF, 0x00, 0x00, 0x00, 0x00, 0x00, 0x00, 0xFF, 0x00, 0x00, 0x00, 0x00, 0x00,
0x00, 0xFF, 0x00, 0x00, 0x00, 0x00, 0x00, 0x00, 0xFF, 0xFF, 0xFF, 0xFF, 0xFF, 0xFF, 0xFF, 0x40,
0xBF, 0xC0, 0x3F, 0x00, 0x00, 0xFF, 0x00, 0xFF, 0x00, 0xFF, 0x00, 0xFF, 0x00, 0xFF, 0x00, 0xFF,
0x00, 0xFF, 0x00, 0xFF, 0x00, 0xFF, 0x00, 0xFF, 0x00, 0xFF, 0x00, 0xFF, 0x00, 0x00, 0x00, 0x00,
0x00, 0x00, 0xFF, 0x00, 0x00, 0x00, 0x00, 0x00, 0x00, 0xFF, 0x00, 0x00, 0x00, 0x00, 0x00, 0x00,
0xFF, 0x00, 0x00, 0x00, 0x00, 0x00, 0x00, 0xFF, 0x00, 0x00, 0x00, 0x00, 0x00, 0x00, 0xFF, 0x00,
0x00, 0x00, 0x00, 0x00, 0x00, 0xFF, 0x00, 0x00, 0x00, 0x00, 0x00, 0x00, 0xFF, 0x00, 0x00, 0x00,
0x00, 0x00, 0x00, 0xFF, 0x00, 0x00, 0x00, 0x00, 0x00, 0x00, 0xFF, 0x00, 0x00, 0x00, 0x00, 0x00,
0x00, 0xFF, 0xFF, 0xFF, 0xFF, 0xFF, 0xFF, 0xFF, 0x00, 0x00, 0x00, 0x00, 0x00, 0x00, 0x00, 0x00,
0x00, 0x00, 0xFF, 0x00, 0x00, 0x00, 0x00, 0x00, 0x00, 0xA4, 0x00, 0x00, 0x00, 0x00, 0x00, 0x00,
0x88, 0x00, 0x00, 0x00, 0xFF, 0xFF, 0xFF, 0xFF, 0xFF, 0xFF, 0xFF, 0xFF, 0xFF, 0xFF, 0xFF, 0x00,
0xFF, 0xA4, 0x88, 0xFF, 0x00, 0x00, 0x00, 0xFF, 0x00, 0xFF, 0x00, 0x00, 0x00, 0x08, 0x00, 0xFF,
0x00, 0x00, 0x00, 0x4E, 0x00, 0xFF, 0x00, 0x00, 0x00, 0x76, 0x00, 0xFF, 0x00, 0x00, 0x00, 0x00,
0x00, 0xFF, 0x00, 0x00, 0x00, 0x00, 0x00, 0xFF, 0x00, 0x00, 0x00, 0x00, 0x00, 0xFF, 0x00, 0x00,
0x00, 0x00, 0x00, 0xFF, 0x00, 0x00, 0x00, 0x00, 0x00, 0xFF, 0x00, 0x00, 0x00, 0x00, 0x00, 0xFF,
0xFF, 0xFF, 0xFF, 0xFF, 0xFF, 0xFF, 0x00, 0xFF, 0xFF, 0x00, 0x99, 0xFF, 0x00, 0x87, 0xFF, 0x00,
0x00, 0xFF, 0x00, 0x00, 0xFF, 0x00, 0x00, 0xFF, 0x00, 0x00, 0xFF, 0x00, 0x00, 0xFF, 0x00, 0x00,
0xFF, 0x00, 0x00, 0xFF, 0x00, 0x00, 0xFF, 0x00, 0x00, 0x00, 0x00, 0x00, 0x00, 0xFF, 0x00, 0x00,
0x00, 0x00, 0x00, 0x00, 0xFF, 0x00, 0x00, 0x00, 0x00, 0x00, 0x00, 0xFF, 0x00, 0x00, 0x00, 0x00,
0x00, 0x00, 0xFF, 0x00, 0x00, 0x00, 0x00, 0x00, 0x00, 0xFF, 0x00, 0x00, 0x00, 0xFF, 0x00, 0x00,
0xFF, 0x00, 0x00, 0x00, 0x00, 0x00, 0x00, 0xFF, 0x00, 0x00, 0x00, 0x00, 0x00, 0x00, 0xFF, 0x00,
0x00, 0x00, 0x00, 0x00, 0x00, 0xFF, 0x00, 0x00, 0x00, 0x00, 0x00, 0x00, 0xFF, 0xFF, 0xFF, 0xFF,
0xFF, 0xFF, 0xFF, 0xFF, 0x00, 0x00, 0xFF, 0x00, 0x00, 0xFF, 0x00, 0x00, 0xFF, 0x00, 0x00, 0xFF,
0x00, 0x00, 0xFF, 0x00, 0xFF, 0xFF, 0x00, 0x00, 0xFF, 0x00, 0x00, 0xFF, 0x00, 0x00, 0xFF, 0x00,
0x00, 0xFF, 0x00, 0x00, 0x00, 0xFF, 0x00, 0x00, 0x00, 0x00, 0x00, 0x00, 0x00, 0xFF, 0x00, 0x00,
0x00, 0x00, 0x00, 0x00, 0x00, 0xFF, 0x00, 0x00, 0x27, 0x00, 0x00, 0x00, 0x00, 0xFF, 0x00, 0x4D,
0xC9, 0x00, 0x00, 0x00, 0x00, 0xFF, 0x7E, 0xB0, 0x0E, 0x00, 0x00, 0x00, 0x0E, 0xFF, 0x81, 0x01,
0x00, 0x00, 0x00, 0x00, 0xC9, 0xFF, 0x00, 0x00, 0x00, 0x00, 0x00, 0x00, 0x28, 0xFF, 0x00, 0x00,
0x00, 0x00, 0x00, 0x00, 0x00, 0xFF, 0x00, 0x00, 0x00, 0x00, 0x00, 0x00, 0x00, 0xFF, 0x00, 0x00,
0x00, 0x00, 0x00, 0x00, 0x00, 0xFF, 0xFF, 0xFF, 0xFF, 0xFF, 0xFF, 0xFF, 0x00, 0xFF, 0x00, 0x00,
0xFF, 0x00, 0x00, 0xFF, 0x00, 0x00, 0xFF, 0x1F, 0x00, 0xFF, 0xC0, 0x1F, 0xFF, 0x1F, 0xC0, 0xFF,
0x00, 0x1F, 0xFF, 0x00, 0x00, 0xFF, 0x00, 0x00, 0xFF, 0x00, 0x00, 0xFF, 0x00, 0x00, 0x00, 0x00,
0x40, 0xBF, 0x00, 0x00, 0x00, 0x00, 0x00, 0x00, 0xC0, 0x3F, 0x00, 0x00, 0x00, 0x00, 0x00, 0x00,
0x00, 0x00, 0x00, 0x00, 0x00, 0xFF, 0x65, 0x00, 0x00, 0x00, 0x00, 0x00, 0xFF, 0xFF, 0xC8, 0x14,
0x00, 0x00, 0x00, 0x00, 0xFF, 0xFF, 0x47, 0x9D, 0x00, 0x00, 0x00, 0x00, 0xFF, 0xFF, 0x00, 0xA9,
0x3B, 0x00, 0x00, 0x00, 0xFF, 0xFF, 0x00, 0x1B, 0xC5, 0x04, 0x00, 0x00, 0xFF, 0xFF, 0x00, 0x00,
0x73, 0x72, 0x00, 0x00, 0xFF, 0xFF, 0x00, 0x00, 0x04, 0xC5, 0x1B, 0x00, 0xFF, 0xFF, 0x00, 0x00,
0x00, 0x3B, 0xA8, 0x00, 0xFF, 0xFF, 0x00, 0x00, 0x00, 0x00, 0x9E, 0x46, 0xFF, 0xFF, 0x00, 0x00,
0x00, 0x00, 0x14, 0xC8, 0xFF, 0xFF, 0x00, 0x00, 0x00, 0x00, 0x00, 0x66, 0xFF, 0x00, 0x00, 0x40,
0xBF, 0x00, 0x00, 0x00, 0x00, 0xC0, 0x3F, 0x00, 0x00, 0x00, 0x00, 0x00, 0x00, 0x00, 0x00, 0xFF,
0x5C, 0xDD, 0xFD, 0xFA, 0x50, 0xFF, 0xBD, 0x26, 0x01, 0x52, 0xFA, 0xFF, 0x2B, 0x00, 0x00, 0x00,
0xFF, 0xFF, 0x06, 0x00, 0x00, 0x00, 0xFF, 0xFF, 0x00, 0x00, 0x00, 0x00, 0xFF, 0xFF, 0x00, 0x00,
0x00, 0x00, 0xFF, 0xFF, 0x00, 0x00, 0x00, 0x00, 0xFF, 0xFF, 0x00, 0x00, 0x00, 0x00, 0xFF, 0xFF,
0x65, 0x00, 0x00, 0x00, 0x00, 0x00, 0xFF, 0xFF, 0xC8, 0x14, 0x00, 0x00, 0x00, 0x00, 0xFF, 0xFF,
0x47, 0x9D, 0x00, 0x00, 0x00, 0x00, 0xFF, 0xFF, 0x00, 0xA9, 0x3B, 0x00, 0x00, 0x00, 0xFF, 0xFF,
0x00, 0x1B, 0xC5, 0x04, 0x00, 0x00, 0xFF, 0xFF, 0x00, 0x00, 0x73, 0x72, 0x00, 0x00, 0xFF, 0xFF,
0x00, 0x00, 0x04, 0xC5, 0x1B, 0x00, 0xFF, 0xFF, 0x00, 0x00, 0x00, 0x3B, 0xA8, 0x00, 0xFF, 0xFF,
0x00, 0x00, 0x00, 0x00, 0x9E, 0x46, 0xFF, 0xFF, 0x00, 0x00, 0x00, 0x00, 0x14, 0xC8, 0xFF, 0xFF,
0x00, 0x00, 0x00, 0x00, 0x00, 0x66, 0xFF, 0x00, 0x00, 0x00, 0x00, 0x00, 0x00, 0x00, 0x00, 0x00,
0x00, 0x00, 0x00, 0xFF, 0x00, 0x00, 0x00, 0x00, 0x00, 0x00, 0x00, 0xA4, 0x00, 0x00, 0x00, 0x00,
0x00, 0x00, 0x00, 0x88, 0x00, 0x00, 0x00, 0xFF, 0x5C, 0xDD, 0xFD, 0xFA, 0x50, 0xFF, 0xBD, 0x26,
0x01, 0x52, 0xFA, 0xFF, 0x2B, 0x00, 0x00, 0x00, 0xFF, 0xFF, 0x06, 0x00, 0x00, 0x00, 0xFF, 0xFF,
0x00, 0x00, 0x00, 0x00, 0xFF, 0xFF, 0x00, 0x00, 0x00, 0x00, 0xFF, 0xFF, 0x00, 0x00, 0x00, 0x00,
0xFF, 0xFF, 0x00, 0x00, 0x00, 0x00, 0xFF, 0x00, 0x00, 0x00, 0x00, 0x00, 0x00, 0x00, 0x00, 0x00,
0xFF, 0x00, 0x00, 0x00, 0x00, 0x00, 0xA4, 0x00, 0x00, 0x00, 0x00, 0x00, 0x88, 0x00, 0x00, 0x00,
0x2B, 0xDF, 0x55, 0x55, 0xDF, 0x2A, 0x00, 0x00, 0x00, 0x60, 0xFF, 0xFF, 0x5F, 0x00, 0x00, 0x00,
0x00, 0x00, 0x00, 0x00, 0x00, 0x00, 0x00, 0xFF, 0x65, 0x00, 0x00, 0x00, 0x00, 0x00, 0xFF, 0xFF,
0xC8, 0x14, 0x00, 0x00, 0x00, 0x00, 0xFF, 0xFF, 0x47, 0x9D, 0x00, 0x00, 0x00, 0x00, 0xFF, 0xFF,
0x00, 0xA9, 0x3B, 0x00, 0x00, 0x00, 0xFF, 0xFF, 0x00, 0x1B, 0xC5, 0x04, 0x00, 0x00, 0xFF, 0xFF,
0x00, 0x00, 0x73, 0x72, 0x00, 0x00, 0xFF, 0xFF, 0x00, 0x00, 0x04, 0xC5, 0x1B, 0x00, 0xFF, 0xFF,
0x00, 0x00, 0x00, 0x3B, 0xA8, 0x00, 0xFF, 0xFF, 0x00, 0x00, 0x00, 0x00, 0x9E, 0x46, 0xFF, 0xFF,
0x00, 0x00, 0x00, 0x00, 0x14, 0xC8, 0xFF, 0xFF, 0x00, 0x00, 0x00, 0x00, 0x00, 0x66, 0xFF, 0x2B,
0xDF, 0x55, 0x55, 0xDF, 0x2A, 0x00, 0x60, 0xFF, 0xFF, 0x5F, 0x00, 0x00, 0x00, 0x00, 0x00, 0x00,
0x00, 0xFF, 0x5C, 0xDD, 0xFD, 0xFA, 0x50, 0xFF, 0xBD, 0x26, 0x01, 0x52, 0xFA, 0xFF, 0x2B, 0x00,
0x00, 0x00, 0xFF, 0xFF, 0x06, 0x00, 0x00, 0x00, 0xFF, 0xFF, 0x00, 0x00, 0x00, 0x00, 0xFF, 0xFF,
0x00, 0x00, 0x00, 0x00, 0xFF, 0xFF, 0x00, 0x00, 0x00, 0x00, 0xFF, 0xFF, 0x00, 0x00, 0x00, 0x00,
0xFF, 0xFF, 0x00, 0x00, 0x00, 0x00, 0x00, 0x00, 0x00, 0x86, 0x00, 0x00, 0x00, 0x00, 0x00, 0x00,
0x00, 0xA3, 0x00, 0x00, 0x00, 0x00, 0x00, 0x00, 0x00, 0x6D, 0x00, 0xFF, 0x5C, 0xDD, 0xFD, 0xFA,
0x50, 0x00, 0x00, 0xFF, 0xBD, 0x26, 0x01, 0x52, 0xFA, 0x00, 0x00, 0xFF, 0x2B, 0x00, 0x00, 0x00,
0xFF, 0x00, 0x00, 0xFF, 0x06, 0x00, 0x00, 0x00, 0xFF, 0x00, 0x00, 0xFF, 0x00, 0x00, 0x00, 0x00,
0xFF, 0x00, 0x00, 0xFF, 0x00, 0x00, 0x00, 0x00, 0xFF, 0x00, 0x00, 0xFF, 0x00, 0x00, 0x00, 0x00,
0xFF, 0x00, 0x00, 0xFF, 0x00, 0x00, 0x00, 0x00, 0xFF, 0xFF, 0x28, 0xAE, 0xE1, 0xF8, 0xE7, 0xA0,
0x19, 0x00, 0xFF, 0xEB, 0x86, 0x23, 0x06, 0x19, 0x68, 0xD1, 0x0E, 0xFF, 0x78, 0x00, 0x00, 0x00,
0x00, 0x00, 0x58, 0x81, 0xFF, 0x1F, 0x00, 0x00, 0x00, 0x00, 0x00, 0x06, 0xCB, 0xFF, 0x06, 0x00,
0x00, 0x00, 0x00, 0x00, 0x00, 0xDF, 0xFF, 0x00, 0x00, 0x00, 0x00, 0x00, 0x00, 0x01, 0xFA, 0xFF,
0x00, 0x00, 0x00, 0x00, 0x00, 0x00, 0x0A, 0xF1, 0xFF, 0x00, 0x00, 0x00, 0x00, 0x00, 0x00, 0x23,
0xD2, 0xFF, 0x00, 0x00, 0x00, 0x00, 0x00, 0x00, 0x60, 0x95, 0xFF, 0x00, 0x00, 0x00, 0x00, 0x03,
0x41, 0xE3, 0x2A, 0xFF, 0x00, 0x00, 0x00, 0xA6, 0xF2, 0xDB, 0x4E, 0x00, 0xFF, 0x5C, 0xDD, 0xF8,
0xC9, 0x2D, 0xFF, 0xEE, 0x45, 0x0C, 0x80, 0xC8, 0xFF, 0x70, 0x00, 0x00, 0x11, 0xF7, 0xFF, 0x16,
0x00, 0x00, 0x00, 0xFF, 0xFF, 0x00, 0x00, 0x00, 0x00, 0xFF, 0xFF, 0x00, 0x00, 0x00, 0x00, 0xFF,
0xFF, 0x00, 0x00, 0x00, 0x00, 0xFF, 0xFF, 0x00, 0x00, 0x00, 0x00, 0xFF, 0x00, 0x00, 0x00, 0x00,
0x02, 0xFB, 0x00, 0x00, 0x00, 0x00, 0x2B, 0xE4, 0x00, 0x00, 0x00, 0x8C, 0xF6, 0x78, 0x00, 0x00,
0x00, 0xFF, 0xFF, 0xFF, 0xFF, 0xFF, 0x00, 0x00, 0x00, 0x00, 0x00, 0x00, 0x00, 0x00, 0x00, 0x00,
0x00, 0x00, 0x00, 0x00, 0x59, 0xC5, 0xF4, 0xEF, 0xBF, 0x50, 0x00, 0x00, 0x00, 0x8F, 0xD0, 0x4B,
0x0D, 0x10, 0x4F, 0xD7, 0x86, 0x00, 0x48, 0xD0, 0x0A, 0x00, 0x00, 0x00, 0x00, 0x0F, 0xDC, 0x42,
0xB2, 0x54, 0x00, 0x00, 0x00, 0x00, 0x00, 0x00, 0x5E, 0xAC, 0xE8, 0x18, 0x00, 0x00, 0x00, 0x00,
0x00, 0x00, 0x1A, 0xE5, 0xFA, 0x04, 0x00, 0x00, 0x00, 0x00, 0x00, 0x00, 0x05, 0xF9, 0xE9, 0x12,
0x00, 0x00, 0x00, 0x00, 0x00, 0x00, 0x17, 0xE5, 0xAE, 0x52, 0x00, 0x00, 0x00, 0x00, 0x00, 0x00,
0x59, 0xAE, 0x42, 0xD3, 0x0C, 0x00, 0x00, 0x00, 0x00, 0x0D, 0xD7, 0x46, 0x00, 0x85, 0xD1, 0x49,
0x0B, 0x0B, 0x4A, 0xD3, 0x8A, 0x00, 0x00, 0x00, 0x50, 0xC0, 0xF0, 0xF0, 0xBF, 0x50, 0x00, 0x00,
0x00, 0xFF, 0xFF, 0xFF, 0xFF, 0xFF, 0x00, 0x00, 0x00, 0x00, 0x00, 0x00, 0x02, 0x82, 0xE6, 0xF6,
0xC4, 0x29, 0x73, 0x90, 0x0D, 0x0A, 0x74, 0xA9, 0xD4, 0x21, 0x00, 0x00, 0x16, 0xE4, 0xF8, 0x07,
0x00, 0x00, 0x04, 0xF8, 0xF1, 0x07, 0x00, 0x00, 0x06, 0xFF, 0xCD, 0x22, 0x00, 0x00, 0x16, 0xFF,
0x67, 0x90, 0x0D, 0x0A, 0x74, 0xEC, 0x02, 0x8A, 0xEF, 0xEF, 0xAD, 0x31, 0x00, 0x00, 0xD8, 0x65,
0x0A, 0x54, 0xD7, 0x00, 0x00, 0x00, 0x00, 0x00, 0x39, 0xD1, 0xF7, 0xD0, 0x37, 0x00, 0x00, 0x00,
0x00, 0x00, 0x00, 0x00, 0x00, 0x00, 0x00, 0x00, 0x00, 0x00, 0x00, 0x00, 0x59, 0xC5, 0xF4, 0xEF,
0xBF, 0x50, 0x00, 0x00, 0x00, 0x8F, 0xD0, 0x4B, 0x0D, 0x10, 0x4F, 0xD7, 0x86, 0x00, 0x48, 0xD0,
0x0A, 0x00, 0x00, 0x00, 0x00, 0x0F, 0xDC, 0x42, 0xB2, 0x54, 0x00, 0x00, 0x00, 0x00, 0x00, 0x00,
0x5E, 0xAC, 0xE8, 0x18, 0x00, 0x00, 0x00, 0x00, 0x00, 0x00, 0x1A, 0xE5, 0xFA, 0x04, 0x00, 0x00,
0x00, 0x00, 0x00, 0x00, 0x05, 0xF9, 0xE9, 0x12, 0x00, 0x00, 0x00, 0x00, 0x00, 0x00, 0x17, 0xE5,
0xAE, 0x52, 0x00, 0x00, 0x00, 0x00, 0x00, 0x00, 0x59, 0xAE, 0x42, 0xD3, 0x0C, 0x00, 0x00, 0x00,
0x00, 0x0D, 0xD7, 0x46, 0x00, 0x85, 0xD1, 0x49, 0x0B, 0x0B, 0x4A, 0xD3, 0x8A, 0x00, 0x00, 0x00,
0x50, 0xC0, 0xF0, 0xF0, 0xBF, 0x50, 0x00, 0x00, 0x00, 0xD8, 0x65, 0x0A, 0x54, 0xD7, 0x00, 0x39,
0xD1, 0xF7, 0xD0, 0x37, 0x00, 0x00, 0x00, 0x00, 0x00, 0x00, 0x02, 0x82, 0xE6, 0xF6, 0xC4, 0x29,
0x73, 0x90, 0x0D, 0x0A, 0x74, 0xA9, 0xD4, 0x21, 0x00, 0x00, 0x16, 0xE4, 0xF8, 0x07, 0x00, 0x00,
0x04, 0xF8, 0xF1, 0x07, 0x00, 0x00, 0x06, 0xFF, 0xCD, 0x22, 0x00, 0x00, 0x16, 0xFF, 0x67, 0x90,
0x0D, 0x0A, 0x74, 0xEC, 0x02, 0x8A, 0xEF, 0xEF, 0xAD, 0x31, 0x00, 0x00, 0x00, 0x00, 0x40, 0xB3,
0x40, 0xB5, 0x00, 0x00, 0x00, 0x00, 0x00, 0x00, 0xB9, 0x23, 0xBB, 0x27, 0x00, 0x00, 0x00, 0x00,
0x00, 0x00, 0x00, 0x00, 0x00, 0x00, 0x00, 0x00, 0x00, 0x00, 0x59, 0xC5, 0xF4, 0xEF, 0xBF, 0x50,
0x00, 0x00, 0x00, 0x8F, 0xD0, 0x4B, 0x0D, 0x10, 0x4F, 0xD7, 0x86, 0x00, 0x48, 0xD0, 0x0A, 0x00,
0x00, 0x00, 0x00, 0x0F, 0xDC, 0x42, 0xB2, 0x54, 0x00, 0x00, 0x00, 0x00, 0x00, 0x00, 0x5E, 0xAC,
0xE8, 0x18, 0x00, 0x00, 0x00, 0x00, 0x00, 0x00, 0x1A, 0xE5, 0xFA, 0x04, 0x00, 0x00, 0x00, 0x00,
0x00, 0x00, 0x05, 0xF9, 0xE9, 0x12, 0x00, 0x00, 0x00, 0x00, 0x00, 0x00, 0x17, 0xE5, 0xAE, 0x52,
0x00, 0x00, 0x00, 0x00, 0x00, 0x00, 0x59, 0xAE, 0x42, 0xD3, 0x0C, 0x00, 0x00, 0x00, 0x00, 0x0D,
0xD7, 0x46, 0x00, 0x85, 0xD1, 0x49, 0x0B, 0x0B, 0x4A, 0xD3, 0x8A, 0x00, 0x00, 0x00, 0x50, 0xC0,
0xF0, 0xF0, 0xBF, 0x50, 0x00, 0x00, 0x00, 0x40, 0xB3, 0x40, 0xB5, 0x00, 0x00, 0xB9, 0x23, 0xBB,
0x27, 0x00, 0x00, 0x00, 0x00, 0x00, 0x00, 0x00, 0x02, 0x82, 0xE6, 0xF6, 0xC4, 0x29, 0x73, 0x90,
0x0D, 0x0A, 0x74, 0xA9, 0xD4, 0x21, 0x00, 0x00, 0x16, 0xE4, 0xF8, 0x07, 0x00, 0x00, 0x04, 0xF8,
0xF1, 0x07, 0x00, 0x00, 0x06, 0xFF, 0xCD, 0x22, 0x00, 0x00, 0x16, 0xFF, 0x67, 0x90, 0x0D, 0x0A,
0x74, 0xEC, 0x02, 0x8A, 0xEF, 0xEF, 0xAD, 0x31, 0x00, 0x1D, 0xA8, 0xED, 0xF7, 0xC8, 0x41, 0xFF,
0xFF, 0xFF, 0xFF, 0xFF, 0xFF, 0x09, 0xD1, 0x6B, 0x14, 0x09, 0x3C, 0xD1, 0xFF, 0x00, 0x00, 0x00,
0x00, 0x00, 0x64, 0x64, 0x00, 0x00, 0x00, 0x00, 0x51, 0xFF, 0x00, 0x00, 0x00, 0x00, 0x00, 0xC0,
0x1F, 0x00, 0x00, 0x00, 0x00, 0x1D, 0xFF, 0x00, 0x00, 0x00, 0x00, 0x00, 0xE3, 0x08, 0x00, 0x00,
0x00, 0x00, 0x08, 0xFF, 0x00, 0x00, 0x00, 0x00, 0x00, 0xF9, 0x01, 0x00, 0x00, 0x00, 0x00, 0x02,
0xFF, 0xFF, 0xFF, 0xFF, 0xFF, 0xFF, 0xE3, 0x08, 0x00, 0x00, 0x00, 0x00, 0x0B, 0xFF, 0x00, 0x00,
0x00, 0x00, 0x00, 0xC0, 0x25, 0x00, 0x00, 0x00, 0x00, 0x28, 0xFF, 0x00, 0x00, 0x00, 0x00, 0x00,
0x64, 0x68, 0x00, 0x00, 0x00, 0x00, 0x69, 0xFF, 0x00, 0x00, 0x00, 0x00, 0x00, 0x09, 0xBF, 0x4B,
0x0A, 0x0A, 0x4A, 0xD5, 0xFF, 0x00, 0x00, 0x00, 0x00, 0x00, 0x00, 0x17, 0xA2, 0xED, 0xE1, 0x87,
0x13, 0xFF, 0xFF, 0xFF, 0xFF, 0xFF, 0xFF, 0x04, 0x89, 0xE9, 0xF1, 0x97, 0x09, 0x72, 0xDE, 0xF5,
0xCD, 0x53, 0x00, 0x7D, 0x84, 0x16, 0x0D, 0x86, 0xE1, 0xCC, 0x35, 0x09, 0x30, 0xC8, 0x5C, 0xCA,
0x00, 0x00, 0x00, 0x1D, 0xFF, 0x27, 0x00, 0x00, 0x00, 0x26, 0xCE, 0xF1, 0x00, 0x00, 0x00, 0x06,
0xFF, 0xFF, 0xFF, 0xFF, 0xFF, 0xFF, 0xF7, 0xF2, 0x0C, 0x00, 0x00, 0x08, 0xFF, 0x15, 0x00, 0x00,
0x00, 0x01, 0x18, 0xCE, 0x3C, 0x00, 0x00, 0x21, 0xFF, 0x5F, 0x00, 0x00, 0x00, 0x45, 0xD0, 0x65,
0x8F, 0x09, 0x0D, 0x8B, 0xD8, 0xED, 0x53, 0x0D, 0x36, 0xDD, 0x56, 0x02, 0x86, 0xED, 0xEF, 0x8A,
0x05, 0x75, 0xDA, 0xF8, 0xD7, 0x5F, 0x00, 0x00, 0x00, 0x00, 0x00, 0x40, 0xBF, 0x00, 0x00, 0x00,
0x00, 0x00, 0x00, 0x00, 0xC0, 0x3F, 0x00, 0x00, 0x00, 0x00, 0x00, 0x00, 0x00, 0x00, 0x00, 0x00,
0x00, 0x00, 0xFF, 0xFF, 0xFF, 0xFF, 0xFF, 0xF5, 0xD8, 0x84, 0x04, 0xFF, 0x00, 0x00, 0x00, 0x00,
0x06, 0x17, 0x73, 0x8C, 0xFF, 0x00, 0x00, 0x00, 0x00, 0x00, 0x00, 0x0A, 0xEC, 0xFF, 0x00, 0x00,
0x00, 0x00, 0x00, 0x00, 0x08, 0xE7, 0xFF, 0x00, 0x00, 0x00, 0x04, 0x1A, 0x35, 0x87, 0x8C, 0xFF,
0xFF, 0xFF, 0xFF, 0xFF, 0xFD, 0xE1, 0x8B, 0x08, 0xFF, 0x00, 0x00, 0x0E, 0x82, 0xE6, 0x15, 0x00,
0x00, 0xFF, 0x00, 0x00, 0x00, 0x00, 0x83, 0xAC, 0x02, 0x00, 0xFF, 0x00, 0x00, 0x00, 0x00, 0x02,
0xC1, 0x6F, 0x00, 0xFF, 0x00, 0x00, 0x00, 0x00, 0x00, 0x1F, 0xE3, 0x1A, 0xFF, 0x00, 0x00, 0x00,
0x00, 0x00, 0x00, 0x5D, 0xA9, 0x00, 0x40, 0xBF, 0x00, 0x00, 0xC0, 0x3F, 0x00, 0x00, 0x00, 0x00,
0x00, 0xFF, 0x67, 0xF0, 0xBF, 0xFF, 0xA3, 0x0C, 0x24, 0xFF, 0x2D, 0x00, 0x00, 0xFF, 0x08, 0x00,
0x00, 0xFF, 0x00, 0x00, 0x00, 0xFF, 0x00, 0x00, 0x00, 0xFF, 0x00, 0x00, 0x00, 0xFF, 0x00, 0x00,
0x00, 0xFF, 0xFF, 0xFF, 0xFF, 0xFF, 0xF5, 0xD8, 0x84, 0x04, 0xFF, 0x00, 0x00, 0x00, 0x00, 0x06,
0x17, 0x73, 0x8C, 0xFF, 0x00, 0x00, 0x00, 0x00, 0x00, 0x00, 0x0A, 0xEC, 0xFF, 0x00, 0x00, 0x00,
0x00, 0x00, 0x00, 0x08, 0xE7, 0xFF, 0x00, 0x00, 0x00, 0x04, 0x1A, 0x35, 0x87, 0x8C, 0xFF, 0xFF,
0xFF, 0xFF, 0xFF, 0xFD, 0xE1, 0x8B, 0x08, 0xFF, 0x00, 0x00, 0x0E, 0x82, 0xE6, 0x15, 0x00, 0x00,
0xFF, 0x00, 0x00, 0x00, 0x00, 0x83, 0xAC, 0x02, 0x00, 0xFF, 0x00, 0x00, 0x00, 0x00, 0x02, 0xC1,
0x6F, 0x00, 0xFF, 0x00, 0x00, 0x00, 0x00, 0x00, 0x1F, 0xE3, 0x1A, 0xFF, 0x00, 0x00, 0x00, 0x00,
0x00, 0x00, 0x5D, 0xA9, 0x00, 0x00, 0x00, 0x00, 0x00, 0x00, 0x00, 0x00, 0x00, 0x00, 0x00, 0x00,
0x00, 0xFF, 0x00, 0x00, 0x00, 0x00, 0x00, 0x00, 0x00, 0x00, 0xA4, 0x00, 0x00, 0x00, 0x00, 0x00,
0x00, 0x00, 0x00, 0x88, 0x00, 0x00, 0x00, 0x00, 0xFF, 0x67, 0xF0, 0xBF, 0xFF, 0xA3, 0x0C, 0x24,
0xFF, 0x2D, 0x00, 0x00, 0xFF, 0x08, 0x00, 0x00, 0xFF, 0x00, 0x00, 0x00, 0xFF, 0x00, 0x00, 0x00,
0xFF, 0x00, 0x00, 0x00, 0xFF, 0x00, 0x00, 0x00, 0x00, 0x00, 0x00, 0x00, 0xFF, 0x00, 0x00, 0x00,
0xA4, 0x00, 0x00, 0x00, 0x88, 0x00, 0x00, 0x00, 0x00, 0x2B, 0xDF, 0x55, 0x55, 0xDF, 0x2A, 0x00,
0x00, 0x00, 0x00, 0x60, 0xFF, 0xFF, 0x5F, 0x00, 0x00, 0x00, 0x00, 0x00, 0x00, 0x00, 0x00, 0x00,
0x00, 0x00, 0x00, 0xFF, 0xFF, 0xFF, 0xFF, 0xFF, 0xF5, 0xD8, 0x84, 0x04, 0xFF, 0x00, 0x00, 0x00,
0x00, 0x06, 0x17, 0x73, 0x8C, 0xFF, 0x00, 0x00, 0x00, 0x00, 0x00, 0x00, 0x0A, 0xEC, 0xFF, 0x00,
0x00, 0x00, 0x00, 0x00, 0x00, 0x08, 0xE7, 0xFF, 0x00, 0x00, 0x00, 0x04, 0x1A, 0x35, 0x87, 0x8C,
0xFF, 0xFF, 0xFF, 0xFF, 0xFF, 0xFD, 0xE1, 0x8B, 0x08, 0xFF, 0x00, 0x00, 0x0E, 0x82, 0xE6, 0x15,
0x00, 0x00, 0xFF, 0x00, 0x00, 0x00, 0x00, 0x83, 0xAC, 0x02, 0x00, 0xFF, 0x00, 0x00, 0x00, 0x00,
0x02, 0xC1, 0x6F, 0x00, 0xFF, 0x00, 0x00, 0x00, 0x00, 0x00, 0x1F, 0xE3, 0x1A, 0xFF, 0x00, 0x00,
0x00, 0x00, 0x00, 0x00, 0x5D, 0xA9, 0x2B, 0xDF, 0x55, 0x55, 0xDF, 0x2A, 0x00, 0x60, 0xFF, 0xFF,
0x5F, 0x00, 0x00, 0x00, 0x00, 0x00, 0x00, 0x00, 0x00, 0xFF, 0x67, 0xF0, 0xBF, 0x00, 0x00, 0xFF,
0xA3, 0x0C, 0x24, 0x00, 0x00, 0xFF, 0x2D, 0x00, 0x00, 0x00, 0x00, 0xFF, 0x08, 0x00, 0x00, 0x00,
0x00, 0xFF, 0x00, 0x00, 0x00, 0x00, 0x00, 0xFF, 0x00, 0x00, 0x00, 0x00, 0x00, 0xFF, 0x00, 0x00,
0x00, 0x00, 0x00, 0xFF, 0x00, 0x00, 0x00, 0x00, 0x00, 0x00, 0x00, 0x40, 0xBF, 0x00, 0x00, 0x00,
0x00, 0x00, 0x00, 0xC0, 0x3F, 0x00, 0x00, 0x00, 0x00, 0x00, 0x00, 0x00, 0x00, 0x00, 0x00, 0x00,
0x00, 0x47, 0xBF, 0xF3, 0xEC, 0xAA, 0x2A, 0x00, 0x6B, 0xB3, 0x30, 0x0A, 0x10, 0x43, 0xCB, 0x50,
0xEC, 0x12, 0x00, 0x00, 0x00, 0x00, 0x2B, 0xE4, 0xEA, 0x67, 0x00, 0x00, 0x00, 0x00, 0x00, 0x00,
0x77, 0xFF, 0xE0, 0x9D, 0x65, 0x28, 0x00, 0x00, 0x00, 0x32, 0x49, 0x7E, 0xC5, 0xFF, 0xCA, 0x1D,
0x00, 0x00, 0x00, 0x00, 0x00, 0x37, 0x90, 0xB5, 0x00, 0x00, 0x00, 0x00, 0x00, 0x00, 0x17, 0xF5,
0xE7, 0x29, 0x00, 0x00, 0x00, 0x00, 0x0B, 0xE0, 0x76, 0xD5, 0x4E, 0x1C, 0x09, 0x2A, 0xA0, 0x6B,
0x00, 0x61, 0xC8, 0xF2, 0xF8, 0xD1, 0x62, 0x00, 0x00, 0x00, 0x40, 0xBF, 0x00, 0x00, 0x00, 0x00,
0xC0, 0x3F, 0x00, 0x00, 0x00, 0x00, 0x00, 0x00, 0x00, 0x00, 0x51, 0xFA, 0xFF, 0xE7, 0xB5, 0x2C,
0xFA, 0x51, 0x00, 0x0C, 0x69, 0xD4, 0xEB, 0x5C, 0x00, 0x00, 0x00, 0x00, 0x4C, 0xFF, 0xB3, 0x51,
0x4F, 0x00, 0x00, 0x30, 0x66, 0x9C, 0xE4, 0x5C, 0x00, 0x00, 0x00, 0x00, 0x32, 0xFF, 0xCD, 0x69,
0x0D, 0x00, 0x50, 0xFA, 0x26, 0xBA, 0xF1, 0xFF, 0xFA, 0x51, 0x00, 0x00, 0x60, 0xFF, 0xFF, 0x5F,
0x00, 0x00, 0x00, 0x2A, 0xE0, 0x55, 0x55, 0xDF, 0x2A, 0x00, 0x00, 0x00, 0x00, 0x00, 0x00, 0x00,
0x00, 0x00, 0x00, 0x47, 0xBF, 0xF3, 0xEC, 0xAA, 0x2A, 0x00, 0x6B, 0xB3, 0x30, 0x0A, 0x10, 0x43,
0xCB, 0x50, 0xEC, 0x12, 0x00, 0x00, 0x00, 0x00, 0x2B, 0xE4, 0xEA, 0x67, 0x00, 0x00, 0x00, 0x00,
0x00, 0x00, 0x77, 0xFF, 0xE0, 0x9D, 0x65, 0x28, 0x00, 0x00, 0x00, 0x32, 0x49, 0x7E, 0xC5, 0xFF,
0xCA, 0x1D, 0x00, 0x00, 0x00, 0x00, 0x00, 0x37, 0x90, 0xB5, 0x00, 0x00, 0x00, 0x00, 0x00, 0x00,
0x17, 0xF5, 0xE7, 0x29, 0x00, 0x00, 0x00, 0x00, 0x0B, 0xE0, 0x76, 0xD5, 0x4E, 0x1C, 0x09, 0x2A,
0xA0, 0x6B, 0x00, 0x61, 0xC8, 0xF2, 0xF8, 0xD1, 0x62, 0x00, 0x00, 0x60, 0xFF, 0xFF, 0x5F, 0x00,
0x2A, 0xE0, 0x55, 0x55, 0xDF, 0x2A, 0x00, 0x00, 0x00, 0x00, 0x00, 0x00, 0x51, 0xFA, 0xFF, 0xE7,
0xB5, 0x2C, 0xFA, 0x51, 0x00, 0x0C, 0x69, 0xD4, 0xEB, 0x5C, 0x00, 0x00, 0x00, 0x00, 0x4C, 0xFF,
0xB3, 0x51, 0x4F, 0x00, 0x00, 0x30, 0x66, 0x9C, 0xE4, 0x5C, 0x00, 0x00, 0x00, 0x00, 0x32, 0xFF,
0xCD, 0x69, 0x0D, 0x00, 0x50, 0xFA, 0x26, 0xBA, 0xF1, 0xFF, 0xFA, 0x51, 0x00, 0x47, 0xBF, 0xF3,
0xEC, 0xAA, 0x2A, 0x00, 0x6B, 0xB3, 0x30, 0x0A, 0x10, 0x43, 0xCB, 0x50, 0xEC, 0x12, 0x00, 0x00,
0x00, 0x00, 0x2B, 0xE4, 0xEA, 0x67, 0x00, 0x00, 0x00, 0x00, 0x00, 0x00, 0x77, 0xFF, 0xE0, 0x9D,
0x65, 0x28, 0x00, 0x00, 0x00, 0x32, 0x49, 0x7E, 0xC5, 0xFF, 0xCA, 0x1D, 0x00, 0x00, 0x00, 0x00,
0x00, 0x37, 0x90, 0xB5, 0x00, 0x00, 0x00, 0x00, 0x00, 0x00, 0x17, 0xF5, 0xE7, 0x29, 0x00, 0x00,
0x00, 0x00, 0x0B, 0xE0, 0x76, 0xD5, 0x4E, 0x1C, 0x09, 0x2A, 0xA0, 0x6B, 0x00, 0x61, 0xC8, 0xF2,
0xF8, 0xD1, 0x62, 0x00, 0x00, 0x00, 0x31, 0xE8, 0x13, 0x00, 0x00, 0x00, 0x00, 0x00, 0x01, 0x44,
0xE3, 0x00, 0x00, 0x00, 0x00, 0x00, 0xFF, 0xF1, 0x84, 0x00, 0x00, 0x00, 0x51, 0xFA, 0xFF, 0xE7,
0xB5, 0x2C, 0xFA, 0x51, 0x00, 0x0C, 0x69, 0xD4, 0xEB, 0x5C, 0x00, 0x00, 0x00, 0x00, 0x4C, 0xFF,
0xB3, 0x51, 0x4F, 0x00, 0x00, 0x30, 0x66, 0x9C, 0xE4, 0x5C, 0x00, 0x00, 0x00, 0x00, 0x32, 0xFF,
0xCD, 0x69, 0x0D, 0x00, 0x50, 0xFA, 0x26, 0xBA, 0xF1, 0xFF, 0xFA, 0x51, 0x00, 0x31, 0xE8, 0x13,
0x00, 0x00, 0x00, 0x01, 0x44, 0xE3, 0x00, 0x00, 0x00, 0xFF, 0xF1, 0x84, 0x00, 0x00, 0x00, 0x2B,
0xDF, 0x55, 0x55, 0xDF, 0x2A, 0x00, 0x00, 0x00, 0x60, 0xFF, 0xFF, 0x5F, 0x00, 0x00, 0x00, 0x00,
0x00, 0x00, 0x00, 0x00, 0x00, 0x00, 0x00, 0x47, 0xBF, 0xF3, 0xEC, 0xAA, 0x2A, 0x00, 0x6B, 0xB3,
0x30, 0x0A, 0x10, 0x43, 0xCB, 0x50, 0xEC, 0x12, 0x00, 0x00, 0x00, 0x00, 0x2B, 0xE4, 0xEA, 0x67,
0x00, 0x00, 0x00, 0x00, 0x00, 0x00, 0x77, 0xFF, 0xE0, 0x9D, 0x65, 0x28, 0x00, 0x00, 0x00, 0x32,
0x49, 0x7E, 0xC5, 0xFF, 0xCA, 0x1D, 0x00, 0x00, 0x00, 0x00, 0x00, 0x37, 0x90, 0xB5, 0x00, 0x00,
0x00, 0x00, 0x00, 0x00, 0x17, 0xF5, 0xE7, 0x29, 0x00, 0x00, 0x00, 0x00, 0x0B, 0xE0, 0x76, 0xD5,
0x4E, 0x1C, 0x09, 0x2A, 0xA0, 0x6B, 0x00, 0x61, 0xC8, 0xF2, 0xF8, 0xD1, 0x62, 0x00, 0x2B, 0xDF,
0x55, 0x55, 0xDF, 0x2A, 0x00, 0x60, 0xFF, 0xFF, 0x5F, 0x00, 0x00, 0x00, 0x00, 0x00, 0x00, 0x00,
0x51, 0xFA, 0xFF, 0xE7, 0xB5, 0x2C, 0xFA, 0x51, 0x00, 0x0C, 0x69, 0xD4, 0xEB, 0x5C, 0x00, 0x00,
0x00, 0x00, 0x4C, 0xFF, 0xB3, 0x51, 0x4F, 0x00, 0x00, 0x30, 0x66, 0x9C, 0xE4, 0x5C, 0x00, 0x00,
0x00, 0x00, 0x32, 0xFF, 0xCD, 0x69, 0x0D, 0x00, 0x50, 0xFA, 0x26, 0xBA, 0xF1, 0xFF, 0xFA, 0x51,
0xFF, 0xFF, 0xFF, 0xFF, 0xFF, 0xFF, 0xFF, 0xFF, 0xFF, 0x00, 0x00, 0x00, 0x00, 0xFF, 0x00, 0x00,
0x00, 0x00, 0x00, 0x00, 0x00, 0x00, 0xFF, 0x00, 0x00, 0x00, 0x00, 0x00, 0x00, 0x00, 0x00, 0xFF,
0x00, 0x00, 0x00, 0x00, 0x00, 0x00, 0x00, 0x00, 0xFF, 0x00, 0x00, 0x00, 0x00, 0x00, 0x00, 0x00,
0x00, 0xFF, 0x00, 0x00, 0x00, 0x00, 0x00, 0x00, 0x00, 0x00, 0xFF, 0x00, 0x00, 0x00, 0x00, 0x00,
0x00, 0x00, 0x00, 0xFF, 0x00, 0x00, 0x00, 0x00, 0x00, 0x00, 0x00, 0x00, 0xFF, 0x00, 0x00, 0x00,
0x00, 0x00, 0x00, 0x00, 0x00, 0xFF, 0x00, 0x00, 0x00, 0x00, 0x00, 0x00, 0x00, 0x00, 0xFF, 0x00,
0x00, 0x00, 0x00, 0x00, 0x00, 0x00, 0x31, 0xE8, 0x13, 0x00, 0x00, 0x00, 0x00, 0x00, 0x00, 0x01,
0x44, 0xE3, 0x00, 0x00, 0x00, 0x00, 0x00, 0x00, 0xFF, 0xF1, 0x84, 0x00, 0x00, 0x00, 0x00, 0x52,
0x00, 0x00, 0x00, 0xFF, 0x00, 0x00, 0x00, 0xFF, 0x00, 0x00, 0xFF, 0xFF, 0xFF, 0xFF, 0x00, 0xFF,
0x00, 0x00, 0x00, 0xFF, 0x00, 0x00, 0x00, 0xFF, 0x00, 0x00, 0x00, 0xFF, 0x00, 0x00, 0x00, 0xFF,
0x00, 0x00, 0x00, 0xF1, 0x2A, 0x18, 0x00, 0x77, 0xF3, 0xF4, 0x00, 0x31, 0xE8, 0x13, 0x00, 0x01,
0x44, 0xE3, 0x00, 0xFF, 0xF1, 0x84, 0x00, 0x00, 0x2B, 0xDF, 0x55, 0x55, 0xDF, 0x2A, 0x00, 0x00,
0x00, 0x00, 0x60, 0xFF, 0xFF, 0x5F, 0x00, 0x00, 0x00, 0x00, 0x00, 0x00, 0x00, 0x00, 0x00, 0x00,
0x00, 0xFF, 0xFF, 0xFF, 0xFF, 0xFF, 0xFF, 0xFF, 0xFF, 0xFF, 0x00, 0x00, 0x00, 0x00, 0xFF, 0x00,
0x00, 0x00, 0x00, 0x00, 0x00, 0x00, 0x00, 0xFF, 0x00, 0x00, 0x00, 0x00, 0x00, 0x00, 0x00, 0x00,
0xFF, 0x00, 0x00, 0x00, 0x00, 0x00, 0x00, 0x00, 0x00, 0xFF, 0x00, 0x00, 0x00, 0x00, 0x00, 0x00,
0x00, 0x00, 0xFF, 0x00, 0x00, 0x00, 0x00, 0x00, 0x00, 0x00, 0x00, 0xFF, 0x00, 0x00, 0x00, 0x00,
0x00, 0x00, 0x00, 0x00, 0xFF, 0x00, 0x00, 0x00, 0x00, 0x00, 0x00, 0x00, 0x00, 0xFF, 0x00, 0x00,
0x00, 0x00, 0x00, 0x00, 0x00, 0x00, 0xFF, 0x00, 0x00, 0x00, 0x00, 0x00, 0x00, 0x00, 0x00, 0xFF,
0x00, 0x00, 0x00, 0x00, 0x00, 0x52, 0x00, 0x00, 0xA2, 0xFF, 0x00, 0xFF, 0x00, 0x00, 0x0C, 0x5F,
0x00, 0xFF, 0x00, 0x00, 0x70, 0x09, 0xFF, 0xFF, 0xFF, 0x00, 0x2A, 0x00, 0x00, 0xFF, 0x00, 0x00,
0x00, 0x00, 0x00, 0xFF, 0x00, 0x00, 0x00, 0x00, 0x00, 0xFF, 0x00, 0x00, 0x00, 0x00, 0x00, 0xFF,
0x00, 0x00, 0x00, 0x00, 0x00, 0xFF, 0x00, 0x00, 0x00, 0x00, 0x00, 0xF6, 0x18, 0x00, 0x00, 0x00,
0x00, 0x9A, 0xF4, 0x00, 0x00, 0x00, 0xFF, 0xFF, 0xFF, 0xFF, 0xFF, 0xFF, 0xFF, 0xFF, 0xFF, 0x00,
0x00, 0x00, 0x00, 0xFF, 0x00, 0x00, 0x00, 0x00, 0x00, 0x00, 0x00, 0x00, 0xFF, 0x00, 0x00, 0x00,
0x00, 0x00, 0x00, 0x00, 0x00, 0xFF, 0x00, 0x00, 0x00, 0x00, 0x00, 0x00, 0x00, 0x00, 0xFF, 0x00,
0x00, 0x00, 0x00, 0x00, 0xFF, 0xFF, 0xFF, 0xFF, 0xFF, 0xFF, 0xFF, 0x00, 0x00, 0x00, 0x00, 0x00,
0xFF, 0x00, 0x00, 0x00, 0x00, 0x00, 0x00, 0x00, 0x00, 0xFF, 0x00, 0x00, 0x00, 0x00, 0x00, 0x00,
0x00, 0x00, 0xFF, 0x00, 0x00, 0x00, 0x00, 0x00, 0x00, 0x00, 0x00, 0xFF, 0x00, 0x00, 0x00, 0x00,
0x00, 0x00, 0x00, 0x00, 0xFF, 0x00, 0x00, 0x00, 0x00, 0x00, 0x27, 0x00, 0x00, 0x00, 0xF1, 0x00,
0x00, 0x00, 0xFF, 0x00, 0x00, 0xFF, 0xFF, 0xFF, 0xFF, 0x00, 0xFF, 0x00, 0x00, 0x00, 0xFF, 0x00,
0x00, 0xFF, 0xFF, 0xFF, 0xFF, 0x00, 0xFF, 0x00, 0x00, 0x00, 0xFF, 0x00, 0x00, 0x00, 0xF4, 0x2E,
0x13, 0x00, 0x81, 0xF3, 0xFE, 0x00, 0x00, 0x52, 0xDA, 0x7B, 0xF7, 0x00, 0x00, 0x00, 0x00, 0xFA,
0x69, 0xCE, 0x4F, 0x00, 0x00, 0x00, 0x00, 0x00, 0x00, 0x00, 0x00, 0x00, 0x00, 0xFF, 0x00, 0x00,
0x00, 0x00, 0x00, 0x00, 0xFF, 0xFF, 0x00, 0x00, 0x00, 0x00, 0x00, 0x00, 0xFF, 0xFF, 0x00, 0x00,
0x00, 0x00, 0x00, 0x00, 0xFF, 0xFF, 0x00, 0x00, 0x00, 0x00, 0x00, 0x00, 0xFF, 0xFF, 0x00, 0x00,
0x00, 0x00, 0x00, 0x00, 0xFF, 0xFF, 0x00, 0x00, 0x00, 0x00, 0x00, 0x00, 0xFF, 0xFB, 0x02, 0x00,
0x00, 0x00, 0x00, 0x02, 0xFB, 0xEA, 0x11, 0x00, 0x00, 0x00, 0x00, 0x13, 0xEB, 0xB9, 0x4D, 0x00,
0x00, 0x00, 0x00, 0x4D, 0xBA, 0x4A, 0xE1, 0x49, 0x0A, 0x13, 0x4E, 0xDE, 0x46, 0x00, 0x4F, 0xC6,
0xF3, 0xF2, 0xC5, 0x4A, 0x00, 0x00, 0x52, 0xDA, 0x7B, 0xF7, 0x00, 0x00, 0xFA, 0x69, 0xCE, 0x4F,
0x00, 0x00, 0x00, 0x00, 0x00, 0x00, 0x00, 0xFF, 0x00, 0x00, 0x00, 0x00, 0xFF, 0xFF, 0x00, 0x00,
0x00, 0x00, 0xFF, 0xFF, 0x00, 0x00, 0x00, 0x00, 0xFF, 0xFF, 0x00, 0x00, 0x00, 0x00, 0xFF, 0xFF,
0x00, 0x00, 0x00, 0x04, 0xFF, 0xFF, 0x00, 0x00, 0x00, 0x26, 0xFF, 0xFA, 0x51, 0x01, 0x26, 0xBB,
0xFF, 0x52, 0xFA, 0xFD, 0xD9, 0x4F, 0xFF, 0x00, 0x00, 0xFF, 0xFF, 0xFF, 0xFF, 0xFF, 0x00, 0x00,
0x00, 0x00, 0x00, 0x00, 0x00, 0x00, 0x00, 0xFF, 0x00, 0x00, 0x00, 0x00, 0x00, 0x00, 0xFF, 0xFF,
0x00, 0x00, 0x00, 0x00, 0x00, 0x00, 0xFF, 0xFF, 0x00, 0x00, 0x00, 0x00, 0x00, 0x00, 0xFF, 0xFF,
0x00, 0x00, 0x00, 0x00, 0x00, 0x00, 0xFF, 0xFF, 0x00, 0x00, 0x00, 0x00, 0x00, 0x00, 0xFF, 0xFF,
0x00, 0x00, 0x00, 0x00, 0x00, 0x00, 0xFF, 0xFB, 0x02, 0x00, 0x00, 0x00, 0x00, 0x02, 0xFB, 0xEA,
0x11, 0x00, 0x00, 0x00, 0x00, 0x13, 0xEB, 0xB9, 0x4D, 0x00, 0x00, 0x00, 0x00, 0x4D, 0xBA, 0x4A,
0xE1, 0x49, 0x0A, 0x13, 0x4E, 0xDE, 0x46, 0x00, 0x4F, 0xC6, 0xF3, 0xF2, 0xC5, 0x4A, 0x00, 0x00,
0xFF, 0xFF, 0xFF, 0xFF, 0xFF, 0x00, 0x00, 0x00, 0x00, 0x00, 0x00, 0xFF, 0x00, 0x00, 0x00, 0x00,
0xFF, 0xFF, 0x00, 0x00, 0x00, 0x00, 0xFF, 0xFF, 0x00, 0x00, 0x00, 0x00, 0xFF, 0xFF, 0x00, 0x00,
0x00, 0x00, 0xFF, 0xFF, 0x00, 0x00, 0x00, 0x04, 0xFF, 0xFF, 0x00, 0x00, 0x00, 0x26, 0xFF, 0xFA,
0x51, 0x01, 0x26, 0xBB, 0xFF, 0x52, 0xFA, 0xFD, 0xD9, 0x4F, 0xFF, 0x00, 0x00, 0xD8, 0x65, 0x0A,
0x54, 0xD7, 0x00, 0x00, 0x00, 0x39, 0xD1, 0xF7, 0xD0, 0x37, 0x00, 0x00, 0x00, 0x00, 0x00, 0x00,
0x00, 0x00, 0x00, 0xFF, 0x00, 0x00, 0x00, 0x00, 0x00, 0x00, 0xFF, 0xFF, 0x00, 0x00, 0x00, 0x00,
0x00, 0x00, 0xFF, 0xFF, 0x00, 0x00, 0x00, 0x00, 0x00, 0x00, 0xFF, 0xFF, 0x00, 0x00, 0x00, 0x00,
0x00, 0x00, 0xFF, 0xFF, 0x00, 0x00, 0x00, 0x00, 0x00, 0x00, 0xFF, 0xFF, 0x00, 0x00, 0x00, 0x00,
0x00, 0x00, 0xFF, 0xFB, 0x02, 0x00, 0x00, 0x00, 0x00, 0x02, 0xFB, 0xEA, 0x11, 0x00, 0x00, 0x00,
0x00, 0x13, 0xEB, 0xB9, 0x4D, 0x00, 0x00, 0x00, 0x00, 0x4D, 0xBA, 0x4A, 0xE1, 0x49, 0x0A, 0x13,
0x4E, 0xDE, 0x46, 0x00, 0x4F, 0xC6, 0xF3, 0xF2, 0xC5, 0x4A, 0x00, 0x00, 0xD8, 0x65, 0x0A, 0x54,
0xD7, 0x00, 0x39, 0xD1, 0xF7, 0xD0, 0x37, 0x00, 0x00, 0x00, 0x00, 0x00, 0x00, 0xFF, 0x00, 0x00,
0x00, 0x00, 0xFF, 0xFF, 0x00, 0x00, 0x00, 0x00, 0xFF, 0xFF, 0x00, 0x00, 0x00, 0x00, 0xFF, 0xFF,
0x00, 0x00, 0x00, 0x00, 0xFF, 0xFF, 0x00, 0x00, 0x00, 0x04, 0xFF, 0xFF, 0x00, 0x00, 0x00, 0x26,
0xFF, 0xFA, 0x51, 0x01, 0x26, 0xBB, 0xFF, 0x52, 0xFA, 0xFD, 0xD9, 0x4F, 0xFF, 0x00, 0x00, 0x00,
0x87, 0xF3, 0x80, 0x00, 0x00, 0x00, 0x00, 0x00, 0xF7, 0x4B, 0xEF, 0x00, 0x00, 0x00, 0x00, 0x00,
0x8C, 0xF4, 0x81, 0x00, 0x00, 0xFF, 0x00, 0x00, 0x00, 0x00, 0x00, 0x00, 0xFF, 0xFF, 0x00, 0x00,
0x00, 0x00, 0x00, 0x00, 0xFF, 0xFF, 0x00, 0x00, 0x00, 0x00, 0x00, 0x00, 0xFF, 0xFF, 0x00, 0x00,
0x00, 0x00, 0x00, 0x00, 0xFF, 0xFF, 0x00, 0x00, 0x00, 0x00, 0x00, 0x00, 0xFF, 0xFF, 0x00, 0x00,
0x00, 0x00, 0x00, 0x00, 0xFF, 0xFB, 0x02, 0x00, 0x00, 0x00, 0x00, 0x02, 0xFB, 0xEA, 0x11, 0x00,
0x00, 0x00, 0x00, 0x13, 0xEB, 0xB9, 0x4D, 0x00, 0x00, 0x00, 0x00, 0x4D, 0xBA, 0x4A, 0xE1, 0x49,
0x0A, 0x13, 0x4E, 0xDE, 0x46, 0x00, 0x4F, 0xC6, 0xF3, 0xF2, 0xC5, 0x4A, 0x00, 0x00, 0x84, 0xF3,
0x84, 0x00, 0x00, 0x00, 0xF4, 0x4B, 0xF3, 0x00, 0x00, 0x00, 0x89, 0xF4, 0x84, 0x00, 0x00, 0x00,
0x00, 0x00, 0x00, 0x00, 0x00, 0xFF, 0x00, 0x00, 0x00, 0x00, 0xFF, 0xFF, 0x00, 0x00, 0x00, 0x00,
0xFF, 0xFF, 0x00, 0x00, 0x00, 0x00, 0xFF, 0xFF, 0x00, 0x00, 0x00, 0x00, 0xFF, 0xFF, 0x00, 0x00,
0x00, 0x04, 0xFF, 0xFF, 0x00, 0x00, 0x00, 0x26, 0xFF, 0xFA, 0x51, 0x01, 0x26, 0xBB, 0xFF, 0x52,
0xFA, 0xFD, 0xD9, 0x4F, 0xFF, 0x00, 0x00, 0x40, 0xB3, 0x40, 0xB5, 0x00, 0x00, 0x00, 0x00, 0xB9,
0x23, 0xBB, 0x27, 0x00, 0x00, 0x00, 0x00, 0x00, 0x00, 0x00, 0x00, 0x00, 0x00, 0xFF, 0x00, 0x00,
0x00, 0x00, 0x00, 0x00, 0xFF, 0xFF, 0x00, 0x00, 0x00, 0x00, 0x00, 0x00, 0xFF, 0xFF, 0x00, 0x00,
0x00, 0x00, 0x00, 0x00, 0xFF, 0xFF, 0x00, 0x00, 0x00, 0x00, 0x00, 0x00, 0xFF, 0xFF, 0x00, 0x00,
0x00, 0x00, 0x00, 0x00, 0xFF, 0xFF, 0x00, 0x00, 0x00, 0x00, 0x00, 0x00, 0xFF, 0xFB, 0x02, 0x00,
0x00, 0x00, 0x00, 0x02, 0xFB, 0xEA, 0x11, 0x00, 0x00, 0x00, 0x00, 0x13, 0xEB, 0xB9, 0x4D, 0x00,
0x00, 0x00, 0x00, 0x4D, 0xBA, 0x4A, 0xE1, 0x49, 0x0A, 0x13, 0x4E, 0xDE, 0x46, 0x00, 0x4F, 0xC6,
0xF3, 0xF2, 0xC5, 0x4A, 0x00, 0x00, 0x40, 0xB3, 0x40, 0xB5, 0x00, 0x00, 0xB9, 0x23, 0xBB, 0x27,
0x00, 0x00, 0x00, 0x00, 0x00, 0x00, 0x00, 0xFF, 0x00, 0x00, 0x00, 0x00, 0xFF, 0xFF, 0x00, 0x00,
0x00, 0x00, 0xFF, 0xFF, 0x00, 0x00, 0x00, 0x00, 0xFF, 0xFF, 0x00, 0x00, 0x00, 0x00, 0xFF, 0xFF,
0x00, 0x00, 0x00, 0x04, 0xFF, 0xFF, 0x00, 0x00, 0x00, 0x26, 0xFF, 0xFA, 0x51, 0x01, 0x26, 0xBB,
0xFF, 0x52, 0xFA, 0xFD, 0xD9, 0x4F, 0xFF, 0xFF, 0x00, 0x00, 0x00, 0x00, 0x00, 0x00, 0xFF, 0xFF,
0x00, 0x00, 0x00, 0x00, 0x00, 0x00, 0xFF, 0xFF, 0x00, 0x00, 0x00, 0x00, 0x00, 0x00, 0xFF, 0xFF,
0x00, 0x00, 0x00, 0x00, 0x00, 0x00, 0xFF, 0xFF, 0x00, 0x00, 0x00, 0x00, 0x00, 0x00, 0xFF, 0xFF,
0x00, 0x00, 0x00, 0x00, 0x00, 0x00, 0xFF, 0xFB, 0x02, 0x00, 0x00, 0x00, 0x00, 0x02, 0xFB, 0xEA,
0x11, 0x00, 0x00, 0x00, 0x00, 0x13, 0xEB, 0xB9, 0x4D, 0x00, 0x00, 0x00, 0x00, 0x4D, 0xBA, 0x4A,
0xE1, 0x49, 0x0A, 0x13, 0x4E, 0xDE, 0x46, 0x00, 0x4F, 0xC6, 0xF3, 0xF2, 0xC5, 0x4A, 0x00, 0x00,
0x00, 0x00, 0x00, 0x6E, 0x66, 0x00, 0x00, 0x00, 0x00, 0x00, 0x00, 0xF2, 0x24, 0x00, 0x00, 0x00,
0x00, 0x00, 0x00, 0xB2, 0xEA, 0x00, 0x00, 0xFF, 0x00, 0x00, 0x00, 0x00, 0xFF, 0xFF, 0x00, 0x00,
0x00, 0x00, 0xFF, 0xFF, 0x00, 0x00, 0x00, 0x00, 0xFF, 0xFF, 0x00, 0x00, 0x00, 0x00, 0xFF, 0xFF,
0x00, 0x00, 0x00, 0x04, 0xFF, 0xFF, 0x00, 0x00, 0x00, 0x26, 0xFF, 0xFA, 0x51, 0x01, 0x26, 0xBB,
0xFF, 0x52, 0xFA, 0xFD, 0xD9, 0x4F, 0xFF, 0x00, 0x00, 0x00, 0x00, 0x6E, 0x66, 0x00, 0x00, 0x00,
0x00, 0xF2, 0x24, 0x00, 0x00, 0x00, 0x00, 0xB2, 0xEA, 0x00, 0x00, 0x00, 0x00, 0x00, 0x00, 0x60,
0xFF, 0xFF, 0x5F, 0x00, 0x00, 0x00, 0x00, 0x00, 0x00, 0x00, 0x00, 0x00, 0x00, 0x2A, 0xE0, 0x55,
0x55, 0xDF, 0x2A, 0x00, 0x00, 0x00, 0x00, 0x00, 0x00, 0x00, 0x00, 0x00, 0x00, 0x00, 0x00, 0x00,
0x00, 0x00, 0x00, 0x00, 0x00, 0x00, 0xDE, 0x21, 0x00, 0x00, 0x00, 0x00, 0x3F, 0xFF, 0x3A, 0x00,
0x00, 0x00, 0x00, 0x1E, 0xDC, 0x9B, 0x65, 0x00, 0x00, 0x00, 0x00, 0x9C, 0xD5, 0x98, 0x00, 0x00,
0x00, 0x00, 0x63, 0x99, 0x57, 0xA8, 0x00, 0x00, 0x00, 0x08, 0xEC, 0x2E, 0xEA, 0x07, 0x00, 0x00,
0x00, 0xA7, 0x55, 0x15, 0xE9, 0x01, 0x00, 0x00, 0x56, 0xB2, 0x00, 0xB1, 0x54, 0x00, 0x00, 0x01,
0xE7, 0x13, 0x00, 0xD0, 0x30, 0x00, 0x00, 0xB3, 0x50, 0x00, 0x50, 0xB2, 0x00, 0x00, 0x2F, 0xCD,
0x00, 0x00, 0x8C, 0x73, 0x00, 0x15, 0xE4, 0x05, 0x00, 0x04, 0xE3, 0x14, 0x00, 0x73, 0x89, 0x00,
0x00, 0x49, 0xB7, 0x00, 0x6D, 0x8C, 0x00, 0x00, 0x00, 0x8C, 0x6C, 0x00, 0xB7, 0x45, 0x00, 0x00,
0x0B, 0xEE, 0x06, 0xCA, 0x2A, 0x00, 0x00, 0x00, 0x2A, 0xC8, 0x06, 0xEC, 0x09, 0x00, 0x00, 0x00,
0xC1, 0x66, 0xC7, 0x00, 0x00, 0x00, 0x00, 0x00, 0xC8, 0x65, 0xBD, 0x00, 0x00, 0x00, 0x00, 0x7E,
0xEE, 0x66, 0x00, 0x00, 0x00, 0x00, 0x00, 0x67, 0xEE, 0x79, 0x00, 0x00, 0x00, 0x00, 0x3A, 0xF6,
0x0E, 0x00, 0x00, 0x00, 0x00, 0x00, 0x0E, 0xF6, 0x35, 0x00, 0x00, 0x00, 0x00, 0x00, 0x00, 0x60,
0xFF, 0xFF, 0x5F, 0x00, 0x00, 0x00, 0x00, 0x00, 0x00, 0x2A, 0xE0, 0x55, 0x55, 0xDF, 0x2A, 0x00,
0x00, 0x00, 0x00, 0x00, 0x00, 0x00, 0x00, 0x00, 0x00, 0x00, 0x00, 0x00, 0xE2, 0x1E, 0x00, 0x00,
0x28, 0xFF, 0x3C, 0x00, 0x00, 0x1E, 0xE0, 0xA7, 0x5A, 0x00, 0x00, 0x8E, 0xD0, 0x9F, 0x00, 0x00,
0x5B, 0xA3, 0x6B, 0x96, 0x00, 0x07, 0xE4, 0x23, 0xED, 0x0D, 0x00, 0x98, 0x66, 0x2F, 0xD2, 0x00,
0x5B, 0xA3, 0x00, 0xA8, 0x65, 0x00, 0xD4, 0x29, 0x02, 0xEE, 0x11, 0xC1, 0x3F, 0x00, 0x46, 0xC8,
0x11, 0xEA, 0x01, 0x00, 0xB7, 0x73, 0xD9, 0x00, 0x00, 0x02, 0xE0, 0x7B, 0xAF, 0x00, 0x00, 0x7B,
0xF6, 0x76, 0x00, 0x00, 0x00, 0x80, 0xF8, 0x72, 0x00, 0x00, 0x3E, 0xFA, 0x17, 0x00, 0x00, 0x00,
0x1F, 0xFE, 0x36, 0x00, 0x00, 0x00, 0x00, 0x60, 0xFF, 0xFF, 0x5F, 0x00, 0x00, 0x00, 0x00, 0x2A,
0xE0, 0x55, 0x55, 0xDF, 0x2A, 0x00, 0x00, 0x00, 0x00, 0x00, 0x00, 0x00, 0x00, 0x00, 0x00, 0xAE,
0x50, 0x00, 0x00, 0x00, 0x00, 0x00, 0x50, 0xAD, 0x19, 0xD4, 0x0D, 0x00, 0x00, 0x00, 0x0D, 0xD3,
0x19, 0x00, 0x65, 0x93, 0x00, 0x00, 0x00, 0x92, 0x64, 0x00, 0x00, 0x01, 0xBC, 0x37, 0x00, 0x38,
0xBC, 0x01, 0x00, 0x00, 0x00, 0x24, 0xCD, 0x11, 0xCF, 0x24, 0x00, 0x00, 0x00, 0x00, 0x00, 0x77,
0xE1, 0x76, 0x00, 0x00, 0x00, 0x00, 0x00, 0x00, 0x04, 0xFF, 0x03, 0x00, 0x00, 0x00, 0x00, 0x00,
0x00, 0x00, 0xFF, 0x00, 0x00, 0x00, 0x00, 0x00, 0x00, 0x00, 0x00, 0xFF, 0x00, 0x00, 0x00, 0x00,
0x00, 0x00, 0x00, 0x00, 0xFF, 0x00, 0x00, 0x00, 0x00, 0x00, 0x00, 0x00, 0x00, 0xFF, 0x00, 0x00,
0x00, 0x00, 0x00, 0x00, 0x00, 0x60, 0xFF, 0xFF, 0x5F, 0x00, 0x00, 0x00, 0x00, 0x2A, 0xE0, 0x55,
0x55, 0xDF, 0x2A, 0x00, 0x00, 0x00, 0x00, 0x00, 0x00, 0x00, 0x00, 0x00, 0x00, 0x2B, 0xD3, 0x00,
0x00, 0x00, 0x00, 0x09, 0xE4, 0x11, 0x00, 0xC0, 0x47, 0x00, 0x00, 0x00, 0x64, 0xA0, 0x00, 0x00,
0x55, 0xBA, 0x00, 0x00, 0x00, 0xD0, 0x38, 0x00, 0x00, 0x04, 0xE4, 0x2E, 0x00, 0x3E, 0xD1, 0x00,
0x00, 0x00, 0x00, 0x7F, 0xA0, 0x00, 0xAB, 0x69, 0x00, 0x00, 0x00, 0x00, 0x19, 0xF2, 0x26, 0xEE,
0x0E, 0x00, 0x00, 0x00, 0x00, 0x00, 0xA9, 0xD3, 0x9A, 0x00, 0x00, 0x00, 0x00, 0x00, 0x00, 0x3E,
0xFF, 0x32, 0x00, 0x00, 0x00, 0x00, 0x00, 0x00, 0x20, 0xDD, 0x00, 0x00, 0x00, 0x00, 0x00, 0x00,
0x0D, 0x8E, 0x80, 0x00, 0x00, 0x00, 0x00, 0x00, 0x00, 0xF3, 0xBF, 0x09, 0x00, 0x00, 0x00, 0x00,
0x00, 0x00, 0x00, 0xFF, 0x00, 0xFF, 0x00, 0x00, 0x00, 0x00, 0x00, 0x00, 0x00, 0x00, 0x00, 0x00,
0x00, 0x00, 0xAE, 0x50, 0x00, 0x00, 0x00, 0x00, 0x00, 0x50, 0xAD, 0x19, 0xD4, 0x0D, 0x00, 0x00,
0x00, 0x0D, 0xD3, 0x19, 0x00, 0x65, 0x93, 0x00, 0x00, 0x00, 0x92, 0x64, 0x00, 0x00, 0x01, 0xBC,
0x37, 0x00, 0x38, 0xBC, 0x01, 0x00, 0x00, 0x00, 0x24, 0xCD, 0x11, 0xCF, 0x24, 0x00, 0x00, 0x00,
0x00, 0x00, 0x77, 0xE1, 0x76, 0x00, 0x00, 0x00, 0x00, 0x00, 0x00, 0x04, 0xFF, 0x03, 0x00, 0x00,
0x00, 0x00, 0x00, 0x00, 0x00, 0xFF, 0x00, 0x00, 0x00, 0x00, 0x00, 0x00, 0x00, 0x00, 0xFF, 0x00,
0x00, 0x00, 0x00, 0x00, 0x00, 0x00, 0x00, 0xFF, 0x00, 0x00, 0x00, 0x00, 0x00, 0x00, 0x00, 0x00,
0xFF, 0x00, 0x00, 0x00, 0x00, 0x00, 0x00, 0x00, 0x00, 0x40, 0xBF, 0x00, 0x00, 0x00, 0x00, 0x00,
0x00, 0xC0, 0x3F, 0x00, 0x00, 0x00, 0x00, 0x00, 0x00, 0x00, 0x00, 0x00, 0x00, 0x00, 0xFF, 0xFF,
0xFF, 0xFF, 0xFF, 0xFF, 0xAF, 0x00, 0x00, 0x00, 0x00, 0x00, 0x0F, 0xD8, 0x1B, 0x00, 0x00, 0x00,
0x00, 0x00, 0x9A, 0x68, 0x00, 0x00, 0x00, 0x00, 0x00, 0x40, 0xC1, 0x01, 0x00, 0x00, 0x00, 0x00,
0x08, 0xD3, 0x27, 0x00, 0x00, 0x00, 0x00, 0x00, 0x88, 0x7B, 0x00, 0x00, 0x00, 0x00, 0x00, 0x2F,
0xCD, 0x05, 0x00, 0x00, 0x00, 0x00, 0x03, 0xC9, 0x35, 0x00, 0x00, 0x00, 0x00, 0x00, 0x74, 0x8D,
0x00, 0x00, 0x00, 0x00, 0x00, 0x22, 0xD4, 0x0A, 0x00, 0x00, 0x00, 0x00, 0x00, 0xB5, 0xFF, 0xFF,
0xFF, 0xFF, 0xFF, 0xFF, 0xFF, 0x00, 0x00, 0x40, 0xBF, 0x00, 0x00, 0x00, 0x00, 0xC0, 0x3F, 0x00,
0x00, 0x00, 0x00, 0x00, 0x00, 0x00, 0x00, 0xFF, 0xFF, 0xFF, 0xFF, 0xFF, 0xA1, 0x00, 0x00, 0x00,
0x1A, 0xDB, 0x10, 0x00, 0x00, 0x00, 0xA6, 0x5C, 0x00, 0x00, 0x00, 0x3F, 0xBE, 0x00, 0x00, 0x00,
0x04, 0xCD, 0x29, 0x00, 0x00, 0x00, 0x71, 0x86, 0x00, 0x00, 0x00, 0x18, 0x92, 0x07, 0x00, 0x00,
0x00, 0xAA, 0xFF, 0xFF, 0xFF, 0xFF, 0xFF, 0x00, 0x00, 0x00, 0x00, 0xFF, 0x00, 0x00, 0x00, 0x00,
0x00, 0x00, 0x00, 0x00, 0x00, 0x00, 0x00, 0x00, 0xFF, 0xFF, 0xFF, 0xFF, 0xFF, 0xFF, 0xAF, 0x00,
0x00, 0x00, 0x00, 0x00, 0x0F, 0xD8, 0x1B, 0x00, 0x00, 0x00, 0x00, 0x00, 0x9A, 0x68, 0x00, 0x00,
0x00, 0x00, 0x00, 0x40, 0xC1, 0x01, 0x00, 0x00, 0x00, 0x00, 0x08, 0xD3, 0x27, 0x00, 0x00, 0x00,
0x00, 0x00, 0x88, 0x7B, 0x00, 0x00, 0x00, 0x00, 0x00, 0x2F, 0xCD, 0x05, 0x00, 0x00, 0x00, 0x00,
0x03, 0xC9, 0x35, 0x00, 0x00, 0x00, 0x00, 0x00, 0x74, 0x8D, 0x00, 0x00, 0x00, 0x00, 0x00, 0x22,
0xD4, 0x0A, 0x00, 0x00, 0x00, 0x00, 0x00, 0xB5, 0xFF, 0xFF, 0xFF, 0xFF, 0xFF, 0xFF, 0xFF, 0x00,
0x00, 0x00, 0xFF, 0x00, 0x00, 0x00, 0x00, 0x00, 0x00, 0x00, 0x00, 0xFF, 0xFF, 0xFF, 0xFF, 0xFF,
0xA1, 0x00, 0x00, 0x00, 0x1A, 0xDB, 0x10, 0x00, 0x00, 0x00, 0xA6, 0x5C, 0x00, 0x00, 0x00, 0x3F,
0xBE, 0x00, 0x00, 0x00, 0x04, 0xCD, 0x29, 0x00, 0x00, 0x00, 0x71, 0x86, 0x00, 0x00, 0x00, 0x18,
0x92, 0x07, 0x00, 0x00, 0x00, 0xAA, 0xFF, 0xFF, 0xFF, 0xFF, 0xFF, 0x00, 0x00, 0x2B, 0xDF, 0x55,
0x55, 0xDF, 0x2A, 0x00, 0x00, 0x00, 0x60, 0xFF, 0xFF, 0x5F, 0x00, 0x00, 0x00, 0x00, 0x00, 0x00,
0x00, 0x00, 0x00, 0x00, 0xFF, 0xFF, 0xFF, 0xFF, 0xFF, 0xFF, 0xAF, 0x00, 0x00, 0x00, 0x00, 0x00,
0x0F, 0xD8, 0x1B, 0x00, 0x00, 0x00, 0x00, 0x00, 0x9A, 0x68, 0x00, 0x00, 0x00, 0x00, 0x00, 0x40,
0xC1, 0x01, 0x00, 0x00, 0x00, 0x00, 0x08, 0xD3, 0x27, 0x00, 0x00, 0x00, 0x00, 0x00, 0x88, 0x7B,
0x00, 0x00, 0x00, 0x00, 0x00, 0x2F, 0xCD, 0x05, 0x00, 0x00, 0x00, 0x00, 0x03, 0xC9, 0x35, 0x00,
0x00, 0x00, 0x00, 0x00, 0x74, 0x8D, 0x00, 0x00, 0x00, 0x00, 0x00, 0x22, 0xD4, 0x0A, 0x00, 0x00,
0x00, 0x00, 0x00, 0xB5, 0xFF, 0xFF, 0xFF, 0xFF, 0xFF, 0xFF, 0xFF, 0x2B, 0xDF, 0x55, 0x55, 0xDF,
0x2A, 0x00, 0x60, 0xFF, 0xFF, 0x5F, 0x00, 0x00, 0x00, 0x00, 0x00, 0x00, 0x00, 0xFF, 0xFF, 0xFF,
0xFF, 0xFF, 0xA1, 0x00, 0x00, 0x00, 0x1A, 0xDB, 0x10, 0x00, 0x00, 0x00, 0xA6, 0x5C, 0x00, 0x00,
0x00, 0x3F, 0xBE, 0x00, 0x00, 0x00, 0x04, 0xCD, 0x29, 0x00, 0x00, 0x00, 0x71, 0x86, 0x00, 0x00,
0x00, 0x18, 0x92, 0x07, 0x00, 0x00, 0x00, 0xAA, 0xFF, 0xFF, 0xFF, 0xFF, 0xFF, 0x55, 0xEF, 0xF0,
0xE5, 0x39, 0x09, 0xFF, 0x00, 0x00, 0xFF, 0x00, 0x00, 0xFF, 0x00, 0x00, 0xFF, 0x00, 0x00, 0xFF,
0x00, 0x00, 0xFF, 0x00, 0x00, 0xFF, 0x00, 0x00, 0xFF, 0x00, 0x00, 0xFF, 0x00, 0x00, 0x00, 0x00,
0x00, 0xC0, 0x3F, 0x00, 0x00, 0x00, 0x00, 0x00, 0x00, 0x40, 0xBF, 0x00, 0x00, 0x00, 0x00, 0x00,
0x00, 0x00, 0x00, 0x00, 0x00, 0x00, 0xFF, 0xFF, 0xFF, 0xFF, 0xFF, 0xFF, 0xFF, 0xFF, 0xFF, 0x00,
0x00, 0x00, 0x00, 0x00, 0x00, 0x00, 0xFF, 0x00, 0x00, 0x00, 0x00, 0x00, 0x00, 0x00, 0xFF, 0x00,
0x00, 0x00, 0x00, 0x00, 0x00, 0x00, 0xFF, 0x00, 0x00, 0x00, 0x00, 0x00, 0x00, 0x00, 0xFF, 0xFF,
0xFF, 0xFF, 0xFF, 0xFF, 0xFF, 0xFF, 0xFF, 0x00, 0x00, 0x00, 0x00, 0x00, 0x00, 0x00, 0xFF, 0x00,
0x00, 0x00, 0x00, 0x00, 0x00, 0x00, 0xFF, 0x00, 0x00, 0x00, 0x00, 0x00, 0x00, 0x00, 0xFF, 0x00,
0x00, 0x00, 0x00, 0x00, 0x00, 0x00, 0xFF, 0xFF, 0xFF, 0xFF, 0xFF, 0xFF, 0xFF, 0xFF, 0x00, 0x00,
0x00, 0xFF, 0x00, 0xFF, 0x00, 0x00, 0x00, 0x00, 0x00, 0x00, 0x00, 0x00, 0x00, 0x00, 0xFF, 0xFF,
0xFF, 0xFF, 0xFF, 0xFF, 0xFF, 0xFF, 0xFF, 0x00, 0x00, 0x00, 0x00, 0x00, 0x00, 0x00, 0xFF, 0x00,
0x00, 0x00, 0x00, 0x00, 0x00, 0x00, 0xFF, 0x00, 0x00, 0x00, 0x00, 0x00, 0x00, 0x00, 0xFF, 0x00,
0x00, 0x00, 0x00, 0x00, 0x00, 0x00, 0xFF, 0xFF, 0xFF, 0xFF, 0xFF, 0xFF, 0xFF, 0xFF, 0xFF, 0x00,
0x00, 0x00, 0x00, 0x00, 0x00, 0x00, 0xFF, 0x00, 0x00, 0x00, 0x00, 0x00, 0x00, 0x00, 0xFF, 0x00,
0x00, 0x00, 0x00, 0x00, 0x00, 0x00, 0xFF, 0x00, 0x00, 0x00, 0x00, 0x00, 0x00, 0x00, 0xFF, 0xFF,
0xFF, 0xFF, 0xFF, 0xFF, 0xFF, 0xFF, 0xFF, 0xFF, 0xFF, 0xFF, 0xFF, 0xFF, 0xFF, 0xFF, 0xFF, 0x00,
0x00, 0x00, 0x00, 0x00, 0x00, 0x00, 0xFF, 0x00, 0x00, 0x00, 0x00, 0x00, 0x00, 0x00, 0x00, 0x00,
0x00, 0x00, 0xFF, 0x00, 0x00, 0x00, 0x00, 0x00, 0x00, 0x00, 0x00, 0x00, 0x00, 0x00, 0xFF, 0x00,
0x00, 0x00, 0x00, 0x00, 0x00, 0x00, 0x00, 0x00, 0x00, 0x00, 0xFF, 0x53, 0xB0, 0xE5, 0xFF, 0xFF,
0xFA, 0x50, 0x00, 0x00, 0x00, 0x00, 0xFF, 0x8C, 0x3E, 0x13, 0x00, 0x00, 0x52, 0xFA, 0x00, 0x00,
0x00, 0x00, 0xFF, 0x00, 0x00, 0x00, 0x00, 0x00, 0x00, 0xFF, 0x00, 0x00, 0x00, 0x00, 0xFF, 0x00,
0x00, 0x00, 0x00, 0x00, 0x00, 0xFF, 0x00, 0x00, 0x00, 0x00, 0xFF, 0x00, 0x00, 0x00, 0x00, 0x00,
0x00, 0xFF, 0x00, 0x00, 0x00, 0x00, 0xFF, 0x00, 0x00, 0x7A, 0x05, 0x00, 0x50, 0xFA, 0x00, 0x00,
0x00, 0x00, 0xFF, 0x00, 0x00, 0x6A, 0xEC, 0xFF, 0xFA, 0x51, 0x00, 0x00, 0x40, 0xBF, 0x00, 0x00,
0x00, 0x00, 0x00, 0xC0, 0x3F, 0x00, 0x00, 0x00, 0x00, 0x00, 0x00, 0x00, 0x00, 0x00, 0x00, 0xFF,
0xFF, 0xFF, 0xFF, 0xFF, 0xFF, 0xFF, 0xFF, 0x00, 0x00, 0x00, 0x00, 0x00, 0x00, 0xFF, 0x00, 0x00,
0x00, 0x00, 0x00, 0x00, 0xFF, 0x00, 0x00, 0x00, 0x00, 0x00, 0x00, 0xFF, 0x00, 0x00, 0x00, 0x00,
0x00, 0x00, 0xFF, 0x00, 0x00, 0x00, 0x00, 0x00, 0x00, 0xFF, 0x00, 0x00, 0x00, 0x00, 0x00, 0x00,
0xFF, 0x00, 0x00, 0x00, 0x00, 0x00, 0x00, 0xFF, 0x00, 0x00, 0x00, 0x00, 0x00, 0x00, 0xFF, 0x00,
0x00, 0x00, 0x00, 0x00, 0x00, 0xFF, 0x00, 0x00, 0x00, 0x00, 0x00, 0x00, 0x00, 0x00, 0x61, 0xCC,
0xF4, 0xE8, 0xAF, 0x30, 0x00, 0x00, 0x99, 0xB6, 0x34, 0x07, 0x14, 0x5C, 0xE1, 0x38, 0x4F, 0xCD,
0x02, 0x00, 0x00, 0x00, 0x00, 0x43, 0xC6, 0xB6, 0x4E, 0x00, 0x00, 0x00, 0x00, 0x00, 0x00, 0x00,
0xEB, 0x18, 0x00, 0x00, 0x00, 0x00, 0x00, 0x00, 0x00, 0xFC, 0xFF, 0xFF, 0xFF, 0xFF, 0x00, 0x00,
0x00, 0x00, 0xEE, 0x17, 0x00, 0x00, 0x00, 0x00, 0x00, 0x00, 0x00, 0xB5, 0x4B, 0x00, 0x00, 0x00,
0x00, 0x00, 0x00, 0x00, 0x47, 0xCA, 0x02, 0x00, 0x00, 0x00, 0x00, 0x46, 0xC4, 0x00, 0x8D, 0xB1,
0x2D, 0x05, 0x18, 0x64, 0xE6, 0x3A, 0x00, 0x00, 0x60, 0xCF, 0xF8, 0xE8, 0xB0, 0x34, 0x00, 0x00,
0x47, 0xBF, 0xF3, 0xEC, 0xAA, 0x2A, 0x00, 0x6B, 0xB3, 0x30, 0x0A, 0x10, 0x43, 0xCB, 0x50, 0xEC,
0x12, 0x00, 0x00, 0x00, 0x00, 0x2B, 0xE4, 0xEA, 0x67, 0x00, 0x00, 0x00, 0x00, 0x00, 0x00, 0x77,
0xFF, 0xE0, 0x9D, 0x65, 0x28, 0x00, 0x00, 0x00, 0x32, 0x49, 0x7E, 0xC5, 0xFF, 0xCA, 0x1D, 0x00,
0x00, 0x00, 0x00, 0x00, 0x37, 0x90, 0xB5, 0x00, 0x00, 0x00, 0x00, 0x00, 0x00, 0x17, 0xF5, 0xE7,
0x29, 0x00, 0x00, 0x00, 0x00, 0x0B, 0xE0, 0x76, 0xD5, 0x4E, 0x1C, 0x09, 0x2A, 0xA0, 0x6B, 0x00,
0x61, 0xC8, 0xF2, 0xF8, 0xD1, 0x62, 0x00, 0xFF, 0xFF, 0xFF, 0xFF, 0xFF, 0xFF, 0xFF, 0xFF, 0xFF,
0xFF, 0xFF, 0xFF, 0x00, 0xFF, 0x00, 0x00, 0x00, 0x00, 0xFF, 0x00, 0x00, 0xFF, 0x00, 0x00, 0xFF,
0x00, 0x00, 0xFF, 0x00, 0x00, 0xFF, 0x00, 0x00, 0xFF, 0x00, 0x00, 0xFF, 0x00, 0x00, 0xFF, 0x00,
0x00, 0xFF, 0x00, 0x00, 0xFF, 0x00, 0x00, 0xFF, 0x00, 0x00, 0x00, 0x00, 0x00, 0x00, 0xFF, 0x00,
0x00, 0x00, 0x00, 0x00, 0xFF, 0x00, 0x00, 0x00, 0x00, 0x00, 0xFF, 0x00, 0x00, 0x00, 0x00, 0x00,
0xFF, 0x00, 0x00, 0x00, 0x00, 0x00, 0xFF, 0x00, 0x00, 0x00, 0x00, 0x00, 0xFF, 0x00, 0x00, 0x00,
0x00, 0x00, 0xFF, 0x00, 0x00, 0x00, 0x00, 0x00, 0xFC, 0xDF, 0x0C, 0x00, 0x00, 0x11, 0xE7, 0xB9,
0x6D, 0x0A, 0x15, 0x84, 0x9D, 0x1E, 0xB3, 0xF0, 0xF0, 0xA1, 0x0F, 0x00, 0x00, 0xFF, 0xFF, 0xFF,
0xFF, 0xFF, 0xFF, 0xFF, 0x00, 0x00, 0x00, 0x00, 0x00, 0x00, 0x00, 0x00, 0xFF, 0x00, 0x00, 0x00,
0x00, 0x00, 0xFF, 0x00, 0x00, 0x00, 0x00, 0x00, 0x00, 0x00, 0x00, 0xFF, 0x00, 0x00, 0x00, 0x00,
0x00, 0xFF, 0x00, 0x00, 0x00, 0x00, 0x00, 0x00, 0x00, 0x00, 0xFF, 0x00, 0x00, 0x00, 0x00, 0x00,
0xFF, 0x00, 0x00, 0x00, 0x00, 0x00, 0x00, 0x00, 0x00, 0xFF, 0x00, 0x00, 0x00, 0x00, 0x00, 0xFF,
0x00, 0x00, 0x00, 0x00, 0x00, 0x00, 0x00, 0x00, 0xFF, 0x00, 0x00, 0x00, 0x00, 0x00, 0xFF, 0xFF,
0xFF, 0xFF, 0xFF, 0xFA, 0x50, 0x00, 0x00, 0xFF, 0x00, 0x00, 0x00, 0x00, 0x00, 0xFF, 0x00, 0x00,
0x00, 0x00, 0x52, 0xFA, 0x00, 0x00, 0xFF, 0x00, 0x00, 0x00, 0x00, 0x00, 0xFF, 0x00, 0x00, 0x00,
0x00, 0x00, 0xFF, 0x00, 0x00, 0xFF, 0x00, 0x00, 0x00, 0x00, 0x00, 0xFF, 0x00, 0x00, 0x00, 0x00,
0x00, 0xFF, 0x4E, 0x50, 0xFA, 0x00, 0x00, 0x00, 0x00, 0x00, 0xFF, 0x00, 0x00, 0x00, 0x00, 0x50,
0xFA, 0x96, 0xFA, 0x51, 0x00, 0x00, 0x00, 0x00, 0x00, 0xFF, 0xFF, 0xFF, 0xFF, 0xFF, 0xFA, 0x51,
0xFF, 0x00, 0x00, 0x00, 0x00, 0x00, 0xFF, 0x00, 0x00, 0x00, 0x00, 0x00, 0x00, 0xFF, 0x00, 0x00,
0x00, 0x00, 0x00, 0xFF, 0x00, 0x00, 0x00, 0x00, 0x00, 0x00, 0xFF, 0x00, 0x00, 0x00, 0x00, 0x00,
0xFF, 0x00, 0x00, 0x00, 0x00, 0x00, 0x00, 0xFF, 0x00, 0x00, 0x00, 0x00, 0x00, 0xFF, 0x00, 0x00,
0x00, 0x00, 0x00, 0x00, 0xFF, 0x00, 0x00, 0x00, 0x00, 0x00, 0xFF, 0x00, 0x00, 0x00, 0x00, 0x00,
0x00, 0xFF, 0xFF, 0xFF, 0xFF, 0xFF, 0xFF, 0xFF, 0xFF, 0xFF, 0xFF, 0xFF, 0xFA, 0x50, 0xFF, 0x00,
0x00, 0x00, 0x00, 0x00, 0xFF, 0x00, 0x00, 0x00, 0x00, 0x52, 0xFA, 0xFF, 0x00, 0x00, 0x00, 0x00,
0x00, 0xFF, 0x00, 0x00, 0x00, 0x00, 0x00, 0xFF, 0xFF, 0x00, 0x00, 0x00, 0x00, 0x00, 0xFF, 0x00,
0x00, 0x00, 0x00, 0x00, 0xFF, 0xFF, 0x00, 0x00, 0x00, 0x00, 0x00, 0xFF, 0x00, 0x00, 0x00, 0x00,
0x50, 0xFA, 0xFF, 0x00, 0x00, 0x00, 0x00, 0x00, 0xFF, 0xFF, 0xFF, 0xFF, 0xFF, 0xFA, 0x51, 0xFF,
0xFF, 0xFF, 0xFF, 0xFF, 0xFF, 0xFF, 0xFF, 0xFF, 0x00, 0x00, 0x00, 0x00, 0x00, 0x00, 0x00, 0xFF,
0x00, 0x00, 0x00, 0x00, 0x00, 0x00, 0x00, 0x00, 0x00, 0x00, 0x00, 0xFF, 0x00, 0x00, 0x00, 0x00,
0x00, 0x00, 0x00, 0x00, 0x00, 0x00, 0x00, 0xFF, 0x00, 0x00, 0x00, 0x00, 0x00, 0x00, 0x00, 0x00,
0x00, 0x00, 0x00, 0xFF, 0x56, 0xAB, 0xE1, 0xFE, 0xFF, 0xFA, 0x50, 0x00, 0x00, 0x00, 0x00, 0xFF,
0x95, 0x4E, 0x1F, 0x03, 0x00, 0x52, 0xFA, 0x00, 0x00, 0x00, 0x00, 0xFF, 0x00, 0x00, 0x00, 0x00,
0x00, 0x00, 0xFF, 0x00, 0x00, 0x00, 0x00, 0xFF, 0x00, 0x00, 0x00, 0x00, 0x00, 0x00, 0xFF, 0x00,
0x00, 0x00, 0x00, 0xFF, 0x00, 0x00, 0x00, 0x00, 0x00, 0x00, 0xFF, 0x00, 0x00, 0x00, 0x00, 0xFF,
0x00, 0x00, 0x00, 0x00, 0x00, 0x00, 0xFF, 0x00, 0x00, 0x00, 0x00, 0xFF, 0x00, 0x00, 0x00, 0x00,
0x00, 0x00, 0xFF, 0x00, 0x00, 0x00, 0x40, 0xBF, 0x00, 0x00, 0x00, 0x00, 0x00, 0x00, 0xC0, 0x3F,
0x00, 0x00, 0x00, 0x00, 0x00, 0x00, 0x00, 0x00, 0x00, 0x00, 0x00, 0xFF, 0x00, 0x00, 0x00, 0x00,
0x45, 0xE0, 0xFE, 0xFF, 0x00, 0x00, 0x00, 0x1D, 0xE4, 0x35, 0x03, 0xFF, 0x00, 0x00, 0x00, 0x8D,
0x75, 0x00, 0x00, 0xFF, 0x00, 0x00, 0x12, 0xE2, 0x0E, 0x00, 0x00, 0xFF, 0x07, 0x25, 0xB1, 0x70,
0x00, 0x00, 0x00, 0xFF, 0xFF, 0xFF, 0x9E, 0x01, 0x00, 0x00, 0x00, 0xFF, 0x0B, 0x3E, 0xC3, 0xA8,
0x02, 0x00, 0x00, 0xFF, 0x00, 0x00, 0x03, 0x95, 0x7D, 0x00, 0x00, 0xFF, 0x00, 0x00, 0x00, 0x03,
0xC1, 0x39, 0x00, 0xFF, 0x00, 0x00, 0x00, 0x00, 0x21, 0xD0, 0x0E, 0xFF, 0x00, 0x00, 0x00, 0x00,
0x00, 0x5B, 0xA4, 0x00, 0x00, 0x00, 0xC0, 0x3F, 0x00, 0x00, 0x00, 0x00, 0x00, 0x00, 0x00, 0x40,
0xBF, 0x00, 0x00, 0x00, 0x00, 0x00, 0x00, 0x00, 0x00, 0x00, 0x00, 0x00, 0x00, 0x00, 0xFF, 0x00,
0x00, 0x00, 0x00, 0x00, 0x00, 0x08, 0xC4, 0xFF, 0x00, 0x00, 0x00, 0x00, 0x00, 0x01, 0xAA, 0xFF,
0xFF, 0x00, 0x00, 0x00, 0x00, 0x00, 0x8D, 0xA0, 0xFF, 0xFF, 0x00, 0x00, 0x00, 0x00, 0x6D, 0xC0,
0x06, 0xFF, 0xFF, 0x00, 0x00, 0x00, 0x50, 0xD7, 0x12, 0x00, 0xFF, 0xFF, 0x00, 0x00, 0x37, 0xE2,
0x24, 0x00, 0x00, 0xFF, 0xFF, 0x00, 0x23, 0xE4, 0x3D, 0x00, 0x00, 0x00, 0xFF, 0xFF, 0x14, 0xDA,
0x5D, 0x00, 0x00, 0x00, 0x00, 0xFF, 0xFF, 0xC6, 0x81, 0x00, 0x00, 0x00, 0x00, 0x00, 0xFF, 0xFF,
0xA6, 0x00, 0x00, 0x00, 0x00, 0x00, 0x00, 0xFF, 0xC5, 0x07, 0x00, 0x00, 0x00, 0x00, 0x00, 0x00,
0xFF, 0x00, 0x00, 0x00, 0xD8, 0x65, 0x0A, 0x54, 0xD7, 0x00, 0x00, 0x00, 0x00, 0x00, 0x00, 0x39,
0xD1, 0xF7, 0xD0, 0x37, 0x00, 0x00, 0x00, 0x00, 0x00, 0x00, 0x00, 0x00, 0x00, 0x00, 0x00, 0x00,
0x00, 0x00, 0x3A, 0xC4, 0x00, 0x00, 0x00, 0x00, 0x00, 0x00, 0x00, 0xC4, 0x3B, 0x00, 0xAC, 0x53,
0x00, 0x00, 0x00, 0x00, 0x00, 0x4F, 0xB2, 0x00, 0x00, 0x24, 0xD5, 0x05, 0x00, 0x00, 0x00, 0x03,
0xD3, 0x2C, 0x00, 0x00, 0x00, 0x91, 0x6D, 0x00, 0x00, 0x00, 0x63, 0xA1, 0x00, 0x00, 0x00, 0x00,
0x13, 0xDB, 0x0E, 0x00, 0x08, 0xDD, 0x20, 0x00, 0x00, 0x00, 0x00, 0x00, 0x76, 0x87, 0x00, 0x76,
0x90, 0x00, 0x00, 0x00, 0x00, 0x00, 0x00, 0x07, 0xD7, 0x2E, 0xE1, 0x15, 0x00, 0x00, 0x00, 0x00,
0x00, 0x00, 0x00, 0x5A, 0xEF, 0x7F, 0x00, 0x00, 0x00, 0x00, 0x00, 0x00, 0x00, 0x00, 0x50, 0xEB,
0x0C, 0x00, 0x00, 0x00, 0x00, 0x00, 0x00, 0x00, 0x15, 0xD0, 0x70, 0x00, 0x00, 0x00, 0x00, 0x00,
0x00, 0x00, 0xFF, 0xF8, 0xA5, 0x03, 0x00, 0x00, 0x00, 0x00, 0x00, 0xFF, 0x00, 0x00, 0x00, 0x00,
0x00, 0x00, 0xFF, 0xFF, 0x00, 0x00, 0x00, 0x00, 0x00, 0x00, 0xFF, 0xFF, 0x00, 0x00, 0x00, 0x00,
0x00, 0x00, 0xFF, 0xFF, 0x00, 0x00, 0x00, 0x00, 0x00, 0x00, 0xFF, 0xFF, 0x00, 0x00, 0x00, 0x00,
0x00, 0x00, 0xFF, 0xFF, 0x00, 0x00, 0x00, 0x00, 0x00, 0x00, 0xFF, 0xFF, 0x00, 0x00, 0x00, 0x00,
0x00, 0x00, 0xFF, 0xFF, 0x00, 0x00, 0x00, 0x00, 0x00, 0x00, 0xFF, 0xFF, 0x00, 0x00, 0x00, 0x00,
0x00, 0x00, 0xFF, 0xFF, 0x00, 0x00, 0x00, 0x00, 0x00, 0x00, 0xFF, 0xFF, 0xFF, 0xFF, 0xFF, 0xFF,
0xFF, 0xFF, 0xFF, 0x00, 0x00, 0x00, 0x00, 0xFF, 0x00, 0x00, 0x00, 0x00, 0x00, 0x00, 0x00, 0xFF,
0x00, 0x00, 0x00, 0x00, 0x00, 0x00, 0x00, 0xFF, 0x00, 0x00, 0x00, 0x00, 0x00, 0x00, 0x00, 0x57,
0xFF, 0x55, 0x00, 0x00, 0x00, 0x00, 0x00, 0x00, 0x00, 0x00, 0xB3, 0xA7, 0xB2, 0x00, 0x00, 0x00,
0x00, 0x00, 0x00, 0x00, 0x14, 0xEC, 0x10, 0xEB, 0x14, 0x00, 0x00, 0x00, 0x00, 0x00, 0x00, 0x6C,
0x9F, 0x00, 0x9F, 0x6B, 0x00, 0x00, 0x00, 0x00, 0x00, 0x00, 0xC8, 0x3D, 0x00, 0x3F, 0xC7, 0x00,
0x00, 0x00, 0x00, 0x00, 0x24, 0xD9, 0x00, 0x00, 0x00, 0xDA, 0x24, 0x00, 0x00, 0x00, 0x00, 0x81,
0x79, 0x00, 0x00, 0x00, 0x79, 0x80, 0x00, 0x00, 0x00, 0x00, 0xDC, 0xFF, 0xFF, 0xFF, 0xFF, 0xFF,
0xDB, 0x00, 0x00, 0x00, 0x39, 0xD3, 0x00, 0x00, 0x00, 0x00, 0x00, 0xD4, 0x38, 0x00, 0x00, 0x96,
0x65, 0x00, 0x00, 0x00, 0x00, 0x00, 0x68, 0x95, 0x00, 0x05, 0xD9, 0x09, 0x00, 0x00, 0x00, 0x00,
0x00, 0x0B, 0xDB, 0x05, 0xFF, 0xFF, 0xFF, 0xFF, 0xFF, 0xFF, 0xFF, 0x00, 0xFF, 0x00, 0x00, 0x00,
0x00, 0x00, 0x00, 0x00, 0xFF, 0x00, 0x00, 0x00, 0x00, 0x00, 0x00, 0x00, 0xFF, 0x00, 0x00, 0x00,
0x00, 0x00, 0x00, 0x00, 0xFF, 0x00, 0x00, 0x00, 0x00, 0x00, 0x00, 0x00, 0xFF, 0xFF, 0xFF, 0xFF,
0xFF, 0xFF, 0xFA, 0x50, 0xFF, 0x00, 0x00, 0x00, 0x00, 0x00, 0x52, 0xFA, 0xFF, 0x00, 0x00, 0x00,
0x00, 0x00, 0x00, 0xFF, 0xFF, 0x00, 0x00, 0x00, 0x00, 0x00, 0x00, 0xFF, 0xFF, 0x00, 0x00, 0x00,
0x00, 0x00, 0x50, 0xFA, 0xFF, 0xFF, 0xFF, 0xFF, 0xFF, 0xFF, 0xFA, 0x51, 0xFF, 0xFF, 0xFF, 0xFF,
0xFA, 0xE0, 0x8D, 0x09, 0xFF, 0x00, 0x00, 0x00, 0x07, 0x22, 0x95, 0x9C, 0xFF, 0x00, 0x00, 0x00,
0x00, 0x00, 0x18, 0xF4, 0xFF, 0x00, 0x00, 0x00, 0x00, 0x00, 0x15, 0xE0, 0xFF, 0x00, 0x00, 0x00,
0x05, 0x27, 0xAD, 0x5F, 0xFF, 0xFF, 0xFF, 0xFF, 0xFF, 0xFF, 0xFE, 0x5C, 0xFF, 0x00, 0x00, 0x00,
0x04, 0x19, 0x7A, 0xD5, 0xFF, 0x00, 0x00, 0x00, 0x00, 0x00, 0x0C, 0xF9, 0xFF, 0x00, 0x00, 0x00,
0x00, 0x00, 0x1C, 0xE4, 0xFF, 0x00, 0x00, 0x00, 0x03, 0x20, 0x96, 0x81, 0xFF, 0xFF, 0xFF, 0xFF,
0xFA, 0xD9, 0x74, 0x03, 0xFF, 0xFF, 0xFF, 0xFF, 0xFF, 0xFF, 0xFF, 0xFF, 0x00, 0x00, 0x00, 0x00,
0x00, 0x00, 0xFF, 0x00, 0x00, 0x00, 0x00, 0x00, 0x00, 0xFF, 0x00, 0x00, 0x00, 0x00, 0x00, 0x00,
0xFF, 0x00, 0x00, 0x00, 0x00, 0x00, 0x00, 0xFF, 0x00, 0x00, 0x00, 0x00, 0x00, 0x00, 0xFF, 0x00,
0x00, 0x00, 0x00, 0x00, 0x00, 0xFF, 0x00, 0x00, 0x00, 0x00, 0x00, 0x00, 0xFF, 0x00, 0x00, 0x00,
0x00, 0x00, 0x00, 0xFF, 0x00, 0x00, 0x00, 0x00, 0x00, 0x00, 0xFF, 0x00, 0x00, 0x00, 0x00, 0x00,
0x00, 0x00, 0x00, 0x00, 0xFF, 0xFF, 0xFF, 0xFF, 0xFF, 0xFF, 0x00, 0x00, 0x00, 0x00, 0xFF, 0x00,
0x00, 0x00, 0x00, 0xFF, 0x00, 0x00, 0x00, 0x05, 0xF6, 0x00, 0x00, 0x00, 0x00, 0xFF, 0x00, 0x00,
0x00, 0x0E, 0xE1, 0x00, 0x00, 0x00, 0x00, 0xFF, 0x00, 0x00, 0x00, 0x21, 0xC3, 0x00, 0x00, 0x00,
0x00, 0xFF, 0x00, 0x00, 0x00, 0x3F, 0x9E, 0x00, 0x00, 0x00, 0x00, 0xFF, 0x00, 0x00, 0x00, 0x6D,
0x64, 0x00, 0x00, 0x00, 0x00, 0xFF, 0x00, 0x00, 0x00, 0xAD, 0x24, 0x00, 0x00, 0x00, 0x00, 0xFF,
0x00, 0x00, 0x14, 0xBF, 0x00, 0x00, 0x00, 0x00, 0x00, 0xFF, 0x00, 0x00, 0x9D, 0x42, 0x00, 0x00,
0x00, 0x00, 0x00, 0xFF, 0x00, 0xFF, 0xFF, 0xFF, 0xFF, 0xFF, 0xFF, 0xFF, 0xFF, 0xFF, 0xFF, 0xFF,
0x00, 0x00, 0x00, 0x00, 0x00, 0x00, 0x00, 0x00, 0xFF, 0xFF, 0x00, 0x00, 0x00, 0x00, 0x00, 0x00,
0x00, 0x00, 0xFF, 0xFF, 0x00, 0x00, 0x00, 0x00, 0x00, 0x00, 0x00, 0x00, 0xFF, 0xFF, 0xFF, 0xFF,
0xFF, 0xFF, 0xFF, 0xFF, 0xFF, 0xFF, 0x00, 0x00, 0x00, 0x00, 0x00, 0x00, 0x00, 0xFF, 0x00, 0x00,
0x00, 0x00, 0x00, 0x00, 0x00, 0xFF, 0x00, 0x00, 0x00, 0x00, 0x00, 0x00, 0x00, 0xFF, 0x00, 0x00,
0x00, 0x00, 0x00, 0x00, 0x00, 0xFF, 0xFF, 0xFF, 0xFF, 0xFF, 0xFF, 0xFF, 0xFF, 0xFF, 0x00, 0x00,
0x00, 0x00, 0x00, 0x00, 0x00, 0xFF, 0x00, 0x00, 0x00, 0x00, 0x00, 0x00, 0x00, 0xFF, 0x00, 0x00,
0x00, 0x00, 0x00, 0x00, 0x00, 0xFF, 0x00, 0x00, 0x00, 0x00, 0x00, 0x00, 0x00, 0xFF, 0xFF, 0xFF,
0xFF, 0xFF, 0xFF, 0xFF, 0xFF, 0xFE, 0xDF, 0x42, 0x00, 0x00, 0x00, 0x00, 0xFF, 0x00, 0x00, 0x00,
0x00, 0x3F, 0xDE, 0xFD, 0x03, 0x36, 0xE4, 0x17, 0x00, 0x00, 0x00, 0xFF, 0x00, 0x00, 0x00, 0x15,
0xE3, 0x35, 0x01, 0x00, 0x00, 0x7E, 0x82, 0x00, 0x00, 0x00, 0xFF, 0x00, 0x00, 0x00, 0x81, 0x7E,
0x00, 0x00, 0x00, 0x00, 0x13, 0xE0, 0x0B, 0x00, 0x00, 0xFF, 0x00, 0x00, 0x0C, 0xDF, 0x12, 0x00,
0x00, 0x00, 0x00, 0x00, 0x7C, 0xA3, 0x22, 0x07, 0xFF, 0x06, 0x21, 0xA8, 0x78, 0x00, 0x00, 0x00,
0x00, 0x00, 0x00, 0x01, 0xA7, 0xFF, 0xFF, 0xFF, 0xFF, 0xFF, 0xAE, 0x01, 0x00, 0x00, 0x00, 0x00,
0x00, 0x03, 0xAD, 0xB1, 0x3A, 0x09, 0xFF, 0x0A, 0x38, 0xB4, 0xAC, 0x03, 0x00, 0x00, 0x00, 0x00,
0x85, 0x7E, 0x00, 0x00, 0x00, 0xFF, 0x00, 0x00, 0x00, 0x72, 0x85, 0x00, 0x00, 0x00, 0x3E, 0xBD,
0x02, 0x00, 0x00, 0x00, 0xFF, 0x00, 0x00, 0x00, 0x00, 0xAD, 0x3E, 0x00, 0x0F, 0xD1, 0x1E, 0x00,
0x00, 0x00, 0x00, 0xFF, 0x00, 0x00, 0x00, 0x00, 0x16, 0xCC, 0x0F, 0xA6, 0x5A, 0x00, 0x00, 0x00,
0x00, 0x00, 0xFF, 0x00, 0x00, 0x00, 0x00, 0x00, 0x53, 0xA5, 0x00, 0x6A, 0xD5, 0xF8, 0xFF, 0xFA,
0x50, 0x6A, 0xCC, 0x36, 0x06, 0x00, 0x52, 0xFA, 0xD8, 0x25, 0x00, 0x00, 0x00, 0x00, 0xFF, 0x00,
0x00, 0x00, 0x00, 0x00, 0x1B, 0xE3, 0x00, 0x00, 0x00, 0x04, 0x22, 0xA6, 0x45, 0x00, 0x00, 0x00,
0xFF, 0xEC, 0x3E, 0x00, 0x00, 0x00, 0x00, 0x02, 0x27, 0xB1, 0x3A, 0x00, 0x00, 0x00, 0x00, 0x00,
0x1A, 0xCD, 0xCD, 0x3A, 0x00, 0x00, 0x00, 0x00, 0xFF, 0x4F, 0xDF, 0x42, 0x06, 0x00, 0x50, 0xFA,
0x00, 0x59, 0xD4, 0xFA, 0xFF, 0xFA, 0x51, 0xFF, 0x00, 0x00, 0x00, 0x00, 0x00, 0x00, 0x08, 0xC4,
0xFF, 0x00, 0x00, 0x00, 0x00, 0x00, 0x01, 0xAA, 0xFF, 0xFF, 0x00, 0x00, 0x00, 0x00, 0x00, 0x8D,
0xA0, 0xFF, 0xFF, 0x00, 0x00, 0x00, 0x00, 0x6D, 0xC0, 0x06, 0xFF, 0xFF, 0x00, 0x00, 0x00, 0x50,
0xD7, 0x12, 0x00, 0xFF, 0xFF, 0x00, 0x00, 0x37, 0xE2, 0x24, 0x00, 0x00, 0xFF, 0xFF, 0x00, 0x23,
0xE4, 0x3D, 0x00, 0x00, 0x00, 0xFF, 0xFF, 0x14, 0xDA, 0x5D, 0x00, 0x00, 0x00, 0x00, 0xFF, 0xFF,
0xC6, 0x81, 0x00, 0x00, 0x00, 0x00, 0x00, 0xFF, 0xFF, 0xA6, 0x00, 0x00, 0x00, 0x00, 0x00, 0x00,
0xFF, 0xC5, 0x07, 0x00, 0x00, 0x00, 0x00, 0x00, 0x00, 0xFF, 0x00, 0x00, 0xD8, 0x65, 0x0A, 0x54,
0xD7, 0x00, 0x00, 0x00, 0x00, 0x39, 0xD1, 0xF7, 0xD0, 0x37, 0x00, 0x00, 0x00, 0x00, 0x00, 0x00,
0x00, 0x00, 0x00, 0x00, 0x00, 0xFF, 0x00, 0x00, 0x00, 0x00, 0x00, 0x00, 0x08, 0xC4, 0xFF, 0x00,
0x00, 0x00, 0x00, 0x00, 0x01, 0xAA, 0xFF, 0xFF, 0x00, 0x00, 0x00, 0x00, 0x00, 0x8D, 0xA0, 0xFF,
0xFF, 0x00, 0x00, 0x00, 0x00, 0x6D, 0xC0, 0x06, 0xFF, 0xFF, 0x00, 0x00, 0x00, 0x50, 0xD7, 0x12,
0x00, 0xFF, 0xFF, 0x00, 0x00, 0x37, 0xE2, 0x24, 0x00, 0x00, 0xFF, 0xFF, 0x00, 0x23, 0xE4, 0x3D,
0x00, 0x00, 0x00, 0xFF, 0xFF, 0x14, 0xDA, 0x5D, 0x00, 0x00, 0x00, 0x00, 0xFF, 0xFF, 0xC6, 0x81,
0x00, 0x00, 0x00, 0x00, 0x00, 0xFF, 0xFF, 0xA6, 0x00, 0x00, 0x00, 0x00, 0x00, 0x00, 0xFF, 0xC5,
0x07, 0x00, 0x00, 0x00, 0x00, 0x00, 0x00, 0xFF, 0xFF, 0x00, 0x00, 0x00, 0x00, 0x45, 0xE0, 0xFE,
0xFF, 0x00, 0x00, 0x00, 0x1D, 0xE4, 0x35, 0x03, 0xFF, 0x00, 0x00, 0x00, 0x8D, 0x75, 0x00, 0x00,
0xFF, 0x00, 0x00, 0x12, 0xE2, 0x0E, 0x00, 0x00, 0xFF, 0x07, 0x25, 0xB1, 0x70, 0x00, 0x00, 0x00,
0xFF, 0xFF, 0xFF, 0x9E, 0x01, 0x00, 0x00, 0x00, 0xFF, 0x0B, 0x3E, 0xC3, 0xA8, 0x02, 0x00, 0x00,
0xFF, 0x00, 0x00, 0x03, 0x95, 0x7D, 0x00, 0x00, 0xFF, 0x00, 0x00, 0x00, 0x03, 0xC1, 0x39, 0x00,
0xFF, 0x00, 0x00, 0x00, 0x00, 0x21, 0xD0, 0x0E, 0xFF, 0x00, 0x00, 0x00, 0x00, 0x00, 0x5B, 0xA4,
0x00, 0x00, 0xFF, 0xFF, 0xFF, 0xFF, 0xFF, 0xFF, 0xFF, 0x00, 0x00, 0xFF, 0x00, 0x00, 0x00, 0x00,
0x00, 0xFF, 0x00, 0x00, 0xFF, 0x00, 0x00, 0x00, 0x00, 0x00, 0xFF, 0x00, 0x00, 0xFF, 0x00, 0x00,
0x00, 0x00, 0x00, 0xFF, 0x00, 0x00, 0xFF, 0x00, 0x00, 0x00, 0x00, 0x00, 0xFF, 0x00, 0x00, 0xFF,
0x00, 0x00, 0x00, 0x00, 0x00, 0xFF, 0x00, 0x00, 0xFF, 0x00, 0x00, 0x00, 0x00, 0x00, 0xFF, 0x00,
0x00, 0xFF, 0x00, 0x00, 0x00, 0x00, 0x00, 0xFF, 0x00, 0x00, 0xFF, 0x00, 0x00, 0x00, 0x00, 0x00,
0xFF, 0x4E, 0x50, 0xFA, 0x00, 0x00, 0x00, 0x00, 0x00, 0xFF, 0x96, 0xFA, 0x51, 0x00, 0x00, 0x00,
0x00, 0x00, 0xFF, 0xCF, 0x5F, 0x00, 0x00, 0x00, 0x00, 0x00, 0x5F, 0xCF, 0xFF, 0xD0, 0x0C, 0x00,
0x00, 0x00, 0x0C, 0xD5, 0xFF, 0xFF, 0x8A, 0x57, 0x00, 0x00, 0x00, 0x59, 0x8F, 0xFF, 0xFF, 0x3B,
0xAC, 0x00, 0x00, 0x00, 0xAE, 0x41, 0xFF, 0xFF, 0x02, 0xE0, 0x0B, 0x00, 0x0C, 0xE5, 0x04, 0xFF,
0xFF, 0x00, 0x9E, 0x56, 0x00, 0x58, 0xA4, 0x00, 0xFF, 0xFF, 0x00, 0x4F, 0xAA, 0x00, 0xAE, 0x55,
0x00, 0xFF, 0xFF, 0x00, 0x0A, 0xEB, 0x14, 0xF0, 0x0D, 0x00, 0xFF, 0xFF, 0x00, 0x00, 0xB1, 0x9B,
0xB8, 0x00, 0x00, 0xFF, 0xFF, 0x00, 0x00, 0x62, 0xFD, 0x69, 0x00, 0x00, 0xFF, 0xFF, 0x00, 0x00,
0x16, 0xFC, 0x1B, 0x00, 0x00, 0xFF, 0xFF, 0x00, 0x00, 0x00, 0x00, 0x00, 0x00, 0xFF, 0xFF, 0x00,
0x00, 0x00, 0x00, 0x00, 0x00, 0xFF, 0xFF, 0x00, 0x00, 0x00, 0x00, 0x00, 0x00, 0xFF, 0xFF, 0x00,
0x00, 0x00, 0x00, 0x00, 0x00, 0xFF, 0xFF, 0x00, 0x00, 0x00, 0x00, 0x00, 0x00, 0xFF, 0xFF, 0xFF,
0xFF, 0xFF, 0xFF, 0xFF, 0xFF, 0xFF, 0xFF, 0x00, 0x00, 0x00, 0x00, 0x00, 0x00, 0xFF, 0xFF, 0x00,
0x00, 0x00, 0x00, 0x00, 0x00, 0xFF, 0xFF, 0x00, 0x00, 0x00, 0x00, 0x00, 0x00, 0xFF, 0xFF, 0x00,
0x00, 0x00, 0x00, 0x00, 0x00, 0xFF, 0xFF, 0x00, 0x00, 0x00, 0x00, 0x00, 0x00, 0xFF, 0x00, 0x00,
0x59, 0xC5, 0xF4, 0xEF, 0xBF, 0x50, 0x00, 0x00, 0x00, 0x8F, 0xD0, 0x4B, 0x0D, 0x10, 0x4F, 0xD7,
0x86, 0x00, 0x48, 0xD0, 0x0A, 0x00, 0x00, 0x00, 0x00, 0x0F, 0xDC, 0x42, 0xB2, 0x54, 0x00, 0x00,
0x00, 0x00, 0x00, 0x00, 0x5E, 0xAC, 0xE8, 0x18, 0x00, 0x00, 0x00, 0x00, 0x00, 0x00, 0x1A, 0xE5,
0xFA, 0x04, 0x00, 0x00, 0x00, 0x00, 0x00, 0x00, 0x05, 0xF9, 0xE9, 0x12, 0x00, 0x00, 0x00, 0x00,
0x00, 0x00, 0x17, 0xE5, 0xAE, 0x52, 0x00, 0x00, 0x00, 0x00, 0x00, 0x00, 0x59, 0xAE, 0x42, 0xD3,
0x0C, 0x00, 0x00, 0x00, 0x00, 0x0D, 0xD7, 0x46, 0x00, 0x85, 0xD1, 0x49, 0x0B, 0x0B, 0x4A, 0xD3,
0x8A, 0x00, 0x00, 0x00, 0x50, 0xC0, 0xF0, 0xF0, 0xBF, 0x50, 0x00, 0x00, 0xFF, 0xFF, 0xFF, 0xFF,
0xFF, 0xFF, 0xFF, 0xFF, 0xFF, 0x00, 0x00, 0x00, 0x00, 0x00, 0x00, 0xFF, 0xFF, 0x00, 0x00, 0x00,
0x00, 0x00, 0x00, 0xFF, 0xFF, 0x00, 0x00, 0x00, 0x00, 0x00, 0x00, 0xFF, 0xFF, 0x00, 0x00, 0x00,
0x00, 0x00, 0x00, 0xFF, 0xFF, 0x00, 0x00, 0x00, 0x00, 0x00, 0x00, 0xFF, 0xFF, 0x00, 0x00, 0x00,
0x00, 0x00, 0x00, 0xFF, 0xFF, 0x00, 0x00, 0x00, 0x00, 0x00, 0x00, 0xFF, 0xFF, 0x00, 0x00, 0x00,
0x00, 0x00, 0x00, 0xFF, 0xFF, 0x00, 0x00, 0x00, 0x00, 0x00, 0x00, 0xFF, 0xFF, 0x00, 0x00, 0x00,
0x00, 0x00, 0x00, 0xFF, 0xFF, 0xFF, 0xFF, 0xFF, 0xFB, 0xE1, 0x89, 0x0A, 0xFF, 0x00, 0x00, 0x00,
0x02, 0x0C, 0x73, 0x9C, 0xFF, 0x00, 0x00, 0x00, 0x00, 0x00, 0x12, 0xF1, 0xFF, 0x00, 0x00, 0x00,
0x00, 0x00, 0x15, 0xE3, 0xFF, 0x00, 0x00, 0x00, 0x06, 0x1E, 0x94, 0x81, 0xFF, 0xFF, 0xFF, 0xFF,
0xF7, 0xD6, 0x7C, 0x04, 0xFF, 0x00, 0x00, 0x00, 0x00, 0x00, 0x00, 0x00, 0xFF, 0x00, 0x00, 0x00,
0x00, 0x00, 0x00, 0x00, 0xFF, 0x00, 0x00, 0x00, 0x00, 0x00, 0x00, 0x00, 0xFF, 0x00, 0x00, 0x00,
0x00, 0x00, 0x00, 0x00, 0xFF, 0x00, 0x00, 0x00, 0x00, 0x00, 0x00, 0x00, 0x00, 0x00, 0x61, 0xC7,
0xF2, 0xEA, 0xB3, 0x33, 0x00, 0x00, 0xA0, 0xC0, 0x3E, 0x0C, 0x15, 0x6B, 0xEE, 0x39, 0x54, 0xC8,
0x06, 0x00, 0x00, 0x00, 0x00, 0x69, 0xC6, 0xB8, 0x50, 0x00, 0x00, 0x00, 0x00, 0x00, 0x06, 0x28,
0xE9, 0x15, 0x00, 0x00, 0x00, 0x00, 0x00, 0x00, 0x00, 0xFA, 0x05, 0x00, 0x00, 0x00, 0x00, 0x00,
0x00, 0x00, 0xE6, 0x17, 0x00, 0x00, 0x00, 0x00, 0x00, 0x00, 0x00, 0xB1, 0x50, 0x00, 0x00, 0x00,
0x00, 0x00, 0x00, 0x4A, 0x52, 0xC5, 0x03, 0x00, 0x00, 0x00, 0x00, 0x2B, 0x9C, 0x00, 0xA9, 0xB8,
0x36, 0x08, 0x1E, 0x72, 0xCF, 0x1A, 0x00, 0x02, 0x6F, 0xD1, 0xF5, 0xE4, 0xA0, 0x1D, 0x00, 0xFF,
0xFF, 0xFF, 0xFF, 0xFF, 0xFF, 0xFF, 0xFF, 0xFF, 0x00, 0x00, 0x00, 0x00, 0xFF, 0x00, 0x00, 0x00,
0x00, 0x00, 0x00, 0x00, 0x00, 0xFF, 0x00, 0x00, 0x00, 0x00, 0x00, 0x00, 0x00, 0x00, 0xFF, 0x00,
0x00, 0x00, 0x00, 0x00, 0x00, 0x00, 0x00, 0xFF, 0x00, 0x00, 0x00, 0x00, 0x00, 0x00, 0x00, 0x00,
0xFF, 0x00, 0x00, 0x00, 0x00, 0x00, 0x00, 0x00, 0x00, 0xFF, 0x00, 0x00, 0x00, 0x00, 0x00, 0x00,
0x00, 0x00, 0xFF, 0x00, 0x00, 0x00, 0x00, 0x00, 0x00, 0x00, 0x00, 0xFF, 0x00, 0x00, 0x00, 0x00,
0x00, 0x00, 0x00, 0x00, 0xFF, 0x00, 0x00, 0x00, 0x00, 0x00, 0x00, 0x00, 0x00, 0xFF, 0x00, 0x00,
0x00, 0x00, 0x3A, 0xC4, 0x00, 0x00, 0x00, 0x00, 0x00, 0x00, 0x00, 0xC4, 0x3B, 0x00, 0xAC, 0x53,
0x00, 0x00, 0x00, 0x00, 0x00, 0x4F, 0xB2, 0x00, 0x00, 0x24, 0xD5, 0x05, 0x00, 0x00, 0x00, 0x03,
0xD3, 0x2C, 0x00, 0x00, 0x00, 0x91, 0x6D, 0x00, 0x00, 0x00, 0x63, 0xA1, 0x00, 0x00, 0x00, 0x00,
0x13, 0xDB, 0x0E, 0x00, 0x08, 0xDD, 0x20, 0x00, 0x00, 0x00, 0x00, 0x00, 0x76, 0x87, 0x00, 0x76,
0x90, 0x00, 0x00, 0x00, 0x00, 0x00, 0x00, 0x07, 0xD7, 0x2E, 0xE1, 0x15, 0x00, 0x00, 0x00, 0x00,
0x00, 0x00, 0x00, 0x5A, 0xEF, 0x7F, 0x00, 0x00, 0x00, 0x00, 0x00, 0x00, 0x00, 0x00, 0x50, 0xEB,
0x0C, 0x00, 0x00, 0x00, 0x00, 0x00, 0x00, 0x00, 0x15, 0xD0, 0x70, 0x00, 0x00, 0x00, 0x00, 0x00,
0x00, 0x00, 0xFF, 0xF8, 0xA5, 0x03, 0x00, 0x00, 0x00, 0x00, 0x00, 0x00, 0x00, 0x00, 0x00, 0xFF,
0x00, 0x00, 0x00, 0x00, 0x00, 0x1F, 0xA5, 0xE4, 0xFF, 0xEE, 0xAB, 0x28, 0x00, 0x30, 0xE7, 0x6E,
0x19, 0xFF, 0x1A, 0x6E, 0xE6, 0x2C, 0xB9, 0x66, 0x00, 0x00, 0xFF, 0x00, 0x00, 0x67, 0xB4, 0xF4,
0x15, 0x00, 0x00, 0xFF, 0x00, 0x00, 0x15, 0xF3, 0xF4, 0x15, 0x00, 0x00, 0xFF, 0x00, 0x00, 0x15,
0xF3, 0xB8, 0x64, 0x00, 0x00, 0xFF, 0x00, 0x00, 0x67, 0xB4, 0x30, 0xE6, 0x6C, 0x19, 0xFF, 0x1A,
0x6E, 0xE8, 0x2D, 0x00, 0x1F, 0xA5, 0xE5, 0xFF, 0xEF, 0xAF, 0x2C, 0x00, 0x00, 0x00, 0x00, 0x00,
0xFF, 0x00, 0x00, 0x00, 0x00, 0x00, 0x00, 0x00, 0x00, 0xFF, 0x00, 0x00, 0x00, 0x00, 0xA5, 0x4F,
0x00, 0x00, 0x00, 0x00, 0x00, 0x49, 0xAD, 0x0F, 0xC2, 0x0B, 0x00, 0x00, 0x00, 0x07, 0xCD, 0x1A,
0x00, 0x3E, 0x89, 0x00, 0x00, 0x00, 0x7E, 0x68, 0x00, 0x00, 0x00, 0x82, 0x42, 0x00, 0x58, 0xBE,
0x01, 0x00, 0x00, 0x00, 0x05, 0xC6, 0x8E, 0xF4, 0x29, 0x00, 0x00, 0x00, 0x00, 0x00, 0x49, 0xFF,
0xA8, 0x00, 0x00, 0x00, 0x00, 0x00, 0x05, 0xB4, 0x75, 0xF2, 0x29, 0x00, 0x00, 0x00, 0x00, 0x84,
0x3A, 0x00, 0x4E, 0xC3, 0x01, 0x00, 0x00, 0x3D, 0x91, 0x00, 0x00, 0x00, 0xA1, 0x68, 0x00, 0x0F,
0xC4, 0x0D, 0x00, 0x00, 0x00, 0x11, 0xD8, 0x1A, 0xA5, 0x4D, 0x00, 0x00, 0x00, 0x00, 0x00, 0x50,
0xAE, 0xFF, 0x00, 0x00, 0x00, 0x00, 0x00, 0x00, 0xFF, 0x00, 0x00, 0xFF, 0x00, 0x00, 0x00, 0x00,
0x00, 0x00, 0xFF, 0x00, 0x00, 0xFF, 0x00, 0x00, 0x00, 0x00, 0x00, 0x00, 0xFF, 0x00, 0x00, 0xFF,
0x00, 0x00, 0x00, 0x00, 0x00, 0x00, 0xFF, 0x00, 0x00, 0xFF, 0x00, 0x00, 0x00, 0x00, 0x00, 0x00,
0xFF, 0x00, 0x00, 0xFF, 0x00, 0x00, 0x00, 0x00, 0x00, 0x00, 0xFF, 0x00, 0x00, 0xFF, 0x00, 0x00,
0x00, 0x00, 0x00, 0x00, 0xFF, 0x00, 0x00, 0xFF, 0x00, 0x00, 0x00, 0x00, 0x00, 0x00, 0xFF, 0x00,
0x00, 0xFF, 0x00, 0x00, 0x00, 0x00, 0x00, 0x00, 0xFF, 0x00, 0x00, 0xFF, 0x00, 0x00, 0x00, 0x00,
0x00, 0x00, 0xFF, 0x00, 0x00, 0xFF, 0xFF, 0xFF, 0xFF, 0xFF, 0xFF, 0xFF, 0xFF, 0xFF, 0xFF, 0x00,
0x00, 0x00, 0x00, 0x00, 0x00, 0x00, 0x00, 0x00, 0xFF, 0x00, 0x00, 0x00, 0x00, 0x00, 0x00, 0x00,
0x00, 0x00, 0xFF, 0x00, 0x00, 0x00, 0x00, 0x00, 0x00, 0x00, 0x00, 0x00, 0xFF, 0xFF, 0x00, 0x00,
0x00, 0x00, 0x00, 0xFF, 0xFF, 0x00, 0x00, 0x00, 0x00, 0x00, 0xFF, 0xFF, 0x00, 0x00, 0x00, 0x00,
0x00, 0xFF, 0xFF, 0x00, 0x00, 0x00, 0x00, 0x00, 0xFF, 0xFF, 0x00, 0x00, 0x00, 0x00, 0x00, 0xFF,
0xFA, 0x51, 0x00, 0x0D, 0x32, 0x80, 0xFF, 0x52, 0xFA, 0xFF, 0xEE, 0xBC, 0x5E, 0xFF, 0x00, 0x00,
0x00, 0x00, 0x00, 0x00, 0xFF, 0x00, 0x00, 0x00, 0x00, 0x00, 0x00, 0xFF, 0x00, 0x00, 0x00, 0x00,
0x00, 0x00, 0xFF, 0x00, 0x00, 0x00, 0x00, 0x00, 0x00, 0xFF, 0xFF, 0x00, 0x00, 0x00, 0x00, 0x00,
0xFF, 0x00, 0x00, 0x00, 0x00, 0x00, 0xFF, 0xFF, 0x00, 0x00, 0x00, 0x00, 0x00, 0xFF, 0x00, 0x00,
0x00, 0x00, 0x00, 0xFF, 0xFF, 0x00, 0x00, 0x00, 0x00, 0x00, 0xFF, 0x00, 0x00, 0x00, 0x00, 0x00,
0xFF, 0xFF, 0x00, 0x00, 0x00, 0x00, 0x00, 0xFF, 0x00, 0x00, 0x00, 0x00, 0x00, 0xFF, 0xFF, 0x00,
0x00, 0x00, 0x00, 0x00, 0xFF, 0x00, 0x00, 0x00, 0x00, 0x00, 0xFF, 0xFF, 0x00, 0x00, 0x00, 0x00,
0x00, 0xFF, 0x00, 0x00, 0x00, 0x00, 0x00, 0xFF, 0xFF, 0x00, 0x00, 0x00, 0x00, 0x00, 0xFF, 0x00,
0x00, 0x00, 0x00, 0x00, 0xFF, 0xFF, 0x00, 0x00, 0x00, 0x00, 0x00, 0xFF, 0x00, 0x00, 0x00, 0x00,
0x00, 0xFF, 0xFF, 0x00, 0x00, 0x00, 0x00, 0x00, 0xFF, 0x00, 0x00, 0x00, 0x00, 0x00, 0xFF, 0xFF,
0x00, 0x00, 0x00, 0x00, 0x00, 0xFF, 0x00, 0x00, 0x00, 0x00, 0x00, 0xFF, 0xFF, 0xFF, 0xFF, 0xFF,
0xFF, 0xFF, 0xFF, 0xFF, 0xFF, 0xFF, 0xFF, 0xFF, 0xFF, 0xFF, 0x00, 0x00, 0x00, 0x00, 0x00, 0xFF,
0x00, 0x00, 0x00, 0x00, 0x00, 0xFF, 0x00, 0xFF, 0x00, 0x00, 0x00, 0x00, 0x00, 0xFF, 0x00, 0x00,
0x00, 0x00, 0x00, 0xFF, 0x00, 0xFF, 0x00, 0x00, 0x00, 0x00, 0x00, 0xFF, 0x00, 0x00, 0x00, 0x00,
0x00, 0xFF, 0x00, 0xFF, 0x00, 0x00, 0x00, 0x00, 0x00, 0xFF, 0x00, 0x00, 0x00, 0x00, 0x00, 0xFF,
0x00, 0xFF, 0x00, 0x00, 0x00, 0x00, 0x00, 0xFF, 0x00, 0x00, 0x00, 0x00, 0x00, 0xFF, 0x00, 0xFF,
0x00, 0x00, 0x00, 0x00, 0x00, 0xFF, 0x00, 0x00, 0x00, 0x00, 0x00, 0xFF, 0x00, 0xFF, 0x00, 0x00,
0x00, 0x00, 0x00, 0xFF, 0x00, 0x00, 0x00, 0x00, 0x00, 0xFF, 0x00, 0xFF, 0x00, 0x00, 0x00, 0x00,
0x00, 0xFF, 0x00, 0x00, 0x00, 0x00, 0x00, 0xFF, 0x00, 0xFF, 0x00, 0x00, 0x00, 0x00, 0x00, 0xFF,
0x00, 0x00, 0x00, 0x00, 0x00, 0xFF, 0x00, 0xFF, 0x00, 0x00, 0x00, 0x00, 0x00, 0xFF, 0x00, 0x00,
0x00, 0x00, 0x00, 0xFF, 0x00, 0xFF, 0xFF, 0xFF, 0xFF, 0xFF, 0xFF, 0xFF, 0xFF, 0xFF, 0xFF, 0xFF,
0xFF, 0xFF, 0xFF, 0x00, 0x00, 0x00, 0x00, 0x00, 0x00, 0x00, 0x00, 0x00, 0x00, 0x00, 0x00, 0x00,
0xFF, 0x00, 0x00, 0x00, 0x00, 0x00, 0x00, 0x00, 0x00, 0x00, 0x00, 0x00, 0x00, 0x00, 0xFF, 0x00,
0x00, 0x00, 0x00, 0x00, 0x00, 0x00, 0x00, 0x00, 0x00, 0x00, 0x00, 0x00, 0xFF, 0xFF, 0xFF, 0xFF,
0xFF, 0x00, 0x00, 0x00, 0x00, 0x00, 0x00, 0x00, 0x00, 0x00, 0x00, 0xFF, 0x00, 0x00, 0x00, 0x00,
0x00, 0x00, 0x00, 0x00, 0x00, 0x00, 0xFF, 0x00, 0x00, 0x00, 0x00, 0x00, 0x00, 0x00, 0x00, 0x00,
0x00, 0xFF, 0x00, 0x00, 0x00, 0x00, 0x00, 0x00, 0x00, 0x00, 0x00, 0x00, 0xFF, 0x00, 0x00, 0x00,
0x00, 0x00, 0x00, 0x00, 0x00, 0x00, 0x00, 0xFF, 0xFF, 0xFF, 0xFF, 0xFF, 0xFF, 0xFA, 0x50, 0x00,
0x00, 0x00, 0xFF, 0x00, 0x00, 0x00, 0x00, 0x00, 0x52, 0xFA, 0x00, 0x00, 0x00, 0xFF, 0x00, 0x00,
0x00, 0x00, 0x00, 0x00, 0xFF, 0x00, 0x00, 0x00, 0xFF, 0x00, 0x00, 0x00, 0x00, 0x00, 0x00, 0xFF,
0x00, 0x00, 0x00, 0xFF, 0x00, 0x00, 0x00, 0x00, 0x00, 0x50, 0xFA, 0x00, 0x00, 0x00, 0xFF, 0xFF,
0xFF, 0xFF, 0xFF, 0xFF, 0xFA, 0x51, 0xFF, 0x00, 0x00, 0x00, 0x00, 0x00, 0x00, 0x00, 0x00, 0x00,
0xFF, 0xFF, 0x00, 0x00, 0x00, 0x00, 0x00, 0x00, 0x00, 0x00, 0x00, 0xFF, 0xFF, 0x00, 0x00, 0x00,
0x00, 0x00, 0x00, 0x00, 0x00, 0x00, 0xFF, 0xFF, 0x00, 0x00, 0x00, 0x00, 0x00, 0x00, 0x00, 0x00,
0x00, 0xFF, 0xFF, 0x00, 0x00, 0x00, 0x00, 0x00, 0x00, 0x00, 0x00, 0x00, 0xFF, 0xFF, 0xFF, 0xFF,
0xFF, 0xFF, 0xFF, 0xFA, 0x50, 0x00, 0x00, 0xFF, 0xFF, 0x00, 0x00, 0x00, 0x00, 0x00, 0x52, 0xFA,
0x00, 0x00, 0xFF, 0xFF, 0x00, 0x00, 0x00, 0x00, 0x00, 0x00, 0xFF, 0x00, 0x00, 0xFF, 0xFF, 0x00,
0x00, 0x00, 0x00, 0x00, 0x00, 0xFF, 0x00, 0x00, 0xFF, 0xFF, 0x00, 0x00, 0x00, 0x00, 0x00, 0x50,
0xFA, 0x00, 0x00, 0xFF, 0xFF, 0xFF, 0xFF, 0xFF, 0xFF, 0xFF, 0xFA, 0x51, 0x00, 0x00, 0xFF, 0xFF,
0x00, 0x00, 0x00, 0x00, 0x00, 0x00, 0x00, 0xFF, 0x00, 0x00, 0x00, 0x00, 0x00, 0x00, 0x00, 0xFF,
0x00, 0x00, 0x00, 0x00, 0x00, 0x00, 0x00, 0xFF, 0x00, 0x00, 0x00, 0x00, 0x00, 0x00, 0x00, 0xFF,
0x00, 0x00, 0x00, 0x00, 0x00, 0x00, 0x00, 0xFF, 0xFF, 0xFF, 0xFF, 0xFF, 0xFF, 0xFA, 0x50, 0xFF,
0x00, 0x00, 0x00, 0x00, 0x00, 0x52, 0xFA, 0xFF, 0x00, 0x00, 0x00, 0x00, 0x00, 0x00, 0xFF, 0xFF,
0x00, 0x00, 0x00, 0x00, 0x00, 0x00, 0xFF, 0xFF, 0x00, 0x00, 0x00, 0x00, 0x00, 0x50, 0xFA, 0xFF,
0xFF, 0xFF, 0xFF, 0xFF, 0xFF, 0xFA, 0x51, 0x00, 0x32, 0xB0, 0xE7, 0xF3, 0xCB, 0x60, 0x00, 0x00,
0x39, 0xE2, 0x5C, 0x14, 0x07, 0x34, 0xB8, 0x97, 0x00, 0xC6, 0x43, 0x00, 0x00, 0x00, 0x00, 0x03,
0xD0, 0x4C, 0x00, 0x00, 0x00, 0x00, 0x00, 0x00, 0x00, 0x50, 0xB3, 0x00, 0x00, 0x00, 0x00, 0x00,
0x00, 0x00, 0x18, 0xE8, 0x00, 0x00, 0x00, 0x00, 0xFF, 0xFF, 0xFF, 0xFF, 0xFB, 0x00, 0x00, 0x00,
0x00, 0x00, 0x00, 0x00, 0x17, 0xED, 0x00, 0x00, 0x00, 0x00, 0x00, 0x00, 0x00, 0x4C, 0xB5, 0xC5,
0x45, 0x00, 0x00, 0x00, 0x00, 0x02, 0xCB, 0x46, 0x3A, 0xE5, 0x64, 0x18, 0x05, 0x2D, 0xB2, 0x8C,
0x00, 0x00, 0x34, 0xB0, 0xE8, 0xF8, 0xCF, 0x60, 0x00, 0x00, 0xFF, 0x00, 0x00, 0x00, 0x00, 0x55,
0xC5, 0xF5, 0xF3, 0xC4, 0x56, 0x00, 0x00, 0xFF, 0x00, 0x00, 0x00, 0x8B, 0xCF, 0x47, 0x0C, 0x0B,
0x45, 0xCD, 0x8E, 0x00, 0xFF, 0x00, 0x00, 0x4A, 0xD7, 0x0C, 0x00, 0x00, 0x00, 0x00, 0x0B, 0xD5,
0x4C, 0xFF, 0x00, 0x00, 0xB6, 0x59, 0x00, 0x00, 0x00, 0x00, 0x00, 0x00, 0x56, 0xB7, 0xFF, 0x00,
0x00, 0xEE, 0x18, 0x00, 0x00, 0x00, 0x00, 0x00, 0x00, 0x16, 0xEC, 0xFF, 0xFF, 0xFF, 0xFF, 0x04,
0x00, 0x00, 0x00, 0x00, 0x00, 0x00, 0x04, 0xFA, 0xFF, 0x00, 0x00, 0xEB, 0x13, 0x00, 0x00, 0x00,
0x00, 0x00, 0x00, 0x17, 0xE9, 0xFF, 0x00, 0x00, 0xAF, 0x52, 0x00, 0x00, 0x00, 0x00, 0x00, 0x00,
0x55, 0xB3, 0xFF, 0x00, 0x00, 0x44, 0xD0, 0x08, 0x00, 0x00, 0x00, 0x00, 0x0A, 0xD2, 0x49, 0xFF,
0x00, 0x00, 0x00, 0x8B, 0xCA, 0x44, 0x0A, 0x0B, 0x45, 0xCC, 0x8E, 0x00, 0xFF, 0x00, 0x00, 0x00,
0x00, 0x5A, 0xC8, 0xF6, 0xF3, 0xC3, 0x57, 0x00, 0x00, 0x04, 0x84, 0xD8, 0xF4, 0xFF, 0xFF, 0xFF,
0xFF, 0xFF, 0x8C, 0x71, 0x16, 0x06, 0x00, 0x00, 0x00, 0x00, 0xFF, 0xEC, 0x09, 0x00, 0x00, 0x00,
0x00, 0x00, 0x00, 0xFF, 0xE8, 0x05, 0x00, 0x00, 0x00, 0x00, 0x00, 0x00, 0xFF, 0x8C, 0x85, 0x34,
0x19, 0x04, 0x00, 0x00, 0x00, 0xFF, 0x08, 0x8B, 0xE1, 0xFD, 0xFF, 0xFF, 0xFF, 0xFF, 0xFF, 0x00,
0x00, 0x15, 0xE7, 0x81, 0x0E, 0x00, 0x00, 0xFF, 0x00, 0x02, 0xAC, 0x83, 0x00, 0x00, 0x00, 0x00,
0xFF, 0x00, 0x70, 0xC1, 0x02, 0x00, 0x00, 0x00, 0x00, 0xFF, 0x1A, 0xE3, 0x1F, 0x00, 0x00, 0x00,
0x00, 0x00, 0xFF, 0xA9, 0x5C, 0x00, 0x00, 0x00, 0x00, 0x00, 0x00, 0xFF, 0x25, 0xB1, 0xE4, 0xF9,
0xD6, 0x4E, 0xCE, 0x6A, 0x0B, 0x0E, 0x7A, 0xE6, 0x00, 0x00, 0x00, 0x00, 0x07, 0xFE, 0x00, 0x3A,
0x82, 0xA9, 0xDD, 0xFF, 0x63, 0xDB, 0x65, 0x37, 0x1F, 0xFF, 0xE8, 0x1A, 0x00, 0x00, 0x2B, 0xFF,
0xDB, 0x5D, 0x08, 0x32, 0xD0, 0xFF, 0x3D, 0xD4, 0xF5, 0xD0, 0x5B, 0xFF, 0x00, 0x46, 0xBF, 0xF1,
0xFE, 0xF9, 0xAE, 0x3F, 0xB6, 0x2A, 0x07, 0x00, 0x00, 0x00, 0xAA, 0x17, 0x00, 0x00, 0x00, 0x00,
0x00, 0xBA, 0x53, 0xD6, 0xF9, 0xD4, 0x54, 0x00, 0xE9, 0xE3, 0x45, 0x0C, 0x3C, 0xDE, 0x4D, 0xFE,
0x56, 0x00, 0x00, 0x00, 0x4B, 0xC8, 0xF7, 0x13, 0x00, 0x00, 0x00, 0x0D, 0xF7, 0xE0, 0x0E, 0x00,
0x00, 0x00, 0x16, 0xF1, 0xAA, 0x4C, 0x00, 0x00, 0x00, 0x5C, 0xC1, 0x33, 0xDD, 0x44, 0x0C, 0x46,
0xE8, 0x4A, 0x00, 0x4B, 0xD2, 0xF7, 0xDE, 0x61, 0x00, 0xFF, 0xFF, 0xFF, 0xFF, 0xFA, 0x50, 0xFF,
0x00, 0x00, 0x00, 0x52, 0xFA, 0xFF, 0x00, 0x00, 0x00, 0x50, 0xF5, 0xFF, 0xFF, 0xFF, 0xFF, 0xF9,
0x3F, 0xFF, 0x00, 0x00, 0x00, 0x52, 0xF7, 0xFF, 0x00, 0x00, 0x00, 0x01, 0xFE, 0xFF, 0x00, 0x00,
0x00, 0x55, 0xEE, 0xFF, 0xFF, 0xFF, 0xFF, 0xFA, 0x4A, 0xFF, 0xFF, 0xFF, 0xFF, 0xFF, 0x00, 0x00,
0x00, 0xFF, 0x00, 0x00, 0x00, 0xFF, 0x00, 0x00, 0x00, 0xFF, 0x00, 0x00, 0x00, 0xFF, 0x00, 0x00,
0x00, 0xFF, 0x00, 0x00, 0x00, 0xFF, 0x00, 0x00, 0x00, 0x00, 0x02, 0xFF, 0xFF, 0xFF, 0xFF, 0xFF,
0x00, 0x00, 0x07, 0xF8, 0x00, 0x00, 0x00, 0xFF, 0x00, 0x00, 0x0F, 0xE9, 0x00, 0x00, 0x00, 0xFF,
0x00, 0x00, 0x26, 0xD0, 0x00, 0x00, 0x00, 0xFF, 0x00, 0x00, 0x45, 0xAD, 0x00, 0x00, 0x00, 0xFF,
0x00, 0x00, 0x79, 0x79, 0x00, 0x00, 0x00, 0xFF, 0x00, 0x00, 0xCE, 0x2D, 0x00, 0x00, 0x00, 0xFF,
0x00, 0xFF, 0xFF, 0xFF, 0xFF, 0xFF, 0xFF, 0xFF, 0xFF, 0xFF, 0x00, 0x00, 0x00, 0x00, 0x00, 0x00,
0xFF, 0xFF, 0x00, 0x00, 0x00, 0x00, 0x00, 0x00, 0xFF, 0x00, 0x80, 0xEB, 0xE7, 0x88, 0x04, 0x5D,
0x5A, 0x07, 0x08, 0x8D, 0x74, 0xC8, 0x0C, 0x00, 0x00, 0x1C, 0xD6, 0xEF, 0xFF, 0xFF, 0xFF, 0xFF,
0xF7, 0xF2, 0x08, 0x00, 0x00, 0x00, 0x00, 0xCF, 0x1E, 0x00, 0x00, 0x00, 0x00, 0x68, 0x79, 0x0C,
0x14, 0x7A, 0xBC, 0x02, 0x87, 0xEC, 0xF3, 0xB2, 0x19, 0xFB, 0xA0, 0x00, 0x00, 0xFF, 0x00, 0x00,
0x9F, 0xFB, 0x07, 0xC5, 0x3E, 0x00, 0xFF, 0x00, 0x3A, 0xCA, 0x07, 0x00, 0x4B, 0xC3, 0x0F, 0xFF,
0x0D, 0xC0, 0x4F, 0x00, 0x00, 0x00, 0xA3, 0xFF, 0xFF, 0xFF, 0xA3, 0x00, 0x00, 0x00, 0x3E, 0xD6,
0x27, 0xFF, 0x27, 0xD6, 0x3A, 0x00, 0x00, 0xC6, 0x3B, 0x00, 0xFF, 0x00, 0x3F, 0xC3, 0x00, 0x44,
0xBC, 0x00, 0x00, 0xFF, 0x00, 0x00, 0xBF, 0x41, 0xC1, 0x3E, 0x00, 0x00, 0xFF, 0x00, 0x00, 0x40,
0xC0, 0x16, 0xAB, 0xEE, 0xFF, 0xFA, 0x50, 0xBF, 0x92, 0x22, 0x00, 0x52, 0xFA, 0x00, 0x00, 0x01,
0x0B, 0x62, 0xDC, 0x00, 0x00, 0xFF, 0xFF, 0xFF, 0x7A, 0x00, 0x00, 0x00, 0x00, 0x52, 0xFB, 0x00,
0x00, 0x00, 0x00, 0x00, 0xFF, 0xCB, 0x7C, 0x1F, 0x00, 0x50, 0xFA, 0x22, 0xB5, 0xF0, 0xFF, 0xFA,
0x51, 0xFF, 0x00, 0x00, 0x00, 0x1E, 0xF1, 0xFF, 0x00, 0x00, 0x01, 0xBD, 0xFF, 0xFF, 0x00, 0x00,
0x70, 0x9A, 0xFF, 0xFF, 0x00, 0x28, 0xD2, 0x0B, 0xFF, 0xFF, 0x04, 0xC6, 0x37, 0x00, 0xFF, 0xFF,
0x7F, 0x80, 0x00, 0x00, 0xFF, 0xFF, 0xC4, 0x04, 0x00, 0x00, 0xFF, 0xF4, 0x25, 0x00, 0x00, 0x00,
0xFF, 0x00, 0xD8, 0x65, 0x0A, 0x54, 0xD7, 0x00, 0x39, 0xD1, 0xF7, 0xD0, 0x37, 0x00, 0x00, 0x00,
0x00, 0x00, 0x00, 0xFF, 0x00, 0x00, 0x00, 0x1E, 0xF1, 0xFF, 0x00, 0x00, 0x01, 0xBD, 0xFF, 0xFF,
0x00, 0x00, 0x70, 0x9A, 0xFF, 0xFF, 0x00, 0x28, 0xD2, 0x0B, 0xFF, 0xFF, 0x04, 0xC6, 0x37, 0x00,
0xFF, 0xFF, 0x7F, 0x80, 0x00, 0x00, 0xFF, 0xFF, 0xC4, 0x04, 0x00, 0x00, 0xFF, 0xF4, 0x25, 0x00,
0x00, 0x00, 0xFF, 0xFF, 0x00, 0x00, 0x16, 0xC8, 0xFD, 0xFF, 0x00, 0x00, 0xB3, 0x84, 0x02, 0xFF,
0x0B, 0x7F, 0xDD, 0x09, 0x00, 0xFF, 0xFF, 0xE9, 0x26, 0x00, 0x00, 0xFF, 0x18, 0x79, 0xC2, 0x04,
0x00, 0xFF, 0x00, 0x00, 0x87, 0x78, 0x00, 0xFF, 0x00, 0x00, 0x0A, 0xD6, 0x1F, 0xFF, 0x00, 0x00,
0x00, 0x4E, 0xB1, 0x00, 0x00, 0xFF, 0xFF, 0xFF, 0xFF, 0xFF, 0x00, 0x00, 0xFF, 0x00, 0x00, 0x00,
0xFF, 0x00, 0x00, 0xFF, 0x00, 0x00, 0x00, 0xFF, 0x00, 0x00, 0xFF, 0x00, 0x00, 0x00, 0xFF, 0x00,
0x00, 0xFF, 0x00, 0x00, 0x00, 0xFF, 0x00, 0x00, 0xFF, 0x00, 0x00, 0x00, 0xFF, 0x00, 0x50, 0xFA,
0x00, 0x00, 0x00, 0xFF, 0xF9, 0xFA, 0x51, 0x00, 0x00, 0x00, 0xFF, 0xFF, 0x9E, 0x00, 0x00, 0x00,
0x00, 0x99, 0xFF, 0xFF, 0xDB, 0x0F, 0x00, 0x00, 0x0D, 0xE9, 0xFF, 0xFF, 0x89, 0x6B, 0x00, 0x00,
0x6A, 0x9D, 0xFF, 0xFF, 0x28, 0xD1, 0x00, 0x00, 0xD2, 0x34, 0xFF, 0xFF, 0x00, 0xC9, 0x38, 0x3C,
0xCB, 0x00, 0xFF, 0xFF, 0x00, 0x69, 0x9E, 0xA5, 0x62, 0x00, 0xFF, 0xFF, 0x00, 0x10, 0xED, 0xE8,
0x0A, 0x00, 0xFF, 0xFF, 0x00, 0x00, 0xA8, 0x90, 0x00, 0x00, 0xFF, 0xFF, 0x00, 0x00, 0x00, 0x00,
0xFF, 0xFF, 0x00, 0x00, 0x00, 0x00, 0xFF, 0xFF, 0x00, 0x00, 0x00, 0x00, 0xFF, 0xFF, 0xFF, 0xFF,
0xFF, 0xFF, 0xFF, 0xFF, 0x00, 0x00, 0x00, 0x00, 0xFF, 0xFF, 0x00, 0x00, 0x00, 0x00, 0xFF, 0xFF,
0x00, 0x00, 0x00, 0x00, 0xFF, 0xFF, 0x00, 0x00, 0x00, 0x00, 0xFF, 0x02, 0x82, 0xE6, 0xF6, 0xC4,
0x29, 0x73, 0x90, 0x0D, 0x0A, 0x74, 0xA9, 0xD4, 0x21, 0x00, 0x00, 0x16, 0xE4, 0xF8, 0x07, 0x00,
0x00, 0x04, 0xF8, 0xF1, 0x07, 0x00, 0x00, 0x06, 0xFF, 0xCD, 0x22, 0x00, 0x00, 0x16, 0xFF, 0x67,
0x90, 0x0D, 0x0A, 0x74, 0xEC, 0x02, 0x8A, 0xEF, 0xEF, 0xAD, 0x31, 0xFF, 0xFF, 0xFF, 0xFF, 0xFF,
0xFF, 0xFF, 0x00, 0x00, 0x00, 0x00, 0xFF, 0xFF, 0x00, 0x00, 0x00, 0x00, 0xFF, 0xFF, 0x00, 0x00,
0x00, 0x00, 0xFF, 0xFF, 0x00, 0x00, 0x00, 0x00, 0xFF, 0xFF, 0x00, 0x00, 0x00, 0x00, 0xFF, 0xFF,
0x00, 0x00, 0x00, 0x00, 0xFF, 0xFF, 0x00, 0x00, 0x00, 0x00, 0xFF, 0xFF, 0x64, 0xE9, 0xEE, 0x9A,
0x0D, 0xFF, 0xD5, 0x2A, 0x14, 0x99, 0xA4, 0xFF, 0x48, 0x00, 0x00, 0x22, 0xE0, 0xFF, 0x10, 0x00,
0x00, 0x07, 0xF6, 0xFF, 0x0C, 0x00, 0x00, 0x06, 0xF5, 0xFF, 0x3B, 0x00, 0x00, 0x18, 0xE5, 0xFF,
0xC9, 0x20, 0x0A, 0x77, 0xA9, 0xFF, 0x72, 0xE6, 0xE7, 0x90, 0x0C, 0xFF, 0x00, 0x00, 0x00, 0x00,
0x00, 0xFF, 0x00, 0x00, 0x00, 0x00, 0x00, 0xFF, 0x00, 0x00, 0x00, 0x00, 0x00, 0x00, 0x76, 0xE3,
0xF4, 0xBA, 0x22, 0x67, 0x5F, 0x0C, 0x11, 0x6F, 0xCB, 0xCD, 0x0B, 0x00, 0x00, 0x00, 0x00, 0xF5,
0x02, 0x00, 0x00, 0x00, 0x00, 0xF0, 0x01, 0x00, 0x00, 0x00, 0x00, 0xCD, 0x07, 0x00, 0x00, 0x00,
0x00, 0x63, 0x54, 0x09, 0x12, 0x69, 0xCA, 0x01, 0x83, 0xEA, 0xF3, 0xB6, 0x1F, 0xFF, 0xFF, 0xFF,
0xFF, 0xFF, 0xFF, 0xFF, 0x00, 0x00, 0x00, 0xFF, 0x00, 0x00, 0x00, 0x00, 0x00, 0x00, 0xFF, 0x00,
0x00, 0x00, 0x00, 0x00, 0x00, 0xFF, 0x00, 0x00, 0x00, 0x00, 0x00, 0x00, 0xFF, 0x00, 0x00, 0x00,
0x00, 0x00, 0x00, 0xFF, 0x00, 0x00, 0x00, 0x00, 0x00, 0x00, 0xFF, 0x00, 0x00, 0x00, 0x00, 0x00,
0x00, 0xFF, 0x00, 0x00, 0x00, 0x2B, 0xD3, 0x00, 0x00, 0x00, 0x00, 0x09, 0xE4, 0x11, 0x00, 0xC0,
0x47, 0x00, 0x00, 0x00, 0x64, 0xA0, 0x00, 0x00, 0x55, 0xBA, 0x00, 0x00, 0x00, 0xD0, 0x38, 0x00,
0x00, 0x04, 0xE4, 0x2E, 0x00, 0x3E, 0xD1, 0x00, 0x00, 0x00, 0x00, 0x7F, 0xA0, 0x00, 0xAB, 0x69,
0x00, 0x00, 0x00, 0x00, 0x19, 0xF2, 0x26, 0xEE, 0x0E, 0x00, 0x00, 0x00, 0x00, 0x00, 0xA9, 0xD3,
0x9A, 0x00, 0x00, 0x00, 0x00, 0x00, 0x00, 0x3E, 0xFF, 0x32, 0x00, 0x00, 0x00, 0x00, 0x00, 0x00,
0x20, 0xDD, 0x00, 0x00, 0x00, 0x00, 0x00, 0x00, 0x0D, 0x8E, 0x80, 0x00, 0x00, 0x00, 0x00, 0x00,
0x00, 0xF3, 0xBF, 0x09, 0x00, 0x00, 0x00, 0x00, 0x00, 0x00, 0x00, 0x00, 0xFF, 0x00, 0x00, 0x00,
0x00, 0x00, 0x00, 0x00, 0x00, 0xFF, 0x00, 0x00, 0x00, 0x00, 0x00, 0x00, 0x00, 0x00, 0xFF, 0x00,
0x00, 0x00, 0x00, 0x0B, 0xB4, 0xF4, 0x6A, 0xFF, 0x70, 0xED, 0xB5, 0x0A, 0x7D, 0x8C, 0x11, 0x9E,
0xFF, 0xA8, 0x0B, 0x33, 0x7A, 0xD3, 0x20, 0x00, 0x2C, 0xFF, 0x2F, 0x00, 0x00, 0xD1, 0xF4, 0x05,
0x00, 0x0B, 0xFF, 0x0A, 0x00, 0x00, 0xF2, 0xF0, 0x08, 0x00, 0x0B, 0xFF, 0x05, 0x00, 0x01, 0xF1,
0xD0, 0x23, 0x00, 0x38, 0xFF, 0x2A, 0x00, 0x03, 0xD0, 0x75, 0x90, 0x14, 0xBD, 0xFF, 0xB3, 0x0C,
0x3D, 0x74, 0x08, 0xAC, 0xF0, 0x7F, 0xFF, 0x7F, 0xF3, 0xAD, 0x07, 0x00, 0x00, 0x00, 0x00, 0xFF,
0x00, 0x00, 0x00, 0x00, 0x00, 0x00, 0x00, 0x00, 0xFF, 0x00, 0x00, 0x00, 0x00, 0x00, 0x00, 0x00,
0x00, 0xFF, 0x00, 0x00, 0x00, 0x00, 0xA0, 0x5F, 0x00, 0x00, 0x00, 0x60, 0x9F, 0x0A, 0xCA, 0x29,
0x00, 0x2B, 0xCA, 0x0A, 0x00, 0x2B, 0xCA, 0x14, 0xCA, 0x2A, 0x00, 0x00, 0x00, 0x60, 0xE9, 0x5F,
0x00, 0x00, 0x00, 0x00, 0x60, 0xEB, 0x5F, 0x00, 0x00, 0x00, 0x2A, 0xCB, 0x15, 0xC8, 0x2A, 0x00,
0x0A, 0xCB, 0x2B, 0x00, 0x29, 0xC9, 0x0A, 0xA0, 0x60, 0x00, 0x00, 0x00, 0x5F, 0x9F, 0xFF, 0x00,
0x00, 0x00, 0x00, 0xFF, 0x00, 0xFF, 0x00, 0x00, 0x00, 0x00, 0xFF, 0x00, 0xFF, 0x00, 0x00, 0x00,
0x00, 0xFF, 0x00, 0xFF, 0x00, 0x00, 0x00, 0x00, 0xFF, 0x00, 0xFF, 0x00, 0x00, 0x00, 0x00, 0xFF,
0x00, 0xFF, 0x00, 0x00, 0x00, 0x00, 0xFF, 0x00, 0xFF, 0x00, 0x00, 0x00, 0x00, 0xFF, 0x00, 0xFF,
0xFF, 0xFF, 0xFF, 0xFF, 0xFF, 0xFF, 0x00, 0x00, 0x00, 0x00, 0x00, 0x00, 0xFF, 0x00, 0x00, 0x00,
0x00, 0x00, 0x00, 0xFF, 0x00, 0x00, 0x00, 0x00, 0x00, 0x00, 0xFF, 0xFF, 0x00, 0x00, 0x00, 0x00,
0xFF, 0xFF, 0x00, 0x00, 0x00, 0x00, 0xFF, 0xFA, 0x50, 0x00, 0x00, 0x00, 0xFF, 0x52, 0xF5, 0x51,
0x11, 0x46, 0xFF, 0x00, 0x52, 0xFA, 0xF0, 0xC5, 0xFF, 0x00, 0x00, 0x00, 0x00, 0x00, 0xFF, 0x00,
0x00, 0x00, 0x00, 0x00, 0xFF, 0x00, 0x00, 0x00, 0x00, 0x00, 0xFF, 0xFF, 0x00, 0x00, 0x00, 0xFF,
0x00, 0x00, 0x00, 0xFF, 0xFF, 0x00, 0x00, 0x00, 0xFF, 0x00, 0x00, 0x00, 0xFF, 0xFF, 0x00, 0x00,
0x00, 0xFF, 0x00, 0x00, 0x00, 0xFF, 0xFF, 0x00, 0x00, 0x00, 0xFF, 0x00, 0x00, 0x00, 0xFF, 0xFF,
0x00, 0x00, 0x00, 0xFF, 0x00, 0x00, 0x00, 0xFF, 0xFF, 0x00, 0x00, 0x00, 0xFF, 0x00, 0x00, 0x00,
0xFF, 0xFF, 0x00, 0x00, 0x00, 0xFF, 0x00, 0x00, 0x00, 0xFF, 0xFF, 0xFF, 0xFF, 0xFF, 0xFF, 0xFF,
0xFF, 0xFF, 0xFF, 0xFF, 0x00, 0x00, 0x00, 0xFF, 0x00, 0x00, 0x00, 0xFF, 0x00, 0xFF, 0x00, 0x00,
0x00, 0xFF, 0x00, 0x00, 0x00, 0xFF, 0x00, 0xFF, 0x00, 0x00, 0x00, 0xFF, 0x00, 0x00, 0x00, 0xFF,
0x00, 0xFF, 0x00, 0x00, 0x00, 0xFF, 0x00, 0x00, 0x00, 0xFF, 0x00, 0xFF, 0x00, 0x00, 0x00, 0xFF,
0x00, 0x00, 0x00, 0xFF, 0x00, 0xFF, 0x00, 0x00, 0x00, 0xFF, 0x00, 0x00, 0x00, 0xFF, 0x00, 0xFF,
0x00, 0x00, 0x00, 0xFF, 0x00, 0x00, 0x00, 0xFF, 0x00, 0xFF, 0xFF, 0xFF, 0xFF, 0xFF, 0xFF, 0xFF,
0xFF, 0xFF, 0xFF, 0x00, 0x00, 0x00, 0x00, 0x00, 0x00, 0x00, 0x00, 0x00, 0xFF, 0x00, 0x00, 0x00,
0x00, 0x00, 0x00, 0x00, 0x00, 0x00, 0xFF, 0x00, 0x00, 0x00, 0x00, 0x00, 0x00, 0x00, 0x00, 0x00,
0xFF, 0xFF, 0xFF, 0xFF, 0x00, 0x00, 0x00, 0x00, 0x00, 0x00, 0xFF, 0x00, 0x00, 0x00, 0x00, 0x00,
0x00, 0xFF, 0x00, 0x00, 0x00, 0x00, 0x00, 0x00, 0xFF, 0xFF, 0xF6, 0xC3, 0x28, 0x00, 0x00, 0xFF,
0x00, 0x08, 0x67, 0xC5, 0x00, 0x00, 0xFF, 0x00, 0x00, 0x09, 0xF5, 0x00, 0x00, 0xFF, 0x00, 0x09,
0x6A, 0xCC, 0x00, 0x00, 0xFF, 0xFF, 0xFC, 0xD1, 0x33, 0xFF, 0x00, 0x00, 0x00, 0x00, 0x00, 0x00,
0x00, 0xFF, 0xFF, 0x00, 0x00, 0x00, 0x00, 0x00, 0x00, 0x00, 0xFF, 0xFF, 0x00, 0x00, 0x00, 0x00,
0x00, 0x00, 0x00, 0xFF, 0xFF, 0xFF, 0xFF, 0xFF, 0xFA, 0x50, 0x00, 0x00, 0xFF, 0xFF, 0x00, 0x00,
0x00, 0x52, 0xFA, 0x00, 0x00, 0xFF, 0xFF, 0x00, 0x00, 0x00, 0x00, 0xFF, 0x00, 0x00, 0xFF, 0xFF,
0x00, 0x00, 0x00, 0x50, 0xFA, 0x00, 0x00, 0xFF, 0xFF, 0xFF, 0xFF, 0xFF, 0xFA, 0x51, 0x00, 0x00,
0xFF, 0xFF, 0x00, 0x00, 0x00, 0x00, 0x00, 0xFF, 0x00, 0x00, 0x00, 0x00, 0x00, 0xFF, 0x00, 0x00,
0x00, 0x00, 0x00, 0xFF, 0xFF, 0xFF, 0xFF, 0xFA, 0x50, 0xFF, 0x00, 0x00, 0x00, 0x52, 0xFA, 0xFF,
0x00, 0x00, 0x00, 0x00, 0xFF, 0xFF, 0x00, 0x00, 0x00, 0x50, 0xFA, 0xFF, 0xFF, 0xFF, 0xFF, 0xFA,
0x51, 0x23, 0xBA, 0xF3, 0xCF, 0x37, 0x00, 0xCC, 0x69, 0x09, 0x23, 0xBA, 0x36, 0x00, 0x00, 0x00,
0x00, 0x27, 0xBC, 0x00, 0x00, 0xFF, 0xFF, 0xFF, 0xF4, 0x00, 0x00, 0x00, 0x00, 0x16, 0xD0, 0x00,
0x00, 0x00, 0x00, 0x52, 0x6E, 0xC9, 0x69, 0x0A, 0x27, 0xBA, 0x09, 0x1F, 0xB4, 0xF2, 0xE7, 0x3E,
0x00, 0xFF, 0x00, 0x00, 0x09, 0x98, 0xEC, 0xEF, 0xB5, 0x3D, 0x00, 0xFF, 0x00, 0x00, 0x8A, 0x78,
0x0B, 0x08, 0x52, 0xF4, 0x02, 0xFF, 0x00, 0x00, 0xE1, 0x16, 0x00, 0x00, 0x07, 0xFF, 0x03, 0xFF,
0xFF, 0xFF, 0xFF, 0x03, 0x00, 0x00, 0x02, 0xFF, 0x00, 0xFF, 0x00, 0x00, 0xEF, 0x06, 0x00, 0x00,
0x01, 0xF9, 0x00, 0xFF, 0x00, 0x00, 0xCA, 0x18, 0x00, 0x00, 0x08, 0xEB, 0x00, 0xFF, 0x00, 0x00,
0x79, 0x79, 0x0A, 0x07, 0x50, 0xC3, 0x00, 0xFF, 0x00, 0x00, 0x0B, 0xA8, 0xF4, 0xF8, 0xD2, 0x44,
0x00, 0x00, 0x51, 0xFA, 0xFF, 0xFF, 0xFF, 0xFF, 0x00, 0xFA, 0x50, 0x00, 0x00, 0x00, 0xFF, 0x00,
0xFF, 0x00, 0x00, 0x00, 0x00, 0xFF, 0x00, 0xFA, 0x51, 0x00, 0x00, 0x00, 0xFF, 0x00, 0x46, 0xA9,
0xFF, 0xFF, 0xFF, 0xFF, 0x00, 0x0F, 0xD0, 0x26, 0x00, 0x00, 0xFF, 0x00, 0x95, 0x64, 0x00, 0x00,
0x00, 0xFF, 0x34, 0xC5, 0x01, 0x00, 0x00, 0x00, 0xFF, 0x00, 0x00, 0xC0, 0x3F, 0x00, 0x00, 0x00,
0x00, 0x40, 0xBF, 0x00, 0x00, 0x00, 0x00, 0x00, 0x00, 0x00, 0x00, 0x00, 0x80, 0xEB, 0xE7, 0x88,
0x04, 0x5D, 0x5A, 0x07, 0x08, 0x8D, 0x74, 0xC8, 0x0C, 0x00, 0x00, 0x1C, 0xD6, 0xEF, 0xFF, 0xFF,
0xFF, 0xFF, 0xF7, 0xF2, 0x08, 0x00, 0x00, 0x00, 0x00, 0xCF, 0x1E, 0x00, 0x00, 0x00, 0x00, 0x68,
0x79, 0x0C, 0x14, 0x7A, 0xBC, 0x02, 0x87, 0xEC, 0xF3, 0xB2, 0x19, 0x00, 0x00, 0xFF, 0x00, 0xFF,
0x00, 0x00, 0x00, 0x00, 0x00, 0x00, 0x00, 0x00, 0x80, 0xEB, 0xE7, 0x88, 0x04, 0x5D, 0x5A, 0x07,
0x08, 0x8D, 0x74, 0xC8, 0x0C, 0x00, 0x00, 0x1C, 0xD6, 0xEF, 0xFF, 0xFF, 0xFF, 0xFF, 0xF7, 0xF2,
0x08, 0x00, 0x00, 0x00, 0x00, 0xCF, 0x1E, 0x00, 0x00, 0x00, 0x00, 0x68, 0x79, 0x0C, 0x14, 0x7A,
0xBC, 0x02, 0x87, 0xEC, 0xF3, 0xB2, 0x19, 0x00, 0xFF, 0x00, 0x00, 0x00, 0x00, 0x00, 0xFF, 0xFF,
0xFF, 0xFF, 0xFF, 0x00, 0x00, 0x00, 0xFF, 0x00, 0x00, 0x00, 0x00, 0x00, 0x00, 0xFF, 0x5F, 0xDE,
0xF5, 0xC2, 0x2A, 0x00, 0xFF, 0xBB, 0x28, 0x0D, 0x8B, 0xC4, 0x00, 0xFF, 0x25, 0x00, 0x00, 0x0F,
0xF7, 0x00, 0xFF, 0x02, 0x00, 0x00, 0x00, 0xFF, 0x00, 0xFF, 0x00, 0x00, 0x00, 0x00, 0xFF, 0x00,
0xFF, 0x00, 0x00, 0x00, 0x00, 0xFF, 0x00, 0xFF, 0x00, 0x00, 0x00, 0x00, 0xFF, 0x00, 0xFF, 0x00,
0x00, 0x00, 0x00, 0xFF, 0x00, 0x00, 0x00, 0x00, 0x00, 0x04, 0xFC, 0x00, 0x00, 0x00, 0x00, 0x00,
0x41, 0xE2, 0x00, 0x00, 0x00, 0x00, 0xE2, 0xEB, 0x5F, 0x00, 0x00, 0x40, 0xBF, 0x00, 0x00, 0xC0,
0x3F, 0x00, 0x00, 0x00, 0x00, 0xFF, 0xFF, 0xFF, 0xFF, 0xFF, 0x00, 0x00, 0x00, 0xFF, 0x00, 0x00,
0x00, 0xFF, 0x00, 0x00, 0x00, 0xFF, 0x00, 0x00, 0x00, 0xFF, 0x00, 0x00, 0x00, 0xFF, 0x00, 0x00,
0x00, 0xFF, 0x00, 0x00, 0x00, 0x00, 0x37, 0xCF, 0xF3, 0xBA, 0x23, 0x36, 0xBA, 0x23, 0x0A, 0x6A,
0xCC, 0xBD, 0x27, 0x00, 0x00, 0x00, 0x00, 0xF5, 0xFF, 0xFF, 0xFF, 0x00, 0x00, 0xD0, 0x15, 0x00,
0x00, 0x00, 0x00, 0x6E, 0x51, 0x00, 0x00, 0x00, 0x00, 0x09, 0xBA, 0x27, 0x0A, 0x69, 0xC9, 0x00,
0x3E, 0xE8, 0xF2, 0xB4, 0x1F, 0x51, 0xFA, 0xFF, 0xE7, 0xB5, 0x2C, 0xFA, 0x51, 0x00, 0x0C, 0x69,
0xD4, 0xEB, 0x5C, 0x00, 0x00, 0x00, 0x00, 0x4C, 0xFF, 0xB3, 0x51, 0x4F, 0x00, 0x00, 0x30, 0x66,
0x9C, 0xE4, 0x5C, 0x00, 0x00, 0x00, 0x00, 0x32, 0xFF, 0xCD, 0x69, 0x0D, 0x00, 0x50, 0xFA, 0x26,
0xBA, 0xF1, 0xFF, 0xFA, 0x51, 0xFF, 0x00, 0x00, 0xFF, 0xFF, 0xFF, 0xFF, 0xFF, 0xFF, 0xFF, 0xFF,
0xFF, 0x00, 0xFF, 0x00, 0x00, 0x00, 0x00, 0xFF, 0x00, 0x00, 0xFF, 0x00, 0x00, 0xFF, 0x00, 0x00,
0xFF, 0x00, 0x00, 0xFF, 0x00, 0x00, 0xFF, 0x00, 0x00, 0xFF, 0x00, 0x00, 0xFF, 0x00, 0x00, 0x00,
0xFF, 0x00, 0x00, 0x00, 0x00, 0x00, 0x00, 0x00, 0x00, 0xFF, 0x00, 0x00, 0xFF, 0x00, 0x00, 0xFF,
0x00, 0x00, 0xFF, 0x00, 0x00, 0xFF, 0x00, 0x00, 0xFF, 0x00, 0x00, 0xFF, 0x00, 0x00, 0xFF, 0x00,
0x00, 0xFF, 0x0A, 0x51, 0xFA, 0x8E, 0xF9, 0x51, 0x00, 0x00, 0xFF, 0xFF, 0xFF, 0xFF, 0xFF, 0xFF,
0x00, 0x00, 0x00, 0x00, 0x00, 0x00, 0x00, 0xFF, 0x00, 0x00, 0x00, 0x00, 0xFF, 0x00, 0x00, 0x00,
0x00, 0x00, 0x00, 0x00, 0xFF, 0x00, 0x00, 0x00, 0x00, 0xFF, 0x00, 0x00, 0x00, 0x00, 0x00, 0x00,
0x00, 0xFF, 0x00, 0x00, 0x00, 0x00, 0xFF, 0xFF, 0xFE, 0xE6, 0xA0, 0x16, 0x00, 0x00, 0xFF, 0x00,
0x00, 0x00, 0x00, 0xFF, 0x00, 0x00, 0x10, 0x7F, 0xB8, 0x00, 0x02, 0xFB, 0x00, 0x00, 0x00, 0x00,
0xFF, 0x00, 0x00, 0x00, 0x0C, 0xF3, 0x00, 0x24, 0xE7, 0x00, 0x00, 0x00, 0x00, 0xFF, 0x00, 0x02,
0x18, 0x84, 0xC0, 0xF4, 0xED, 0x73, 0x00, 0x00, 0x00, 0x00, 0xFF, 0xFF, 0xFF, 0xF1, 0xB9, 0x22,
0xFF, 0x00, 0x00, 0x00, 0xFF, 0x00, 0x00, 0x00, 0x00, 0x00, 0xFF, 0x00, 0x00, 0x00, 0xFF, 0x00,
0x00, 0x00, 0x00, 0x00, 0xFF, 0x00, 0x00, 0x00, 0xFF, 0x00, 0x00, 0x00, 0x00, 0x00, 0xFF, 0xFF,
0xFF, 0xFF, 0xFF, 0xFF, 0xFE, 0xE6, 0xA0, 0x16, 0xFF, 0x00, 0x00, 0x00, 0xFF, 0x00, 0x00, 0x10,
0x7F, 0xB8, 0xFF, 0x00, 0x00, 0x00, 0xFF, 0x00, 0x00, 0x00, 0x0C, 0xF3, 0xFF, 0x00, 0x00, 0x00,
0xFF, 0x00, 0x02, 0x17, 0x84, 0xC0, 0xFF, 0x00, 0x00, 0x00, 0xFF, 0xFF, 0xFF, 0xF1, 0xB9, 0x22,
0x00, 0xFF, 0x00, 0x00, 0x00, 0x00, 0x00, 0xFF, 0xFF, 0xFF, 0xFF, 0xFF, 0x00, 0x00, 0x00, 0xFF,
0x00, 0x00, 0x00, 0x00, 0x00, 0x00, 0xFF, 0x5F, 0xDE, 0xF5, 0xC1, 0x28, 0x00, 0xFF, 0xBB, 0x28,
0x0D, 0x8B, 0xC1, 0x00, 0xFF, 0x25, 0x00, 0x00, 0x0F, 0xF6, 0x00, 0xFF, 0x02, 0x00, 0x00, 0x00,
0xFF, 0x00, 0xFF, 0x00, 0x00, 0x00, 0x00, 0xFF, 0x00, 0xFF, 0x00, 0x00, 0x00, 0x00, 0xFF, 0x00,
0xFF, 0x00, 0x00, 0x00, 0x00, 0xFF, 0x00, 0xFF, 0x00, 0x00, 0x00, 0x00, 0xFF, 0x00, 0x00, 0x40,
0xBF, 0x00, 0x00, 0x00, 0x00, 0xC0, 0x3F, 0x00, 0x00, 0x00, 0x00, 0x00, 0x00, 0x00, 0x00, 0xFF,
0x00, 0x00, 0x16, 0xC8, 0xFD, 0xFF, 0x00, 0x00, 0xB3, 0x84, 0x02, 0xFF, 0x0B, 0x7F, 0xDD, 0x09,
0x00, 0xFF, 0xFF, 0xE9, 0x26, 0x00, 0x00, 0xFF, 0x18, 0x79, 0xC2, 0x04, 0x00, 0xFF, 0x00, 0x00,
0x87, 0x78, 0x00, 0xFF, 0x00, 0x00, 0x0A, 0xD6, 0x1F, 0xFF, 0x00, 0x00, 0x00, 0x4E, 0xB1, 0x00,
0x00, 0xC0, 0x3F, 0x00, 0x00, 0x00, 0x00, 0x40, 0xBF, 0x00, 0x00, 0x00, 0x00, 0x00, 0x00, 0x00,
0x00, 0xFF, 0x00, 0x00, 0x00, 0x1E, 0xF1, 0xFF, 0x00, 0x00, 0x01, 0xBD, 0xFF, 0xFF, 0x00, 0x00,
0x70, 0x9A, 0xFF, 0xFF, 0x00, 0x28, 0xD2, 0x0B, 0xFF, 0xFF, 0x04, 0xC6, 0x37, 0x00, 0xFF, 0xFF,
0x7F, 0x80, 0x00, 0x00, 0xFF, 0xFF, 0xC4, 0x04, 0x00, 0x00, 0xFF, 0xF4, 0x25, 0x00, 0x00, 0x00,
0xFF, 0x00, 0x00, 0xD8, 0x65, 0x0A, 0x54, 0xD7, 0x00, 0x00, 0x00, 0x00, 0x39, 0xD1, 0xF7, 0xD0,
0x37, 0x00, 0x00, 0x00, 0x00, 0x00, 0x00, 0x00, 0x00, 0x00, 0x00, 0x00, 0x2B, 0xD3, 0x00, 0x00,
0x00, 0x00, 0x09, 0xE4, 0x11, 0x00, 0xC0, 0x47, 0x00, 0x00, 0x00, 0x64, 0xA0, 0x00, 0x00, 0x55,
0xBA, 0x00, 0x00, 0x00, 0xD0, 0x38, 0x00, 0x00, 0x04, 0xE4, 0x2E, 0x00, 0x3E, 0xD1, 0x00, 0x00,
0x00, 0x00, 0x7F, 0xA0, 0x00, 0xAB, 0x69, 0x00, 0x00, 0x00, 0x00, 0x19, 0xF2, 0x26, 0xEE, 0x0E,
0x00, 0x00, 0x00, 0x00, 0x00, 0xA9, 0xD3, 0x9A, 0x00, 0x00, 0x00, 0x00, 0x00, 0x00, 0x3E, 0xFF,
0x32, 0x00, 0x00, 0x00, 0x00, 0x00, 0x00, 0x20, 0xDD, 0x00, 0x00, 0x00, 0x00, 0x00, 0x00, 0x0D,
0x8E, 0x80, 0x00, 0x00, 0x00, 0x00, 0x00, 0x00, 0xF3, 0xBF, 0x09, 0x00, 0x00, 0x00, 0x00, 0xFF,
0x00, 0x00, 0x00, 0x00, 0xFF, 0xFF, 0x00, 0x00, 0x00, 0x00, 0xFF, 0xFF, 0x00, 0x00, 0x00, 0x00,
0xFF, 0xFF, 0x00, 0x00, 0x00, 0x00, 0xFF, 0xFF, 0x00, 0x00, 0x00, 0x00, 0xFF, 0xFF, 0x00, 0x00,
0x00, 0x00, 0xFF, 0xFF, 0x00, 0x00, 0x00, 0x00, 0xFF, 0xFF, 0xFF, 0xFF, 0xFF, 0xFF, 0xFF, 0x00,
0x00, 0x00, 0xFF, 0x00, 0x00, 0x00, 0x00, 0x00, 0xFF, 0x00, 0x00, 0x00, 0x00, 0x00, 0xFF, 0x00,
0x00, 0x00, 0x00, 0x31, 0xB0, 0xF0, 0xF6, 0xC8, 0x51, 0x00, 0x51, 0xC8, 0xF7, 0xF1, 0xB7, 0x3A,
0x00, 0x00, 0x00, 0x5D, 0xBA, 0x3A, 0x09, 0x21, 0x8D, 0x90, 0x00, 0x91, 0x8A, 0x20, 0x09, 0x3B,
0xBD, 0x66, 0x00, 0x32, 0xCD, 0x06, 0x00, 0x00, 0x00, 0x00, 0x00, 0x00, 0x00, 0x00, 0x00, 0x00,
0x00, 0x06, 0xCF, 0x35, 0xA8, 0x58, 0x00, 0x00, 0x00, 0x00, 0x00, 0x00, 0x00, 0x00, 0x00, 0x00,
0x00, 0x00, 0x00, 0x59, 0xAA, 0xE7, 0x20, 0x00, 0x00, 0x00, 0x00, 0x00, 0x00, 0x00, 0x00, 0x00,
0x00, 0x00, 0x00, 0x00, 0x21, 0xE7, 0xFA, 0x08, 0x00, 0x00, 0x00, 0x00, 0x00, 0x00, 0xFF, 0x00,
0x00, 0x00, 0x00, 0x00, 0x00, 0x08, 0xFA, 0xE9, 0x22, 0x00, 0x00, 0x00, 0x00, 0x00, 0x00, 0xFF,
0x00, 0x00, 0x00, 0x00, 0x00, 0x00, 0x23, 0xE8, 0xAA, 0x59, 0x00, 0x00, 0x00, 0x00, 0x00, 0x00,
0xFF, 0x00, 0x00, 0x00, 0x00, 0x00, 0x00, 0x5A, 0xA9, 0x32, 0xD2, 0x07, 0x00, 0x00, 0x00, 0x00,
0x02, 0xFF, 0x02, 0x00, 0x00, 0x00, 0x00, 0x07, 0xD2, 0x32, 0x00, 0x5F, 0xC1, 0x3C, 0x09, 0x0F,
0x4D, 0xC6, 0xF3, 0xC6, 0x4D, 0x0F, 0x09, 0x3D, 0xC2, 0x5F, 0x00, 0x00, 0x00, 0x4B, 0xC3, 0xF4,
0xF6, 0xC8, 0x67, 0x07, 0x67, 0xC8, 0xF6, 0xF4, 0xC3, 0x4B, 0x00, 0x00, 0xF9, 0x06, 0x00, 0xF8,
0x06, 0x00, 0x00, 0x34, 0xC9, 0xE7, 0x15, 0x00, 0xE6, 0x15, 0x00, 0x00, 0x9D, 0x5C, 0xCA, 0x2C,
0x00, 0xC9, 0x2C, 0x00, 0x0F, 0xDE, 0x06, 0x90, 0x61, 0x00, 0xAC, 0x65, 0x00, 0x6D, 0x83, 0x00,
0x35, 0xBD, 0x05, 0xEB, 0xC0, 0x00, 0xCF, 0x1B, 0x00, 0x00, 0xD4, 0x69, 0xB0, 0xD9, 0x5C, 0xAA,
0x00, 0x00, 0x00, 0x79, 0xF5, 0x73, 0x70, 0xF4, 0x3E, 0x00, 0x00, 0x00, 0x1D, 0xFD, 0x39, 0x0F,
0xC5, 0x00, 0x00, 0x00, 0x00, 0x00, 0x00, 0xFF, 0x00, 0x00, 0x00, 0x00, 0x00, 0x00, 0x00, 0x00,
0x00, 0x00, 0xFF, 0x00, 0x00, 0x00, 0x00, 0x00, 0x00, 0x00, 0xFF, 0xFF, 0xFF, 0xFF, 0xFF, 0xFF,
0xFF, 0x00, 0x00, 0x00, 0x00, 0x00, 0x00, 0x00, 0xFF, 0x00, 0x00, 0x00, 0x00, 0x00, 0x00, 0x00,
0x00, 0x00, 0x00, 0xFF, 0x00, 0x00, 0x00, 0x00, 0x00, 0x00, 0x00, 0x00, 0x00, 0x00, 0xFF, 0xFF,
0xFF, 0xFF, 0xF6, 0xD7, 0x7E, 0x05, 0x00, 0x00, 0x00, 0xFF, 0x00, 0x00, 0x02, 0x0A, 0x29, 0x8E,
0x8E, 0x00, 0x00, 0x00, 0xFF, 0x00, 0x00, 0x00, 0x00, 0x00, 0x01, 0xEA, 0x00, 0x00, 0x00, 0xFF,
0x00, 0x00, 0x00, 0x00, 0x00, 0x16, 0xE5, 0x00, 0x00, 0x00, 0xFF, 0x00, 0x00, 0x00, 0x08, 0x28,
0x9E, 0x8F, 0x00, 0x00, 0x00, 0xFF, 0xFF, 0xFF, 0xFF, 0xF3, 0xD5, 0x79, 0x06, 0x00, 0x00, 0xFF,
0x00, 0x00, 0x00, 0x00, 0x00, 0x00, 0x00, 0xFF, 0x00, 0x00, 0x00, 0x00, 0x00, 0x00, 0x00, 0xFF,
0x00, 0x00, 0x00, 0x00, 0x00, 0xFF, 0xFF, 0xFF, 0xFF, 0xFF, 0x00, 0x00, 0x00, 0x00, 0x00, 0xFF,
0x00, 0x00, 0x00, 0x00, 0x00, 0x00, 0x00, 0xFF, 0x00, 0x00, 0x00, 0x00, 0x00, 0x00, 0x00, 0xFF,
0xFF, 0xFE, 0xE8, 0xA3, 0x1B, 0x00, 0x00, 0xFF, 0x00, 0x01, 0x17, 0x88, 0xC3, 0x00, 0x00, 0xFF,
0x00, 0x00, 0x00, 0x0E, 0xF5, 0x00, 0x00, 0xFF, 0x00, 0x02, 0x1A, 0x8C, 0xC1, 0x00, 0x00, 0xFF,
0xFF, 0xFF, 0xF3, 0xB7, 0x1F, 0xFF, 0x00, 0x00, 0x00, 0x00, 0x5C, 0xC9, 0xF3, 0xE8, 0xAF, 0x32,
0x00, 0xFF, 0x00, 0x00, 0x00, 0x90, 0xB8, 0x35, 0x07, 0x14, 0x5C, 0xE2, 0x3A, 0xFF, 0x00, 0x00,
0x42, 0xCE, 0x03, 0x00, 0x00, 0x00, 0x00, 0x43, 0xC6, 0xFF, 0x00, 0x00, 0xB1, 0x4E, 0x00, 0x00,
0x00, 0x00, 0x00, 0x00, 0x00, 0xFF, 0x00, 0x00, 0xEB, 0x18, 0x00, 0x00, 0x00, 0x00, 0x00, 0x00,
0x00, 0xFF, 0xFF, 0xFF, 0xFF, 0xFF, 0xFF, 0xFF, 0xFF, 0x00, 0x00, 0x00, 0x00, 0xFF, 0x00, 0x00,
0xEA, 0x16, 0x00, 0x00, 0x00, 0x00, 0x00, 0x00, 0x00, 0xFF, 0x00, 0x00, 0xBD, 0x4D, 0x00, 0x00,
0x00, 0x00, 0x00, 0x00, 0x00, 0xFF, 0x00, 0x00, 0x59, 0xC9, 0x02, 0x00, 0x00, 0x00, 0x00, 0x46,
0xC4, 0xFF, 0x00, 0x00, 0x02, 0xB8, 0xB1, 0x2C, 0x05, 0x18, 0x64, 0xE6, 0x3A, 0xFF, 0x00, 0x00,
0x00, 0x05, 0x74, 0xD5, 0xF8, 0xE8, 0xB0, 0x34, 0x00, 0xFF, 0x00, 0x00, 0x00, 0x63, 0xE0, 0xF4,
0xBA, 0x23, 0xFF, 0x00, 0x00, 0x5B, 0xC2, 0x24, 0x0A, 0x6A, 0xCD, 0xFF, 0x00, 0x00, 0xD2, 0x27,
0x00, 0x00, 0x00, 0x00, 0xFF, 0xFF, 0xFF, 0xFF, 0xFF, 0xFF, 0xFF, 0x00, 0x00, 0xFF, 0x00, 0x00,
0xEE, 0x15, 0x00, 0x00, 0x00, 0x00, 0xFF, 0x00, 0x00, 0xC3, 0x51, 0x00, 0x00, 0x00, 0x00, 0xFF,
0x00, 0x00, 0x5E, 0xD6, 0x27, 0x0A, 0x69, 0xC9, 0xFF, 0x00, 0x00, 0x00, 0x74, 0xEC, 0xF0, 0xB3,
0x1F, 0x00, 0x00, 0x00, 0x00, 0x42, 0xFF, 0x45, 0x00, 0x00, 0x00, 0x00, 0x00, 0x00, 0x00, 0x00,
0xB6, 0x8C, 0xB8, 0x00, 0x00, 0x00, 0x00, 0x00, 0x00, 0x00, 0x2A, 0xD1, 0x01, 0xD1, 0x2C, 0x00,
0x00, 0x00, 0x00, 0x00, 0x00, 0x9D, 0x5F, 0x00, 0x60, 0x9F, 0x00, 0x00, 0x00, 0x00, 0x00, 0x18,
0xDF, 0x06, 0x00, 0x06, 0xE0, 0x19, 0x00, 0x00, 0x00, 0x00, 0x84, 0x79, 0x00, 0x00, 0x00, 0x7A,
0x85, 0x00, 0x00, 0x00, 0x0A, 0xED, 0xFF, 0xFF, 0xFF, 0xFF, 0xFF, 0xED, 0x0B, 0x00, 0x00, 0x6C,
0x91, 0x00, 0x00, 0xFF, 0x00, 0x00, 0x93, 0x6C, 0x00, 0x02, 0xD9, 0x21, 0x00, 0x00, 0xFF, 0x00,
0x00, 0x21, 0xD9, 0x02, 0x53, 0xA9, 0x00, 0x00, 0x00, 0xFF, 0x00, 0x00, 0x00, 0xAB, 0x52, 0xC6,
0x35, 0x00, 0x00, 0x00, 0xFF, 0x00, 0x00, 0x00, 0x36, 0xC5, 0x00, 0x00, 0x01, 0xB0, 0x01, 0x00,
0x00, 0x00, 0x00, 0x46, 0xFF, 0x44, 0x00, 0x00, 0x00, 0x00, 0xB1, 0x95, 0xB0, 0x00, 0x00, 0x00,
0x1F, 0xDB, 0x04, 0xD9, 0x1E, 0x00, 0x00, 0x88, 0xFF, 0xFF, 0xFF, 0x87, 0x00, 0x07, 0xE1, 0x10,
0xFF, 0x13, 0xE2, 0x07, 0x5F, 0x9B, 0x00, 0xFF, 0x00, 0x9F, 0x5E, 0xCA, 0x31, 0x00, 0xFF, 0x00,
0x32, 0xC9, 0xFF, 0x00, 0x00, 0x00, 0x00, 0x42, 0xFF, 0x48, 0x00, 0x00, 0x00, 0x00, 0xFF, 0x00,
0x00, 0x00, 0x00, 0xB5, 0x8C, 0xBB, 0x00, 0x00, 0x00, 0x00, 0xFF, 0x00, 0x00, 0x00, 0x29, 0xD1,
0x01, 0xD2, 0x2F, 0x00, 0x00, 0x00, 0xFF, 0x00, 0x00, 0x00, 0x9C, 0x5F, 0x00, 0x60, 0xA1, 0x00,
0x00, 0x00, 0xFF, 0x00, 0x00, 0x16, 0xDE, 0x06, 0x00, 0x06, 0xE0, 0x1A, 0x00, 0x00, 0xFF, 0x00,
0x00, 0x82, 0x79, 0x00, 0x00, 0x00, 0x7A, 0x87, 0x00, 0x00, 0xFF, 0xFF, 0xFF, 0xFF, 0xFF, 0xFF,
0xFF, 0xFF, 0xFF, 0xEE, 0x0B, 0x00, 0xFF, 0x00, 0x6B, 0x8D, 0x00, 0x00, 0xFF, 0x00, 0x00, 0x93,
0x6D, 0x00, 0xFF, 0x02, 0xD7, 0x1F, 0x00, 0x00, 0xFF, 0x00, 0x00, 0x22, 0xDA, 0x02, 0xFF, 0x53,
0xA7, 0x00, 0x00, 0x00, 0xFF, 0x00, 0x00, 0x00, 0xAD, 0x53, 0xFF, 0xC6, 0x35, 0x00, 0x00, 0x00,
0xFF, 0x00, 0x00, 0x00, 0x3A, 0xC6, 0xFF, 0x00, 0x00, 0x00, 0x01, 0xB7, 0x01, 0x00, 0x00, 0xFF,
0x00, 0x00, 0x00, 0x49, 0xFF, 0x47, 0x00, 0x00, 0xFF, 0x00, 0x00, 0x00, 0xB4, 0x94, 0xB2, 0x00,
0x00, 0xFF, 0x00, 0x00, 0x20, 0xD9, 0x03, 0xD9, 0x20, 0x00, 0xFF, 0xFF, 0xFF, 0xFF, 0xFF, 0xFF,
0xFF, 0x88, 0x00, 0xFF, 0x00, 0x08, 0xE2, 0x10, 0xFF, 0x11, 0xE1, 0x08, 0xFF, 0x00, 0x60, 0x9B,
0x00, 0xFF, 0x00, 0x9C, 0x5E, 0xFF, 0x00, 0xCA, 0x31, 0x00, 0xFF, 0x00, 0x31, 0xC9, 0x10, 0xEB,
0xFF, 0xFF, 0xFF, 0xFF, 0xFF, 0xFF, 0xAE, 0x00, 0x00, 0x6B, 0x97, 0x00, 0x00, 0x00, 0x15, 0xCF,
0x14, 0x00, 0x00, 0x04, 0xD2, 0x2B, 0x00, 0x00, 0xAF, 0x48, 0x00, 0x00, 0x00, 0x00, 0x49, 0xB7,
0x00, 0x64, 0x94, 0x00, 0x00, 0x00, 0x00, 0x00, 0x00, 0xB8, 0x6B, 0xCB, 0x09, 0x00, 0x00, 0x00,
0x00, 0x31, 0xB6, 0xF5, 0xFF, 0xFB, 0xD4, 0x84, 0x11, 0x00, 0x33, 0xEC, 0x6F, 0x1D, 0xFF, 0x0C,
0x31, 0x88, 0xD9, 0x18, 0xB0, 0x66, 0x00, 0x00, 0xFF, 0x00, 0x00, 0x00, 0x7A, 0x9A, 0xEC, 0x18,
0x00, 0x00, 0xFF, 0x00, 0x00, 0x00, 0x21, 0xE4, 0xFE, 0x02, 0x00, 0x00, 0xFF, 0x00, 0x00, 0x00,
0x05, 0xFC, 0xFF, 0x00, 0x00, 0x00, 0xFF, 0x00, 0x00, 0x00, 0x00, 0xFF, 0x1C, 0xFA, 0xFF, 0xFF,
0xFF, 0xFB, 0x20, 0x00, 0xA3, 0x5D, 0x00, 0x55, 0xA4, 0x00, 0x00, 0x2F, 0xD0, 0x00, 0xCB, 0x2E,
0x00, 0x00, 0x00, 0xBA, 0x8A, 0xB7, 0x00, 0x00, 0x1F, 0xBA, 0xF8, 0xFF, 0xF7, 0xBA, 0x1F, 0xAF,
0x8D, 0x10, 0xFF, 0x10, 0x90, 0xAF, 0xEA, 0x17, 0x00, 0xFF, 0x00, 0x18, 0xE9, 0xFD, 0x02, 0x00,
0xFF, 0x00, 0x02, 0xFC, 0xFF, 0x00, 0x00, 0x2A, 0xF1, 0xFF, 0xFF, 0xFF, 0xFF, 0xFF, 0xFF, 0xFF,
0xAE, 0x00, 0xFF, 0x00, 0x00, 0x00, 0x4C, 0xAC, 0x01, 0x00, 0x00, 0x00, 0x15, 0xCF, 0x14, 0x00,
0xFF, 0x00, 0x00, 0x00, 0x00, 0x78, 0x82, 0x00, 0x00, 0x00, 0xAF, 0x48, 0x00, 0x00, 0xFF, 0x00,
0x00, 0x00, 0x00, 0x00, 0xA5, 0x55, 0x00, 0x64, 0x94, 0x00, 0x00, 0x00, 0xFF, 0x00, 0x00, 0x00,
0x00, 0x00, 0x09, 0xC1, 0x54, 0xCB, 0x09, 0x00, 0x00, 0x00, 0xFF, 0xFF, 0xFF, 0xFF, 0xFF, 0xFF,
0xFF, 0xFF, 0xFF, 0xFB, 0xD4, 0x84, 0x11, 0x00, 0xFF, 0x00, 0x00, 0x45, 0xFD, 0x86, 0x30, 0x0C,
0xFF, 0x0C, 0x31, 0x88, 0xD9, 0x18, 0xFF, 0x00, 0x00, 0xB9, 0x88, 0x00, 0x00, 0x00, 0xFF, 0x00,
0x00, 0x00, 0x7A, 0x9A, 0xFF, 0x00, 0x00, 0xEF, 0x21, 0x00, 0x00, 0x00, 0xFF, 0x00, 0x00, 0x00,
0x21, 0xE4, 0xFF, 0x00, 0x00, 0xFF, 0x03, 0x00, 0x00, 0x00, 0xFF, 0x00, 0x00, 0x00, 0x05, 0xFC,
0xFF, 0x00, 0x00, 0xFF, 0x00, 0x00, 0x00, 0x00, 0xFF, 0x00, 0x00, 0x00, 0x00, 0xFF, 0xFF, 0x00,
0x00, 0x1C, 0xFA, 0xFF, 0xFF, 0xFF, 0xFB, 0x20, 0xFF, 0x00, 0x00, 0x00, 0xA3, 0x5D, 0x00, 0x55,
0xA4, 0x00, 0xFF, 0x00, 0x00, 0x00, 0x2F, 0xD0, 0x00, 0xCB, 0x2E, 0x00, 0xFF, 0x00, 0x00, 0x00,
0x00, 0xBA, 0x8A, 0xB7, 0x00, 0x00, 0xFF, 0xFF, 0xFF, 0xFF, 0xFF, 0xFF, 0xFF, 0xF7, 0xBA, 0x1F,
0xFF, 0x00, 0x00, 0xAB, 0x8D, 0x10, 0xFF, 0x10, 0x90, 0xAF, 0xFF, 0x00, 0x00, 0xE9, 0x17, 0x00,
0xFF, 0x00, 0x18, 0xE9, 0xFF, 0x00, 0x00, 0xFD, 0x02, 0x00, 0xFF, 0x00, 0x02, 0xFC, 0x00, 0xBD,
0x3F, 0x00, 0x28, 0xDA, 0xD5, 0x16, 0x00, 0x38, 0xBF, 0x00, 0xBE, 0x70, 0x00, 0x00, 0x00, 0x00,
0xB3, 0x7F, 0xDE, 0x04, 0x00, 0x00, 0x00, 0x59, 0xDE, 0xFF, 0xED, 0x7C, 0x03, 0x00, 0x45, 0xEA,
0x49, 0x0A, 0x1E, 0x8B, 0x8C, 0x00, 0xB8, 0x62, 0x00, 0x00, 0x00, 0x0D, 0xEE, 0x00, 0xCA, 0x14,
0x00, 0x00, 0x00, 0x1A, 0xE4, 0x00, 0x00, 0x00, 0x00, 0x03, 0x23, 0xAC, 0x4D, 0x00, 0x00, 0x00,
0x00, 0xFF, 0xFA, 0x5D, 0x00, 0x00, 0x00, 0x00, 0x00, 0x02, 0x25, 0xB5, 0x4E, 0x00, 0x00, 0x00,
0x00, 0x00, 0x00, 0x1B, 0xCD, 0x00, 0x00, 0x00, 0x00, 0x00, 0x00, 0x1C, 0xCC, 0x00, 0x00, 0x00,
0x00, 0x08, 0x31, 0xBA, 0x53, 0x00, 0x36, 0xBE, 0xF1, 0xEB, 0xC0, 0x4B, 0x00, 0x00, 0xE2, 0x63,
0x0F, 0x00, 0x00, 0x00, 0x00, 0x00, 0xE9, 0x33, 0x13, 0x7C, 0xEB, 0x7E, 0x00, 0x00, 0x56, 0xE3,
0xEE, 0x8A, 0x2D, 0xEF, 0x00, 0x00, 0xC8, 0x3F, 0x00, 0x28, 0xDA, 0xD5, 0x16, 0x57, 0xBF, 0x00,
0xBE, 0x70, 0x00, 0x00, 0x04, 0xE2, 0x7F, 0xE1, 0x05, 0x00, 0x00, 0x48, 0xEC, 0xFF, 0xE6, 0x41,
0x00, 0x00, 0xC9, 0x7A, 0x0F, 0x46, 0xDF, 0x00, 0x00, 0x00, 0x00, 0x02, 0x44, 0xDE, 0x00, 0x00,
0x00, 0x00, 0xFF, 0xFF, 0x66, 0x00, 0x00, 0x00, 0x00, 0x02, 0x61, 0xD1, 0x00, 0x00, 0x00, 0x00,
0x00, 0x0E, 0xF4, 0x00, 0x00, 0x00, 0x00, 0x05, 0x73, 0xC4, 0x00, 0x00, 0x44, 0xD6, 0xF6, 0xC3,
0x26, 0x00, 0x00, 0xE2, 0x50, 0x04, 0x00, 0x00, 0x00, 0x00, 0xED, 0x35, 0x4B, 0xDD, 0x88, 0x00,
0x00, 0x6A, 0xF0, 0xBE, 0x39, 0xF0, 0x00, 0x00, 0xD8, 0x28, 0x00, 0x00, 0xFF, 0x00, 0x00, 0x00,
0x00, 0xFF, 0x89, 0x78, 0x00, 0x00, 0xFF, 0x00, 0x00, 0x00, 0x00, 0xFF, 0x39, 0xC8, 0x00, 0x00,
0xFF, 0x00, 0x00, 0x00, 0x00, 0xFF, 0x01, 0xE5, 0x19, 0x00, 0xFF, 0x00, 0x00, 0x00, 0x07, 0xF2,
0x00, 0x9A, 0x68, 0x00, 0xFF, 0x00, 0x00, 0x00, 0x2E, 0xB9, 0x00, 0x49, 0xB9, 0x00, 0xFF, 0x00,
0x00, 0x00, 0x9D, 0x55, 0x00, 0x05, 0xE3, 0x39, 0xFF, 0x0D, 0x3C, 0xA8, 0xA8, 0x01, 0x00, 0x00,
0x41, 0xE0, 0xFF, 0xF5, 0xCA, 0x69, 0x02, 0x00, 0x00, 0x00, 0x00, 0x00, 0xFF, 0x00, 0x00, 0x00,
0x00, 0x00, 0x00, 0x00, 0x00, 0x00, 0xFF, 0x00, 0x00, 0x00, 0x00, 0x00, 0x00, 0x00, 0x00, 0x00,
0xFF, 0x00, 0x00, 0x00, 0x00, 0x00, 0xE7, 0x18, 0x00, 0x00, 0xFF, 0x00, 0x00, 0xFF, 0xB4, 0x48,
0x00, 0x00, 0xFF, 0x00, 0x00, 0xFF, 0x82, 0x78, 0x00, 0x00, 0xFF, 0x00, 0x00, 0xFF, 0x4F, 0xA8,
0x00, 0x00, 0xFF, 0x00, 0x00, 0xFF, 0x1D, 0xD8, 0x00, 0x00, 0xFF, 0x00, 0x05, 0xFA, 0x00, 0xE7,
0x0C, 0x00, 0xFF, 0x00, 0x22, 0xE3, 0x00, 0x92, 0x91, 0x10, 0xFF, 0x14, 0x94, 0x8B, 0x00, 0x0A,
0xA1, 0xF0, 0xFF, 0xEB, 0x95, 0x07, 0x00, 0x00, 0x00, 0x00, 0xFF, 0x00, 0x00, 0x00, 0x00, 0x00,
0x00, 0x00, 0xFF, 0x00, 0x00, 0x00, 0x00, 0x00, 0x00, 0x00, 0xFF, 0x00, 0x00, 0x00, 0x00, 0x00,
0x5D, 0xC6, 0xF3, 0xF4, 0xC6, 0x5B, 0x00, 0x00, 0x00, 0x90, 0xC1, 0x42, 0x0B, 0x0A, 0x41, 0xC3,
0x8E, 0x00, 0x46, 0xC5, 0x04, 0x00, 0x00, 0x00, 0x00, 0x04, 0xC9, 0x47, 0xB0, 0x45, 0x00, 0x00,
0x00, 0x00, 0x00, 0x00, 0x44, 0xB3, 0xE8, 0xB3, 0xEB, 0xF2, 0xB6, 0x64, 0x1D, 0x0A, 0x4C, 0xEA,
0xFB, 0x69, 0x18, 0x0D, 0x49, 0x9B, 0xE2, 0xF5, 0xC1, 0xFB, 0xE8, 0x2D, 0x00, 0x00, 0x00, 0x00,
0x00, 0x00, 0x37, 0xEB, 0xAC, 0x79, 0x00, 0x00, 0x00, 0x00, 0x00, 0x00, 0x87, 0xB3, 0x40, 0xEF,
0x1B, 0x00, 0x00, 0x00, 0x00, 0x24, 0xF6, 0x48, 0x00, 0x85, 0xDE, 0x51, 0x0D, 0x0D, 0x55, 0xE3,
0x8E, 0x00, 0x00, 0x00, 0x4E, 0xBE, 0xEF, 0xF5, 0xC6, 0x5A, 0x00, 0x00, 0x02, 0x82, 0xE6, 0xEF,
0x94, 0x07, 0x73, 0x9F, 0x09, 0x0A, 0xA3, 0x82, 0xD4, 0x3F, 0x00, 0x00, 0x49, 0xD6, 0xF8, 0xE1,
0xC7, 0x2E, 0x37, 0xF5, 0xF1, 0x2B, 0x38, 0xD1, 0xE1, 0xF9, 0xCD, 0x38, 0x00, 0x00, 0x2E, 0xDB,
0x6B, 0x93, 0x08, 0x07, 0x8F, 0x7C, 0x03, 0x8F, 0xF0, 0xEB, 0x83, 0x03, 0xD1, 0x2D, 0x00, 0x00,
0x00, 0x00, 0x00, 0x00, 0x13, 0xD1, 0xE9, 0x84, 0x74, 0x88, 0x00, 0x00, 0x00, 0x00, 0x00, 0x00,
0x86, 0x60, 0x1F, 0x41, 0x1A, 0xDF, 0x01, 0x00, 0x00, 0x00, 0x00, 0x0F, 0xBA, 0x00, 0x00, 0x00,
0x00, 0xBA, 0x3E, 0x00, 0x00, 0x00, 0x00, 0x7A, 0x58, 0x00, 0x00, 0x00, 0x00, 0x5D, 0x9A, 0x00,
0x00, 0x00, 0x0A, 0xCC, 0x04, 0x00, 0x00, 0x00, 0x00, 0x0B, 0xE3, 0x06, 0x00, 0x00, 0x70, 0x74,
0x00, 0x00, 0x00, 0x00, 0x00, 0x00, 0xA3, 0x50, 0x00, 0x06, 0xD6, 0x0F, 0x00, 0x00, 0x00, 0x00,
0x00, 0x00, 0x46, 0xAB, 0x00, 0x66, 0x8F, 0x00, 0x00, 0x00, 0x00, 0x00, 0x00, 0x00, 0x03, 0xDD,
0x0E, 0xD7, 0x20, 0x00, 0x00, 0x00, 0x00, 0x00, 0x00, 0x00, 0x00, 0x8C, 0xA0, 0xAB, 0x00, 0x00,
0x00, 0x00, 0x00, 0x00, 0x00, 0x00, 0x00, 0x2F, 0xFF, 0x39, 0x00, 0x00, 0x00, 0x00, 0x00, 0x00,
0xD0, 0x31, 0x00, 0x00, 0x00, 0x06, 0xBE, 0xEE, 0x8F, 0x71, 0x94, 0x00, 0x00, 0x00, 0x5B, 0x84,
0x1C, 0x3E, 0x15, 0xE9, 0x08, 0x00, 0x00, 0xC1, 0x11, 0x00, 0x00, 0x00, 0xB1, 0x5A, 0x00, 0x39,
0xAA, 0x00, 0x00, 0x00, 0x00, 0x51, 0xBD, 0x00, 0xA9, 0x4B, 0x00, 0x00, 0x00, 0x00, 0x05, 0xE9,
0x38, 0xE4, 0x04, 0x00, 0x00, 0x00, 0x00, 0x00, 0x91, 0xE0, 0x8D, 0x00, 0x00, 0x00, 0x00, 0x00,
0x00, 0x30, 0xFF, 0x2F, 0x00, 0x00, 0x00, 0x00, 0x00, 0x00, 0x00, 0xB6, 0x3F, 0xB4, 0x3F, 0x00,
0x00, 0x00, 0x00, 0x00, 0x00, 0x00, 0x00, 0x27, 0xBA, 0x24, 0xB8, 0x00, 0x00, 0x00, 0x00, 0x00,
0x00, 0x00, 0x00, 0x00, 0x00, 0x00, 0x00, 0x00, 0x00, 0x00, 0x00, 0x00, 0xD1, 0x2D, 0x00, 0x00,
0x00, 0x00, 0x00, 0x00, 0x13, 0xD1, 0xE9, 0x84, 0x74, 0x88, 0x00, 0x00, 0x00, 0x00, 0x00, 0x00,
0x86, 0x60, 0x1F, 0x41, 0x1A, 0xDF, 0x01, 0x00, 0x00, 0x00, 0x00, 0x0F, 0xBA, 0x00, 0x00, 0x00,
0x00, 0xBA, 0x3E, 0x00, 0x00, 0x00, 0x00, 0x7A, 0x58, 0x00, 0x00, 0x00, 0x00, 0x5D, 0x9A, 0x00,
0x00, 0x00, 0x0A, 0xCC, 0x04, 0x00, 0x00, 0x00, 0x00, 0x0B, 0xE3, 0x06, 0x00, 0x00, 0x70, 0x74,
0x00, 0x00, 0x00, 0x00, 0x00, 0x00, 0xA3, 0x50, 0x00, 0x06, 0xD6, 0x0F, 0x00, 0x00, 0x00, 0x00,
0x00, 0x00, 0x46, 0xAB, 0x00, 0x66, 0x8F, 0x00, 0x00, 0x00, 0x00, 0x00, 0x00, 0x00, 0x03, 0xDD,
0x0E, 0xD7, 0x20, 0x00, 0x00, 0x00, 0x00, 0x00, 0x00, 0x00, 0x00, 0x8C, 0xA0, 0xAB, 0x00, 0x00,
0x00, 0x00, 0x00, 0x00, 0x00, 0x00, 0x00, 0x2F, 0xFF, 0x39, 0x00, 0x00, 0x00, 0x00, 0x00, 0x00,
0x00, 0xB6, 0x3F, 0xB4, 0x3F, 0x00, 0x00, 0x00, 0x00, 0x00, 0x27, 0xBA, 0x24, 0xB8, 0x00, 0x00,
0x00, 0x00, 0x00, 0x00, 0x00, 0x00, 0x00, 0x00, 0x00, 0x00, 0x00, 0xD0, 0x31, 0x00, 0x00, 0x00,
0x06, 0xBE, 0xEE, 0x8F, 0x71, 0x94, 0x00, 0x00, 0x00, 0x5B, 0x84, 0x1C, 0x3E, 0x15, 0xE9, 0x08,
0x00, 0x00, 0xC1, 0x11, 0x00, 0x00, 0x00, 0xB1, 0x5A, 0x00, 0x39, 0xAA, 0x00, 0x00, 0x00, 0x00,
0x51, 0xBD, 0x00, 0xA9, 0x4B, 0x00, 0x00, 0x00, 0x00, 0x05, 0xE9, 0x38, 0xE4, 0x04, 0x00, 0x00,
0x00, 0x00, 0x00, 0x91, 0xE0, 0x8D, 0x00, 0x00, 0x00, 0x00, 0x00, 0x00, 0x30, 0xFF, 0x2F, 0x00,
0x00, 0x00, 0x00, 0x00, 0x46, 0xD2, 0xF8, 0xD2, 0x46, 0x00, 0x00, 0x00, 0x00, 0x00, 0x00, 0x00,
0x00, 0x00, 0x27, 0xE4, 0x42, 0x08, 0x42, 0xE4, 0x27, 0x00, 0x00, 0x00, 0x00, 0x00, 0x00, 0x00,
0x00, 0x95, 0x6F, 0x00, 0x00, 0x00, 0x70, 0x94, 0x00, 0x00, 0x00, 0x00, 0x00, 0x00, 0x00, 0x00,
0xD4, 0x28, 0x00, 0x00, 0x00, 0x29, 0xD4, 0x32, 0xC6, 0x00, 0x00, 0x00, 0x00, 0xAE, 0x4F, 0xF4,
0x0A, 0x00, 0x00, 0x00, 0x0A, 0xF3, 0x00, 0xD3, 0x1E, 0x00, 0x00, 0x0F, 0xE7, 0x06, 0xFD, 0x01,
0x00, 0x00, 0x00, 0x02, 0xFD, 0x00, 0x77, 0x73, 0x00, 0x00, 0x62, 0x9D, 0x00, 0xF4, 0x09, 0x00,
0x00, 0x00, 0x0A, 0xF3, 0x00, 0x1C, 0xC7, 0x00, 0x00, 0xBC, 0x44, 0x00, 0xD5, 0x27, 0x00, 0x00,
0x00, 0x28, 0xD5, 0x00, 0x00, 0xBC, 0x20, 0x19, 0xE5, 0x03, 0x00, 0x97, 0x6E, 0x00, 0x00, 0x00,
0x6E, 0x96, 0x00, 0x00, 0x60, 0x76, 0x71, 0x92, 0x00, 0x00, 0x29, 0xE4, 0x41, 0x07, 0x41, 0xE4,
0x29, 0x00, 0x00, 0x0D, 0xC2, 0xCB, 0x3A, 0x00, 0x00, 0x00, 0x47, 0xD3, 0xF9, 0xD3, 0x47, 0x00,
0x00, 0x00, 0x00, 0xA6, 0xE0, 0x01, 0x00, 0x00, 0x00, 0x00, 0x00, 0x00, 0x00, 0x00, 0x00, 0x00,
0x00, 0x00, 0xBB, 0x6B, 0x00, 0x00, 0x00, 0x00, 0x00, 0x00, 0x00, 0x00, 0x00, 0x00, 0x03, 0x0A,
0x4E, 0xD6, 0x04, 0x00, 0x00, 0x00, 0x00, 0x00, 0x00, 0x00, 0x00, 0x00, 0x00, 0x0F, 0xEE, 0xD9,
0x30, 0x00, 0x00, 0x00, 0x00, 0x0B, 0xB3, 0xF7, 0xB1, 0x0A, 0xCB, 0x35, 0x00, 0x00, 0x00, 0x29,
0xCD, 0x7E, 0x7E, 0x08, 0x89, 0x7D, 0x60, 0x9F, 0x00, 0x00, 0x00, 0x7C, 0x72, 0xD4, 0x2F, 0x00,
0x2F, 0xD3, 0x08, 0xE4, 0x12, 0x00, 0x00, 0xCC, 0x1A, 0xF3, 0x09, 0x00, 0x09, 0xF3, 0x00, 0x8B,
0x74, 0x00, 0x22, 0xBB, 0x00, 0xF3, 0x09, 0x00, 0x09, 0xF2, 0x00, 0x22, 0xDB, 0x02, 0x75, 0x60,
0x00, 0xD4, 0x2F, 0x00, 0x2F, 0xD3, 0x00, 0x00, 0xB5, 0x4A, 0xBF, 0x0E, 0x00, 0x7E, 0x87, 0x07,
0x88, 0x7D, 0x00, 0x00, 0x4A, 0xCB, 0xA8, 0x00, 0x00, 0x0B, 0xB3, 0xF8, 0xB2, 0x0A, 0x00, 0x00,
0x02, 0xDD, 0x4E, 0x00, 0x00, 0x00, 0x00, 0x00, 0x00, 0x00, 0x00, 0x00, 0x00, 0xC3, 0x0D, 0x00,
0x00, 0x00, 0x00, 0x00, 0x00, 0x00, 0x03, 0x0A, 0x4D, 0xC8, 0x00, 0x00, 0x00, 0x00, 0x00, 0x00,
0x00, 0x00, 0x0D, 0xEE, 0xD9, 0x2E, 0x00, 0x00, 0x00, 0x00, 0x00, 0x00, 0x00, 0x00, 0xAC, 0xAD,
0x00, 0x00, 0x00, 0x00, 0x00, 0x00, 0x00, 0x33, 0xA7, 0xE8, 0xFF, 0xFF, 0xE8, 0xA7, 0x32, 0x00,
0x00, 0x00, 0x66, 0xE7, 0x69, 0x18, 0xA0, 0x9F, 0x18, 0x68, 0xE7, 0x65, 0x00, 0x35, 0xE8, 0x23,
0x00, 0x00, 0x00, 0x00, 0x00, 0x00, 0x21, 0xE7, 0x35, 0xAA, 0x6A, 0x00, 0x00, 0x00, 0x00, 0x00,
0x00, 0x00, 0x00, 0x69, 0xAA, 0xE8, 0x1B, 0x00, 0x00, 0x00, 0x00, 0x00, 0x00, 0x00, 0x00, 0x1C,
0xE8, 0xFB, 0x05, 0x00, 0x00, 0x00, 0x00, 0x00, 0x00, 0x00, 0x00, 0x05, 0xFB, 0xE8, 0x1B, 0x00,
0x00, 0x00, 0x00, 0x00, 0x00, 0x00, 0x00, 0x1C, 0xE8, 0xAA, 0x6A, 0x00, 0x00, 0x00, 0x00, 0x00,
0x00, 0x00, 0x00, 0x69, 0xAA, 0x35, 0xE8, 0x22, 0x00, 0x00, 0x00, 0x00, 0x00, 0x00, 0x21, 0xE6,
0x35, 0x00, 0x66, 0xE7, 0x68, 0x17, 0x9F, 0xA0, 0x17, 0x68, 0xE7, 0x66, 0x00, 0x00, 0x00, 0x33,
0xA8, 0xE9, 0xFF, 0xFF, 0xE9, 0xA8, 0x33, 0x00, 0x00, 0x00, 0x00, 0x00, 0x00, 0x00, 0xAD, 0xAC,
0x00, 0x00, 0x00, 0x00, 0x00, 0x00, 0x00, 0x00, 0xAE, 0xAF, 0x00, 0x00, 0x00, 0x00, 0x4E, 0xD1,
0xFF, 0xFF, 0xD1, 0x4E, 0x00, 0x40, 0xE4, 0x43, 0x98, 0x94, 0x45, 0xE6, 0x3F, 0xBB, 0x53, 0x00,
0x00, 0x00, 0x00, 0x55, 0xBB, 0xEE, 0x0F, 0x00, 0x00, 0x00, 0x00, 0x10, 0xEE, 0xEE, 0x0F, 0x00,
0x00, 0x00, 0x00, 0x10, 0xED, 0xBC, 0x51, 0x00, 0x00, 0x00, 0x00, 0x54, 0xBB, 0x40, 0xE3, 0x42,
0x97, 0x94, 0x44, 0xE5, 0x40, 0x00, 0x4E, 0xD2, 0xFF, 0xFF, 0xD2, 0x4E, 0x00, 0x00, 0x00, 0x00,
0xAF, 0xAE, 0x00, 0x00, 0x00, 0x00, 0x00, 0x00, 0x00, 0x00, 0x00, 0x00, 0x6B, 0xEC, 0xDF, 0x80,
0x0C, 0x00, 0x00, 0x00, 0x00, 0x00, 0x00, 0x00, 0x00, 0x00, 0x00, 0x53, 0xB4, 0x13, 0x16, 0x6E,
0xDE, 0x6C, 0x1B, 0x00, 0x00, 0x00, 0x00, 0x00, 0x00, 0x00, 0x00, 0xD8, 0x26, 0xFC, 0x00, 0x00,
0x2A, 0xB0, 0xF0, 0x00, 0x00, 0x00, 0x00, 0x00, 0x00, 0x00, 0x00, 0x00, 0x00, 0x9A, 0x00, 0x00,
0x00, 0x00, 0x00, 0x00, 0x00, 0x00, 0x00, 0x59, 0xCD, 0xF6, 0xED, 0x93, 0x00, 0x00, 0x93, 0xED,
0xF6, 0xCD, 0x58, 0x00, 0x00, 0x00, 0x5C, 0xB1, 0x31, 0x07, 0x23, 0x2D, 0x00, 0x00, 0x2C, 0x23,
0x07, 0x30, 0xB1, 0x5B, 0x00, 0x2E, 0xC0, 0x02, 0x00, 0x00, 0x00, 0x00, 0x00, 0x00, 0x00, 0x00,
0x00, 0x00, 0x02, 0xC0, 0x2D, 0xA6, 0x50, 0x00, 0x00, 0x00, 0x00, 0x00, 0x00, 0x00, 0x00, 0x00,
0x00, 0x00, 0x00, 0x51, 0xA5, 0xE7, 0x1E, 0x00, 0x00, 0x00, 0x00, 0x00, 0x00, 0x00, 0x00, 0x00,
0x00, 0x00, 0x00, 0x1F, 0xE5, 0xFA, 0x05, 0x00, 0x00, 0x00, 0x00, 0x00, 0x00, 0x00, 0x00, 0x00,
0x00, 0x00, 0x00, 0x06, 0xFA, 0xE9, 0x11, 0x00, 0x00, 0x00, 0x00, 0x00, 0x00, 0x00, 0x00, 0x00,
0x00, 0x00, 0x00, 0x11, 0xE9, 0xAA, 0x43, 0x00, 0x00, 0x00, 0x00, 0x00, 0x00, 0x00, 0x00, 0x00,
0x00, 0x00, 0x00, 0x44, 0xAA, 0x31, 0xAE, 0x00, 0x00, 0x00, 0x00, 0x00, 0x00, 0x00, 0x00, 0x00,
0x00, 0x00, 0x00, 0xAE, 0x33, 0x00, 0x5B, 0xA6, 0x2D, 0x06, 0x0F, 0x49, 0xBB, 0xBF, 0x4C, 0x10,
0x06, 0x2C, 0xA5, 0x5E, 0x00, 0x00, 0x00, 0x52, 0xC8, 0xF5, 0xEE, 0xC0, 0x4B, 0x46, 0xBD, 0xED,
0xF5, 0xC9, 0x54, 0x00, 0x00, 0x00, 0x00, 0x00, 0x02, 0x80, 0xE8, 0xDF, 0x80, 0x0C, 0x00, 0x00,
0x00, 0x00, 0x00, 0x6E, 0x86, 0x0D, 0x1A, 0x6D, 0xDA, 0x6C, 0x1B, 0x00, 0x00, 0x00, 0xDA, 0x0B,
0xFC, 0x00, 0x00, 0x27, 0xB0, 0xF0, 0x00, 0x00, 0x00, 0x00, 0x00, 0x94, 0x00, 0x00, 0x00, 0x00,
0x00, 0x00, 0x00, 0x00, 0x00, 0x00, 0x00, 0x00, 0x00, 0x00, 0x00, 0x00, 0x00, 0x6D, 0xE5, 0x00,
0x00, 0x00, 0x00, 0x00, 0xE6, 0x6E, 0x00, 0x69, 0xC0, 0x1C, 0x00, 0x00, 0x00, 0x00, 0x00, 0x1C,
0xC0, 0x6A, 0xCD, 0x36, 0x00, 0x00, 0x00, 0x00, 0x00, 0x00, 0x00, 0x37, 0xCD, 0xF1, 0x0C, 0x00,
0x00, 0x00, 0x00, 0x00, 0x00, 0x00, 0x0C, 0xF0, 0xF0, 0x0D, 0x00, 0x00, 0x00, 0x00, 0x00, 0x00,
0x00, 0x0D, 0xF0, 0xC9, 0x3C, 0x00, 0x00, 0x00, 0x00, 0x00, 0x00, 0x00, 0x3C, 0xC8, 0x59, 0xCA,
0x27, 0x0C, 0x3F, 0x95, 0x40, 0x0D, 0x26, 0xC9, 0x5A, 0x00, 0x5C, 0xD8, 0xF8, 0xD5, 0x94, 0xD5,
0xF8, 0xE3, 0x74, 0x00, 0x00, 0x00, 0x00, 0x00, 0x00, 0xDE, 0xFF, 0xFF, 0xFF, 0xFF, 0xFF, 0xDD,
0x00, 0x00, 0x00, 0x00, 0x00, 0x00, 0x00, 0x00, 0x00, 0x00, 0x76, 0x00, 0x00, 0xA1, 0x00, 0x00,
0x75, 0x00, 0x00, 0x00, 0x00, 0x00, 0x00, 0x00, 0x00, 0x00, 0x00, 0x00, 0x00, 0x00, 0x00, 0x00,
0x00, 0x00, 0x00, 0x00, 0x00, 0x00, 0x00, 0x00, 0x00, 0x31, 0xB0, 0xF0, 0xF6, 0xC8, 0x51, 0x00,
0x51, 0xC8, 0xF7, 0xF1, 0xB7, 0x3A, 0x00, 0x00, 0x00, 0x5D, 0xBA, 0x3A, 0x09, 0x21, 0x8D, 0x90,
0x00, 0x91, 0x8A, 0x20, 0x09, 0x3B, 0xBD, 0x66, 0x00, 0x32, 0xCD, 0x06, 0x00, 0x00, 0x00, 0x00,
0x00, 0x00, 0x00, 0x00, 0x00, 0x00, 0x00, 0x06, 0xCF, 0x35, 0xA8, 0x58, 0x00, 0x00, 0x00, 0x00,
0x00, 0x00, 0x00, 0x00, 0x00, 0x00, 0x00, 0x00, 0x00, 0x59, 0xAA, 0xE7, 0x20, 0x00, 0x00, 0x00,
0x00, 0x00, 0x00, 0x00, 0x00, 0x00, 0x00, 0x00, 0x00, 0x00, 0x21, 0xE7, 0xFA, 0x08, 0x00, 0x00,
0x00, 0x00, 0x00, 0x00, 0xFF, 0x00, 0x00, 0x00, 0x00, 0x00, 0x00, 0x08, 0xFA, 0xE9, 0x22, 0x00,
0x00, 0x00, 0x00, 0x00, 0x00, 0xFF, 0x00, 0x00, 0x00, 0x00, 0x00, 0x00, 0x23, 0xE8, 0xAA, 0x59,
0x00, 0x00, 0x00, 0x00, 0x00, 0x00, 0xFF, 0x00, 0x00, 0x00, 0x00, 0x00, 0x00, 0x5A, 0xA9, 0x32,
0xD2, 0x07, 0x00, 0x00, 0x00, 0x00, 0x02, 0xFF, 0x02, 0x00, 0x00, 0x00, 0x00, 0x07, 0xD2, 0x32,
0x00, 0x5F, 0xC1, 0x3C, 0x09, 0x0F, 0x4D, 0xC6, 0xF3, 0xC6, 0x4D, 0x0F, 0x09, 0x3D, 0xC2, 0x5F,
0x00, 0x00, 0x00, 0x4B, 0xC3, 0xF4, 0xF6, 0xC8, 0x67, 0x07, 0x67, 0xC8, 0xF6, 0xF4, 0xC3, 0x4B,
0x00, 0x00, 0x00, 0xDE, 0xFF, 0xFF, 0xFF, 0xFF, 0xFF, 0xDD, 0x00, 0x00, 0x76, 0x00, 0x00, 0xA1,
0x00, 0x00, 0x75, 0x00, 0x00, 0x00, 0x00, 0x00, 0x00, 0x00, 0x00, 0x00, 0x00, 0xF9, 0x06, 0x00,
0xF8, 0x06, 0x00, 0x00, 0x34, 0xC9, 0xE7, 0x15, 0x00, 0xE6, 0x15, 0x00, 0x00, 0x9D, 0x5C, 0xCA,
0x2C, 0x00, 0xC9, 0x2C, 0x00, 0x0F, 0xDE, 0x06, 0x90, 0x61, 0x00, 0xAC, 0x65, 0x00, 0x6D, 0x83,
0x00, 0x35, 0xBD, 0x05, 0xEB, 0xC0, 0x00, 0xCF, 0x1B, 0x00, 0x00, 0xD4, 0x69, 0xB0, 0xD9, 0x5C,
0xAA, 0x00, 0x00, 0x00, 0x79, 0xF5, 0x73, 0x70, 0xF4, 0x3E, 0x00, 0x00, 0x00, 0x1D, 0xFD, 0x39,
0x0F, 0xC5, 0x00, 0x00, 0x00, 0x00, 0x00, 0x5F, 0xC7, 0xF2, 0xED, 0xBA, 0x40, 0x00, 0x00, 0xA2,
0xC0, 0x3E, 0x0C, 0x12, 0x5E, 0xEB, 0x50, 0x5A, 0xC7, 0x05, 0x00, 0x00, 0x00, 0x00, 0x48, 0xBA,
0xBB, 0x4F, 0x00, 0x00, 0x00, 0x00, 0x00, 0x00, 0x00, 0xEA, 0x15, 0x00, 0x00, 0x00, 0x00, 0x00,
0x00, 0x00, 0xFA, 0x04, 0x00, 0x00, 0x00, 0x00, 0x00, 0x00, 0x00, 0xE9, 0x13, 0x00, 0x00, 0x00,
0x00, 0x00, 0x00, 0x00, 0xB7, 0x45, 0x00, 0x00, 0x00, 0x00, 0x00, 0x00, 0x00, 0x58, 0xB0, 0x00,
0x00, 0x00, 0x00, 0x00, 0x00, 0x00, 0x00, 0xA3, 0x9E, 0x22, 0x09, 0x00, 0x00, 0x00, 0x00, 0x00,
0x00, 0x67, 0xDE, 0xFF, 0x00, 0x00, 0x00, 0x00, 0x00, 0x00, 0x00, 0x00, 0xFF, 0x00, 0x00, 0x00,
0x00, 0x00, 0x00, 0x00, 0x00, 0xFF, 0x00, 0x00, 0x00, 0x00, 0x00, 0x00, 0x00, 0x00, 0xFF, 0x00,
0x00, 0x00, 0x00, 0x00, 0x5C, 0xDB, 0xF5, 0xC1, 0x2B, 0x5C, 0xCC, 0x29, 0x09, 0x69, 0xC3, 0xC8,
0x3C, 0x00, 0x00, 0x00, 0x00, 0xEF, 0x0D, 0x00, 0x00, 0x00, 0x00, 0xF1, 0x0D, 0x00, 0x00, 0x00,
0x00, 0xC8, 0x3D, 0x00, 0x00, 0x00, 0x00, 0x58, 0xCD, 0x2A, 0x0A, 0x00, 0x00, 0x00, 0x67, 0xDA,
0xFF, 0x00, 0x00, 0x00, 0x00, 0x00, 0xFF, 0x00, 0x00, 0x00, 0x00, 0x00, 0xFF, 0x00, 0x00, 0x00,
0x00, 0x00, 0xFF, 0x00, 0x00, 0x00, 0x00, 0x00, 0x00, 0x10, 0xE4, 0x02, 0x00, 0x00, 0x00, 0x00,
0x00, 0x5C, 0x9C, 0x00, 0x00, 0x00, 0x2F, 0x09, 0x00, 0xAC, 0x4D, 0x00, 0x00, 0x02, 0xB9, 0xF0,
0xC5, 0xF4, 0x53, 0x0F, 0x00, 0x00, 0x00, 0x06, 0x77, 0xCF, 0xB4, 0xEC, 0xBB, 0x16, 0x00, 0x00,
0x9B, 0x5D, 0x00, 0x02, 0x1D, 0xC1, 0xE8, 0xAC, 0xEC, 0x43, 0x02, 0x00, 0x00, 0x00, 0x15, 0x7F,
0xE0, 0xD1, 0xED, 0xAC, 0x01, 0x00, 0x00, 0x8D, 0x6E, 0x00, 0x10, 0x3A, 0x00, 0x00, 0x00, 0xDB,
0x1F, 0x00, 0x00, 0x00, 0x00, 0x00, 0x2C, 0xCF, 0x00, 0x00, 0x00, 0x00, 0x00, 0x00, 0x00, 0x00,
0x00, 0xBD, 0xC6, 0xFF, 0xFF, 0xFF, 0xC6, 0xBD, 0x00, 0x00, 0x00, 0x00, 0x00, 0x33, 0xB3, 0xF0,
0x55, 0xFE, 0xCB, 0x4B, 0x35, 0xDB, 0xFF, 0x8F, 0x86, 0xFF, 0x8F, 0x86, 0x18, 0xAD, 0xF0, 0xEF,
0xBF, 0x7C, 0x3A, 0x0E, 0xC3, 0x6E, 0x0A, 0x0F, 0x45, 0x94, 0xD7, 0xF8, 0x00, 0x00, 0x00, 0x00,
0x00, 0x00, 0x00, 0x66, 0xEC, 0xEC, 0x66, 0x00, 0x00, 0x00, 0x00, 0x00, 0x00, 0x00, 0x00, 0x00,
0x00, 0x00, 0x00, 0x00, 0x00, 0xEC, 0x3F, 0x40, 0xEC, 0x00, 0x00, 0x00, 0x00, 0x00, 0x00, 0x00,
0x00, 0x66, 0xEC, 0xEC, 0x66, 0x00, 0x00, 0x00, 0x00, 0x00, 0x00, 0x00, 0x00, 0x66, 0xEC, 0xEC,
0x66, 0x00, 0x00, 0xEC, 0x3F, 0x40, 0xEC, 0x00, 0x00, 0x00, 0x00, 0x00, 0x00, 0x00, 0x00, 0xEC,
0x3F, 0x40, 0xEC, 0x00, 0x00, 0x00, 0x00, 0x00, 0x00, 0x00, 0x00, 0x00, 0x00, 0x00, 0x00, 0x00,
0x00, 0x00, 0x00, 0x00, 0x00, 0x00, 0x00, 0x00, 0x00, 0x00, 0x00, 0x00, 0x00, 0x00, 0x00, 0x00,
0x00, 0x00, 0x00, 0x00, 0x00, 0x00, 0x00, 0x00, 0x66, 0xEC, 0xEC, 0x66, 0x00, 0x00, 0x00, 0x00,
0x00, 0x00, 0x00, 0x00, 0x00, 0x00, 0x66, 0xEC, 0xEC, 0x66, 0xEC, 0x3F, 0x40, 0xEC, 0x00, 0x00,
0x00, 0x00, 0x00, 0x00, 0x00, 0x00, 0x00, 0x00, 0xEC, 0x3F, 0x40, 0xEC, 0x00, 0x00, 0x00, 0x00,
0x00, 0x00, 0x00, 0x00, 0x00, 0x00, 0x00, 0x00, 0x00, 0x00, 0x00, 0x00, 0x00, 0x00, 0x00, 0x00,
0x00, 0x00, 0x00, 0x00, 0x00, 0x00, 0x00, 0x00, 0x00, 0x00, 0x00, 0x00, 0x00, 0x00, 0x00, 0x00,
0x00, 0x66, 0xEC, 0xEC, 0x66, 0x00, 0x00, 0x00, 0x00, 0x00, 0x00, 0x00, 0x00, 0x66, 0xEC, 0xEC,
0x66, 0x00, 0x00, 0xEC, 0x3F, 0x40, 0xEC, 0x00, 0x00, 0x00, 0x00, 0x00, 0x00, 0x00, 0x00, 0xEC,
0x3F, 0x40, 0xEC, 0x00, 0x00, 0x00, 0x00, 0x00, 0x00, 0x00, 0x00, 0x66, 0xEC, 0xEC, 0x66, 0x00,
0x00, 0x00, 0x00, 0x00, 0x00, 0x00, 0x00, 0x00, 0x00, 0x00, 0x00, 0x00, 0x00, 0xEC, 0x3F, 0x40,
0xEC, 0x00, 0x00, 0x00, 0x00, 0x00, 0x00, 0x00, 0x00, 0x00, 0x00, 0x00, 0x00, 0x00, 0x00, 0x42,
0xD8, 0x00, 0x00, 0x00, 0x00, 0x00, 0x00, 0x00, 0x00, 0x1C, 0x80, 0x00, 0x00, 0x00, 0x00, 0xE9,
0x45, 0x00, 0x00, 0x00, 0x00, 0x00, 0x22, 0x1A, 0x00, 0x28, 0xEB, 0x00, 0x00, 0x00, 0x00, 0xFF,
0xFF, 0x00, 0x00, 0x00, 0x1E, 0xC1, 0xEC, 0x7F, 0x00, 0x02, 0xDB, 0x97, 0x00, 0x00, 0x00, 0x00,
0x00, 0x00, 0x00, 0x00, 0x95, 0x96, 0x00, 0x00, 0x00, 0x00, 0x38, 0x98, 0x00, 0x00, 0x00, 0x00,
0x00, 0x00, 0x00, 0x00, 0x00, 0x00, 0x00, 0x00, 0x00, 0x00, 0x00, 0x00, 0x00, 0x00, 0x00, 0x00,
0x00, 0x00, 0x00, 0x00, 0x00, 0x00, 0x00, 0x00, 0x00, 0x00, 0x00, 0x00, 0x00, 0x00, 0x00, 0x00,
0x00, 0x00, 0x00, 0x00, 0x00, 0x00, 0x00, 0x00, 0xD9, 0x46, 0xFF, 0x00, 0x00, 0x00, 0x00, 0x00,
0x00, 0x00, 0x00, 0x00, 0x00, 0xFF, 0xE9, 0x42, 0x42, 0xE9, 0xFF, 0x00, 0x00, 0x00, 0x00, 0x00,
0x00, 0x00, 0x00, 0x00, 0x00, 0xFF, 0x46, 0xD9, 0x00, 0x00, 0x00, 0x00, 0x00, 0x00, 0x00, 0x00,
0x00, 0x00, 0x00, 0x00, 0x00, 0x00, 0x00, 0x00, 0x00, 0x00, 0x00, 0x00, 0x00, 0x00, 0x00, 0x00,
0x00, 0x00, 0x00, 0x00, 0x9A, 0x38, 0x00, 0x00, 0x00, 0x00, 0x98, 0x93, 0x00, 0x00, 0x00, 0x00,
0x00, 0x00, 0x00, 0x00, 0x96, 0xD7, 0x03, 0x00, 0x7F, 0xEC, 0xC2, 0x1E, 0x00, 0x00, 0x00, 0x00,
0x00, 0x00, 0x00, 0x00, 0x00, 0xEC, 0x24, 0x00, 0x1C, 0x26, 0x00, 0x00, 0x00, 0x00, 0x00, 0xFF,
0xFF, 0x00, 0x00, 0x00, 0x00, 0x80, 0x17, 0x00, 0x00, 0x00, 0x00, 0x00, 0x00, 0x00, 0x00, 0x45,
0xE9, 0x00, 0x00, 0x00, 0x00, 0x00, 0x00, 0x00, 0x00, 0x00, 0x00, 0x00, 0x00, 0x00, 0x00, 0xD9,
0x42, 0x00, 0x00, 0x00, 0x00, 0x00, 0x00, 0x00, 0x00, 0x00, 0xE2, 0x48, 0x4B, 0xE1, 0x00, 0x00,
0x00, 0x00, 0x00, 0x00, 0x54, 0xE9, 0xE9, 0x54, 0x00, 0x00, 0x00, 0x00, 0x00, 0x00, 0x00, 0x00,
0x00, 0x00, 0x00, 0x00, 0x00, 0x00, 0xFF, 0x00, 0x00, 0x00, 0x00, 0x00, 0x00, 0x5B, 0xFF, 0x00,
0xFF, 0x00, 0x00, 0x00, 0x00, 0x00, 0x20, 0xB7, 0xFF, 0x00, 0xFF, 0x00, 0x00, 0x00, 0x00, 0x03,
0xB7, 0x21, 0xFF, 0x00, 0xFF, 0x00, 0x00, 0x00, 0x00, 0x80, 0x5B, 0x00, 0xFF, 0x00, 0xFF, 0x00,
0x00, 0x00, 0x3A, 0xA1, 0x00, 0x00, 0xFF, 0x00, 0xFF, 0x00, 0x00, 0x0E, 0xBE, 0x0E, 0x00, 0x00,
0xFF, 0x00, 0xFF, 0x00, 0x00, 0xA1, 0x3A, 0x00, 0x00, 0x00, 0xFF, 0x00, 0xFF, 0x00, 0x5C, 0x7F,
0x00, 0x00, 0x00, 0x00, 0xFF, 0x00, 0xFF, 0x21, 0xB7, 0x03, 0x00, 0x00, 0x00, 0x00, 0xFF, 0x00,
0xFF, 0xB7, 0x20, 0x00, 0x00, 0x00, 0x00, 0x00, 0xFF, 0x00, 0xFF, 0x5B, 0x00, 0x00, 0x00, 0x00,
0x00, 0x00, 0xFF, 0xDF, 0x00, 0x00, 0x00, 0x00, 0x00, 0x00, 0x00, 0x00, 0x2A, 0x9F, 0x00, 0x00,
0x00, 0x00, 0x00, 0x00, 0x00, 0x00, 0x80, 0x5F, 0x00, 0x00, 0x00, 0x00, 0x00, 0x00, 0x00, 0x00,
0xD5, 0x1F, 0x00, 0xE2, 0x48, 0x4B, 0xE1, 0x00, 0x00, 0x00, 0x54, 0xE9, 0xE9, 0x54, 0x00, 0x00,
0x00, 0x00, 0x00, 0x00, 0x00, 0x00, 0x00, 0xFF, 0x00, 0x00, 0x00, 0x5B, 0xFF, 0x00, 0xFF, 0x00,
0x00, 0x0E, 0xD8, 0xFF, 0x00, 0xFF, 0x00, 0x00, 0x93, 0x6D, 0xFF, 0x00, 0xFF, 0x00, 0x31, 0xCB,
0x03, 0xFF, 0x00, 0xFF, 0x01, 0xC6, 0x37, 0x00, 0xFF, 0x00, 0xFF, 0x67, 0x99, 0x00, 0x00, 0xFF,
0x00, 0xFF, 0xD9, 0x12, 0x00, 0x00, 0xFF, 0x00, 0xFF, 0x61, 0x00, 0x00, 0x00, 0xFF, 0xAA, 0x00,
0x00, 0x00, 0x00, 0x0F, 0xC4, 0x15, 0x00, 0x00, 0x00, 0x01, 0xB1, 0x55, 0x00, 0x00, 0xFF, 0x00,
0x00, 0x00, 0x00, 0x00, 0x00, 0x00, 0x00, 0xFF, 0x00, 0x00, 0x00, 0x00, 0x00, 0x00, 0x00, 0xFF,
0xFF, 0xFF, 0x00, 0x00, 0x00, 0x00, 0x00, 0x00, 0x00, 0xFF, 0x00, 0x00, 0x00, 0x00, 0x00, 0x00,
0x00, 0x00, 0xFF, 0x00, 0x00, 0x00, 0x00, 0x00, 0x00, 0x00, 0x00, 0xFF, 0xFF, 0xFF, 0xFF, 0xF6,
0xD7, 0x7E, 0x05, 0x00, 0xFF, 0x00, 0x00, 0x02, 0x0A, 0x29, 0x8E, 0x8E, 0x00, 0xFF, 0x00, 0x00,
0x00, 0x00, 0x00, 0x01, 0xEA, 0x00, 0xFF, 0x00, 0x00, 0x00, 0x00, 0x00, 0x16, 0xE5, 0x00, 0xFF,
0x00, 0x00, 0x00, 0x08, 0x28, 0x9E, 0x8F, 0x00, 0xFF, 0xFF, 0xFF, 0xFF, 0xF3, 0xD5, 0x79, 0x06,
0x00, 0xFF, 0x00, 0x00, 0x00, 0x00, 0x00, 0xFF, 0xFF, 0xFF, 0x00, 0x00, 0x00, 0x00, 0x00, 0xFF,
0x00, 0x00, 0x00, 0x00, 0x00, 0x00, 0xFF, 0x00, 0x00, 0x00, 0x00, 0x00, 0x00, 0xFF, 0x00, 0x00,
0x00, 0x00, 0x00, 0x00, 0xFF, 0x00, 0x00, 0x00, 0x00, 0x00, 0x00, 0xFF, 0xFF, 0xFE, 0xE8, 0xA3,
0x1B, 0x00, 0xFF, 0x00, 0x01, 0x17, 0x88, 0xC3, 0x00, 0xFF, 0x00, 0x00, 0x00, 0x0E, 0xF5, 0x00,
0xFF, 0x00, 0x02, 0x1A, 0x8C, 0xC1, 0x00, 0xFF, 0xFF, 0xFF, 0xF3, 0xB7, 0x1F, 0xFF, 0xFF, 0xFF,
0xFF, 0xFB, 0xE1, 0x8A, 0x06, 0x00, 0xFF, 0x00, 0x00, 0x00, 0x03, 0x1C, 0x90, 0x9A, 0x00, 0xFF,
0x00, 0x00, 0x00, 0x00, 0x00, 0x13, 0xF3, 0x00, 0xFF, 0x00, 0x00, 0x00, 0x00, 0x7E, 0x50, 0xE7,
0x00, 0xFF, 0x00, 0x00, 0x00, 0x06, 0x7A, 0xFF, 0x90, 0x00, 0xFF, 0xFF, 0xFF, 0xFF, 0xF2, 0xCE,
0x9E, 0xDC, 0x06, 0xFF, 0x00, 0x00, 0x00, 0x00, 0x00, 0x00, 0x1E, 0x00, 0xFF, 0x00, 0x00, 0x00,
0x00, 0x00, 0x00, 0x00, 0x00, 0xFF, 0x00, 0x00, 0x00, 0x00, 0x00, 0x00, 0x00, 0x00, 0xFF, 0x00,
0x00, 0x00, 0x00, 0x00, 0x00, 0x00, 0x00, 0xFF, 0x00, 0x00, 0x00, 0x00, 0x00, 0x00, 0x00, 0x00,
0xFF, 0x61, 0xE8, 0xEF, 0x92, 0x05, 0xFF, 0xCF, 0x20, 0x09, 0x86, 0x89, 0xFF, 0x49, 0x00, 0x00,
0x3F, 0xD8, 0xFF, 0x0E, 0x00, 0x00, 0x0C, 0xF3, 0xFF, 0x0A, 0x00, 0x00, 0x0D, 0xF3, 0xFF, 0x3B,
0x00, 0x8A, 0x8F, 0xC5, 0xFF, 0xC8, 0x20, 0x64, 0xFF, 0x6E, 0xFF, 0x68, 0xEE, 0xE3, 0x8C, 0xC9,
0xFF, 0x00, 0x00, 0x00, 0x00, 0x0E, 0xFF, 0x00, 0x00, 0x00, 0x00, 0x00, 0xFF, 0x00, 0x00, 0x00,
0x00, 0x00, 0x00, 0x00, 0x00, 0x00, 0x00, 0xFF, 0x00, 0x00, 0x00, 0x00, 0x00, 0xFF, 0x00, 0x00,
0x00, 0x00, 0x00, 0xFF, 0xFF, 0xFF, 0xFF, 0xFF, 0xFF, 0xFF, 0xFF, 0x00, 0x00, 0x00, 0x00, 0x00,
0xFF, 0x00, 0x00, 0x00, 0x00, 0x00, 0xFF, 0x00, 0x00, 0x00, 0x00, 0x00, 0xFF, 0x00, 0x00, 0x00,
0x00, 0x00, 0xFF, 0x00, 0x00, 0x00, 0x00, 0x00, 0xFF, 0x00, 0x00, 0x00, 0x00, 0x00, 0xFF, 0x00,
0x00, 0x00, 0x00, 0x00, 0xFF, 0x00, 0x00, 0x00, 0x00, 0x00, 0xFF, 0x00, 0x00, 0x00, 0x00, 0x00,
0xFF, 0x00, 0x00, 0x00, 0x00, 0x00, 0x00, 0x00, 0x00, 0x00, 0xFF, 0x00, 0x00, 0x00, 0x00, 0xFF,
0x00, 0x00, 0x00, 0x00, 0xFF, 0xFF, 0xFF, 0xFF, 0xFF, 0xFF, 0xFF, 0x00, 0x00, 0x00, 0x00, 0xFF,
0x00, 0x00, 0x00, 0x00, 0xFF, 0x00, 0x00, 0x00, 0x00, 0xFF, 0x00, 0x00, 0x00, 0x00, 0xFF, 0x00,
0x00, 0x00, 0x00, 0xFF, 0x00, 0x00, 0x00, 0x00, 0xFF, 0x00, 0x00, 0x00, 0x00, 0x00, 0xFF, 0xFF,
0xFF, 0xFF, 0xFF, 0xFF, 0xFF, 0x00, 0xFF, 0x00, 0x00, 0x00, 0x00, 0x00, 0x00, 0x00, 0xFF, 0x00,
0x00, 0x00, 0x00, 0x00, 0x00, 0x00, 0xFF, 0x00, 0x00, 0x00, 0x00, 0x00, 0x00, 0x00, 0xFF, 0x00,
0x00, 0x00, 0x00, 0x00, 0x00, 0xFF, 0xFF, 0xFF, 0xFF, 0xFF, 0x00, 0x00, 0x00, 0x00, 0xFF, 0x00,
0x00, 0x00, 0x00, 0x00, 0x00, 0x00, 0xFF, 0x00, 0x00, 0x00, 0x00, 0x00, 0x00, 0x00, 0xFF, 0x00,
0x00, 0x00, 0x00, 0x00, 0x00, 0x00, 0xFF, 0x00, 0x00, 0x00, 0x00, 0x00, 0x00, 0x00, 0xFF, 0x00,
0x00, 0x00, 0x00, 0x00, 0x00, 0x00, 0xFF, 0xFF, 0xFF, 0xFF, 0x00, 0xFF, 0x00, 0x00, 0x00, 0x00,
0xFF, 0x00, 0x00, 0x00, 0xFF, 0xFF, 0xFF, 0xFF, 0x00, 0x00, 0xFF, 0x00, 0x00, 0x00, 0x00, 0xFF,
0x00, 0x00, 0x00, 0x00, 0xFF, 0x00, 0x00, 0x00, 0x00, 0xFF, 0x00, 0x00, 0x00, 0xFF, 0xFF, 0xFF,
0xFF, 0xFF, 0xFF, 0x00, 0x00, 0xFF, 0x00, 0x00, 0x00, 0x00, 0x00, 0x00, 0x00, 0xFF, 0x00, 0x00,
0x00, 0x00, 0x00, 0x00, 0x00, 0xFF, 0x00, 0x00, 0x00, 0x00, 0x00, 0x00, 0x00, 0xFF, 0x73, 0xC6,
0xEF, 0xF4, 0xBF, 0x3A, 0x00, 0xFF, 0x85, 0x39, 0x11, 0x15, 0x63, 0xEB, 0x2B, 0xFF, 0x00, 0x00,
0x00, 0x00, 0x00, 0x78, 0xA2, 0xFF, 0x00, 0x00, 0x00, 0x00, 0x00, 0x24, 0xDD, 0xFF, 0x00, 0x00,
0x00, 0x00, 0x00, 0x09, 0xF8, 0xFF, 0x00, 0x00, 0x00, 0x00, 0x00, 0x1A, 0xF0, 0xFF, 0x00, 0x00,
0x00, 0x00, 0x00, 0x46, 0xC8, 0x00, 0x00, 0x00, 0x00, 0x00, 0x00, 0xBC, 0x75, 0xBC, 0x8A, 0x21,
0x05, 0x23, 0x9E, 0xCD, 0x09, 0x0A, 0x84, 0xDA, 0xF8, 0xDB, 0x75, 0x06, 0x00, 0xFF, 0xFF, 0xFF,
0xFF, 0x00, 0x00, 0xFF, 0x00, 0x00, 0x00, 0x00, 0x00, 0xFF, 0x00, 0x00, 0x00, 0x00, 0x00, 0xFF,
0x00, 0x00, 0x00, 0x00, 0x00, 0xFF, 0xD4, 0xF5, 0xD6, 0x5B, 0x00, 0xFF, 0x1D, 0x07, 0x31, 0xCC,
0x66, 0xFF, 0x00, 0x00, 0x00, 0x2F, 0xDF, 0xFF, 0x00, 0x00, 0x00, 0x09, 0xF8, 0x00, 0x00, 0x00,
0x00, 0x38, 0xCB, 0xD0, 0x69, 0x09, 0x28, 0xCA, 0x44, 0x23, 0xB8, 0xF4, 0xE6, 0x5F, 0x00, 0x02,
0x00, 0x00, 0x00, 0x00, 0x00, 0x00, 0x00, 0x00, 0x00, 0x00, 0x00, 0x02, 0xFE, 0xD8, 0x2B, 0x00,
0x00, 0x00, 0xFF, 0x00, 0x00, 0x00, 0x2A, 0xD9, 0xFF, 0x01, 0x65, 0xC3, 0x00, 0x00, 0x00, 0xFF,
0x00, 0x00, 0x00, 0xC0, 0x6C, 0x03, 0x00, 0x00, 0xD7, 0x2B, 0x00, 0x00, 0xFF, 0x00, 0x00, 0x27,
0xD5, 0x00, 0x00, 0x00, 0x00, 0x73, 0x8F, 0x00, 0x00, 0xFF, 0x00, 0x00, 0x8D, 0x72, 0x00, 0x00,
0x00, 0x00, 0x0F, 0xDA, 0x5B, 0x11, 0xFF, 0x10, 0x5B, 0xD7, 0x0E, 0x00, 0x00, 0x00, 0x00, 0x00,
0x46, 0xFC, 0xFF, 0xFF, 0xFF, 0xF7, 0x36, 0x00, 0x00, 0x00, 0x00, 0x00, 0x28, 0xE6, 0x68, 0x0F,
0xFF, 0x14, 0x6C, 0xD9, 0x13, 0x00, 0x00, 0x00, 0x02, 0xC7, 0x52, 0x00, 0x00, 0xFF, 0x00, 0x00,
0x6A, 0x9E, 0x00, 0x00, 0x00, 0x6D, 0x93, 0x00, 0x00, 0x00, 0xFF, 0x00, 0x00, 0x02, 0xCE, 0x2F,
0x00, 0x1B, 0xD6, 0x0D, 0x00, 0x00, 0x00, 0xFF, 0x00, 0x00, 0x00, 0x47, 0xB9, 0x00, 0xAF, 0x50,
0x00, 0x00, 0x00, 0x00, 0xFF, 0x00, 0x00, 0x00, 0x00, 0xBA, 0xFF, 0x00, 0x00, 0x00, 0x00, 0x00,
0x00, 0x00, 0x00, 0x00, 0x00, 0x00, 0x00, 0xFF, 0x00, 0x00, 0x00, 0x00, 0x00, 0x00, 0x00, 0x00,
0x00, 0x00, 0x00, 0x00, 0xFF, 0x00, 0x00, 0x00, 0x00, 0x00, 0x00, 0x00, 0x00, 0x00, 0x00, 0x00,
0x00, 0xFF, 0xFC, 0xA8, 0x00, 0x00, 0xFF, 0x00, 0x00, 0x0E, 0xC1, 0xFB, 0x09, 0xC8, 0x3C, 0x00,
0xFF, 0x00, 0x00, 0x89, 0x84, 0x04, 0x00, 0x50, 0xBE, 0x16, 0xFF, 0x0C, 0x51, 0xD4, 0x09, 0x00,
0x00, 0x00, 0x93, 0xFF, 0xFF, 0xFF, 0xD2, 0x14, 0x00, 0x00, 0x00, 0x38, 0xD0, 0x21, 0xFF, 0x12,
0x82, 0x8E, 0x00, 0x00, 0x00, 0xC6, 0x37, 0x00, 0xFF, 0x00, 0x01, 0xC8, 0x34, 0x00, 0x44, 0xB7,
0x00, 0x00, 0xFF, 0x00, 0x00, 0x43, 0xBC, 0x00, 0xC1, 0x3A, 0x00, 0x00, 0xFF, 0x00, 0x00, 0x00,
0xBC, 0xFF, 0x00, 0x00, 0x00, 0x00, 0x00, 0x00, 0x00, 0x00, 0x00, 0xFF, 0x00, 0x00, 0x00, 0x00,
0x00, 0x00, 0x00, 0x00, 0x00, 0xFF, 0x00, 0x6A, 0xD5, 0xF5, 0xDD, 0x78, 0x03, 0x6A, 0xCA, 0x34,
0x07, 0x21, 0x9C, 0x8B, 0xD8, 0x24, 0x00, 0x00, 0x00, 0x12, 0xED, 0x00, 0x00, 0x00, 0x00, 0x00,
0x1B, 0xE9, 0x00, 0x00, 0x00, 0x03, 0x24, 0xB7, 0x61, 0x00, 0x00, 0x00, 0xFF, 0xFE, 0x6C, 0x00,
0x00, 0x00, 0x00, 0x02, 0x25, 0xB5, 0x65, 0x00, 0x00, 0x00, 0x00, 0x00, 0x1B, 0xE9, 0xC8, 0x38,
0x00, 0x00, 0x00, 0x10, 0xE9, 0x41, 0xDB, 0x45, 0x09, 0x22, 0x92, 0x98, 0x00, 0x42, 0xC2, 0xF2,
0xFA, 0xA5, 0x0E, 0x00, 0x00, 0x00, 0x10, 0xE4, 0x00, 0x00, 0x00, 0x00, 0x24, 0x40, 0xE9, 0x00,
0x00, 0x00, 0x00, 0xC2, 0xF5, 0x6D, 0x00, 0x00, 0x31, 0xCA, 0xF7, 0xD3, 0x3D, 0xC2, 0x7A, 0x0F,
0x46, 0xDE, 0x00, 0x00, 0x01, 0x4D, 0xDE, 0x00, 0x00, 0xFF, 0xFF, 0x65, 0x00, 0x00, 0x03, 0x62,
0xD0, 0x00, 0x00, 0x00, 0x0D, 0xF7, 0xC3, 0x66, 0x09, 0x6C, 0xDE, 0x32, 0xC3, 0xF5, 0xFA, 0x67,
0x00, 0x00, 0x10, 0xE3, 0x00, 0x00, 0x24, 0x40, 0xE9, 0x00, 0x00, 0xC2, 0xF5, 0x6D, 0x00, 0xFF,
0x00, 0x00, 0x00, 0x00, 0x59, 0xE5, 0xFE, 0xFF, 0x00, 0x00, 0x00, 0x20, 0xE7, 0x3D, 0x04, 0xFF,
0x00, 0x00, 0x00, 0x91, 0x72, 0x00, 0x00, 0xFF, 0x00, 0x00, 0x14, 0xE4, 0x0D, 0x00, 0x00, 0xFF,
0x0E, 0x3C, 0xC3, 0x6C, 0x00, 0x00, 0x00, 0xFF, 0xFF, 0xFF, 0x90, 0x00, 0x00, 0x00, 0x00, 0xFF,
0x10, 0x44, 0xBE, 0x78, 0x00, 0x00, 0x00, 0xFF, 0x00, 0x00, 0x03, 0xB7, 0x4F, 0x00, 0x00, 0xFF,
0x00, 0x00, 0x00, 0x14, 0xD3, 0x1A, 0x00, 0xFF, 0x00, 0x00, 0x00, 0x00, 0x46, 0xB9, 0x01, 0xFF,
0x00, 0x00, 0x00, 0x00, 0x00, 0x8F, 0xFF, 0x00, 0x00, 0x00, 0x00, 0x00, 0x00, 0x00, 0xFF, 0x00,
0x00, 0x00, 0x00, 0x00, 0x00, 0x00, 0xFF, 0x00, 0x00, 0x00, 0x00, 0x00, 0x00, 0x00, 0xFF, 0xFF,
0x00, 0x00, 0x0F, 0xC6, 0xFD, 0xFF, 0x00, 0x00, 0x8C, 0x82, 0x04, 0xFF, 0x0C, 0x50, 0xD5, 0x08,
0x00, 0xFF, 0xFF, 0xE6, 0x23, 0x00, 0x00, 0xFF, 0x0E, 0x5F, 0xC3, 0x09, 0x00, 0xFF, 0x00, 0x00,
0x6D, 0x8C, 0x00, 0xFF, 0x00, 0x00, 0x03, 0xCA, 0x2B, 0xFF, 0x00, 0x00, 0x00, 0x3A, 0xFE, 0x00,
0x00, 0x00, 0x00, 0x00, 0xFF, 0x00, 0x00, 0x00, 0x00, 0x00, 0xFF, 0xFF, 0x00, 0x00, 0x00, 0x00,
0x59, 0xE3, 0xFE, 0xFF, 0x00, 0x00, 0x00, 0x30, 0xE3, 0x3A, 0x04, 0xFF, 0x00, 0xFF, 0x00, 0xC1,
0x51, 0x00, 0x00, 0xFF, 0x00, 0xFF, 0x72, 0xBB, 0x00, 0x00, 0x00, 0xFF, 0x0D, 0xFF, 0xF5, 0x2B,
0x00, 0x00, 0x00, 0xFF, 0xFF, 0xFF, 0x4B, 0x00, 0x00, 0x00, 0x00, 0xFF, 0x14, 0xFF, 0xA5, 0x01,
0x00, 0x00, 0x00, 0xFF, 0x00, 0xFF, 0x6B, 0x93, 0x00, 0x00, 0x00, 0xFF, 0x00, 0xFF, 0x00, 0x72,
0x8C, 0x00, 0x00, 0xFF, 0x00, 0x00, 0x00, 0x00, 0x76, 0x87, 0x00, 0xFF, 0x00, 0x00, 0x00, 0x00,
0x00, 0x7A, 0x82, 0xFF, 0x00, 0x00, 0x1F, 0xD5, 0xFD, 0xFF, 0x00, 0xFF, 0x7A, 0xAF, 0x06, 0xFF,
0x07, 0xFF, 0xF7, 0x34, 0x00, 0xFF, 0xFF, 0xFF, 0x54, 0x00, 0x00, 0xFF, 0x12, 0xFF, 0x99, 0x00,
0x00, 0xFF, 0x00, 0xFF, 0xB4, 0x47, 0x00, 0xFF, 0x00, 0xFF, 0x19, 0xD1, 0x11, 0xFF, 0x00, 0x00,
0x00, 0x55, 0xA7, 0x00, 0xFF, 0x00, 0x00, 0x00, 0x00, 0x50, 0xE2, 0xFE, 0x00, 0xFF, 0x00, 0x00,
0x00, 0x20, 0xE4, 0x3D, 0x04, 0xFF, 0xFF, 0xFF, 0x00, 0x00, 0x8F, 0x72, 0x00, 0x00, 0x00, 0xFF,
0x00, 0x00, 0x14, 0xE0, 0x0C, 0x00, 0x00, 0x00, 0xFF, 0x0E, 0x3C, 0xC3, 0x62, 0x00, 0x00, 0x00,
0x00, 0xFF, 0xFF, 0xFF, 0xC7, 0x06, 0x00, 0x00, 0x00, 0x00, 0xFF, 0x11, 0x49, 0xC7, 0xBA, 0x03,
0x00, 0x00, 0x00, 0xFF, 0x00, 0x00, 0x05, 0xA9, 0x7F, 0x00, 0x00, 0x00, 0xFF, 0x00, 0x00, 0x00,
0x04, 0xC2, 0x39, 0x00, 0x00, 0xFF, 0x00, 0x00, 0x00, 0x00, 0x21, 0xD0, 0x0E, 0x00, 0xFF, 0x00,
0x00, 0x00, 0x00, 0x00, 0x5C, 0xA4, 0x00, 0xFF, 0x00, 0x00, 0x00, 0x00, 0x00, 0xFF, 0xFF, 0xFF,
0xFF, 0xFF, 0x00, 0x00, 0x00, 0xFF, 0x00, 0x00, 0x00, 0x00, 0x00, 0x00, 0xFF, 0x00, 0x00, 0x0F,
0xC6, 0xFD, 0x00, 0xFF, 0x00, 0x00, 0x8B, 0x82, 0x04, 0x00, 0xFF, 0x0C, 0x4E, 0xD5, 0x08, 0x00,
0x00, 0xFF, 0xFF, 0xE8, 0x24, 0x00, 0x00, 0x00, 0xFF, 0x12, 0x7E, 0xC5, 0x04, 0x00, 0x00, 0xFF,
0x00, 0x00, 0x8A, 0x78, 0x00, 0x00, 0xFF, 0x00, 0x00, 0x0A, 0xD6, 0x1F, 0x00, 0xFF, 0x00, 0x00,
0x00, 0x4E, 0xB1, 0xFF, 0xFF, 0xFF, 0xFF, 0x00, 0x00, 0x00, 0x00, 0x50, 0xE2, 0xFE, 0x00, 0x00,
0x00, 0xFF, 0x00, 0x00, 0x00, 0x20, 0xE4, 0x3D, 0x04, 0x00, 0x00, 0x00, 0xFF, 0x00, 0x00, 0x00,
0x8F, 0x72, 0x00, 0x00, 0x00, 0x00, 0x00, 0xFF, 0x00, 0x00, 0x14, 0xE0, 0x0C, 0x00, 0x00, 0x00,
0x00, 0x00, 0xFF, 0x0E, 0x3C, 0xC3, 0x62, 0x00, 0x00, 0x00, 0x00, 0x00, 0x00, 0xFF, 0xFF, 0xFF,
0xC7, 0x06, 0x00, 0x00, 0x00, 0x00, 0x00, 0x00, 0xFF, 0x11, 0x49, 0xC7, 0xBA, 0x03, 0x00, 0x00,
0x00, 0x00, 0x00, 0xFF, 0x00, 0x00, 0x05, 0xA9, 0x7F, 0x00, 0x00, 0x00, 0x00, 0x00, 0xFF, 0x00,
0x00, 0x00, 0x04, 0xC2, 0x39, 0x00, 0x00, 0x00, 0x00, 0xFF, 0x00, 0x00, 0x00, 0x00, 0x21, 0xD0,
0x0E, 0x00, 0x00, 0x00, 0xFF, 0x00, 0x00, 0x00, 0x00, 0x00, 0x5C, 0xA4, 0xFF, 0xFF, 0xFF, 0x00,
0x00, 0x0F, 0xC6, 0xFD, 0x00, 0x00, 0xFF, 0x00, 0x00, 0x8B, 0x82, 0x04, 0x00, 0x00, 0xFF, 0x0C,
0x4E, 0xD5, 0x08, 0x00, 0x00, 0x00, 0xFF, 0xFF, 0xE8, 0x24, 0x00, 0x00, 0x00, 0x00, 0xFF, 0x12,
0x7E, 0xC5, 0x04, 0x00, 0x00, 0x00, 0xFF, 0x00, 0x00, 0x8A, 0x78, 0x00, 0x00, 0x00, 0xFF, 0x00,
0x00, 0x0A, 0xD6, 0x1F, 0x00, 0x00, 0xFF, 0x00, 0x00, 0x00, 0x4E, 0xB1, 0xFF, 0x00, 0x00, 0x00,
0x00, 0x00, 0x00, 0x00, 0xFF, 0x00, 0xFF, 0x00, 0x00, 0x00, 0x00, 0x00, 0x00, 0x00, 0xFF, 0x00,
0xFF, 0x00, 0x00, 0x00, 0x00, 0x00, 0x00, 0x00, 0xFF, 0x00, 0xFF, 0x00, 0x00, 0x00, 0x00, 0x00,
0x00, 0x00, 0xFF, 0x00, 0xFF, 0x00, 0x00, 0x00, 0x00, 0x00, 0x00, 0x00, 0xFF, 0x00, 0xFF, 0xFF,
0xFF, 0xFF, 0xFF, 0xFF, 0xFF, 0xFF, 0xFF, 0x00, 0xFF, 0x00, 0x00, 0x00, 0x00, 0x00, 0x00, 0x00,
0xFF, 0x00, 0xFF, 0x00, 0x00, 0x00, 0x00, 0x00, 0x00, 0x00, 0xFF, 0x00, 0xFF, 0x00, 0x00, 0x00,
0x00, 0x00, 0x00, 0x00, 0xFF, 0x00, 0xFF, 0x00, 0x00, 0x00, 0x00, 0x00, 0x00, 0x00, 0xFF, 0x00,
0xFF, 0x00, 0x00, 0x00, 0x00, 0x00, 0x00, 0x00, 0xFF, 0xFF, 0x00, 0x00, 0x00, 0x00, 0x00, 0x00,
0x00, 0x00, 0x00, 0xFF, 0x00, 0x00, 0x00, 0x00, 0x00, 0x00, 0x00, 0x00, 0x00, 0xFF, 0x00, 0x00,
0x00, 0x00, 0x00, 0x00, 0x00, 0x00, 0x00, 0xFF, 0xFF, 0x00, 0x00, 0x00, 0x00, 0xFF, 0x00, 0xFF,
0x00, 0x00, 0x00, 0x00, 0xFF, 0x00, 0xFF, 0x00, 0x00, 0x00, 0x00, 0xFF, 0x00, 0xFF, 0xFF, 0xFF,
0xFF, 0xFF, 0xFF, 0x00, 0xFF, 0x00, 0x00, 0x00, 0x00, 0xFF, 0x00, 0xFF, 0x00, 0x00, 0x00, 0x00,
0xFF, 0x00, 0xFF, 0x00, 0x00, 0x00, 0x00, 0xFF, 0x00, 0xFF, 0x00, 0x00, 0x00, 0x00, 0xFF, 0xFF,
0x00, 0x00, 0x00, 0x00, 0x00, 0x00, 0xFF, 0x00, 0x00, 0x00, 0x00, 0x00, 0x00, 0xFF, 0xFF, 0x00,
0x00, 0x00, 0x00, 0x00, 0x00, 0xFF, 0xFF, 0xFF, 0xFF, 0xFF, 0xFF, 0x00, 0x00, 0x00, 0x00, 0x00,
0x00, 0xFF, 0x00, 0x00, 0x00, 0x00, 0xFF, 0x00, 0x00, 0x00, 0x00, 0x00, 0x00, 0xFF, 0x00, 0x00,
0x00, 0x00, 0xFF, 0x00, 0x00, 0x00, 0x00, 0x00, 0x00, 0xFF, 0x00, 0x00, 0x00, 0x00, 0xFF, 0x00,
0x00, 0x00, 0x00, 0x00, 0x00, 0xFF, 0x00, 0x00, 0x00, 0x00, 0xFF, 0xFF, 0xFF, 0xFF, 0xFF, 0xFF,
0xFF, 0xFF, 0x00, 0x00, 0x00, 0x00, 0xFF, 0x00, 0x00, 0x00, 0x00, 0x00, 0x00, 0xFF, 0x00, 0x00,
0x00, 0x00, 0xFF, 0x00, 0x00, 0x00, 0x00, 0x00, 0x00, 0xFF, 0x00, 0x00, 0x00, 0x00, 0xFF, 0x00,
0x00, 0x00, 0x00, 0x00, 0x00, 0xFF, 0x00, 0x00, 0x00, 0x00, 0xFF, 0x00, 0x00, 0x00, 0x00, 0x00,
0x00, 0xFF, 0x00, 0x00, 0x00, 0x00, 0xFF, 0x00, 0x00, 0x00, 0x00, 0x00, 0x00, 0xFF, 0x00, 0x00,
0x00, 0x00, 0xFF, 0x00, 0x00, 0x00, 0x00, 0xFF, 0xFF, 0xFF, 0xFF, 0xFF, 0x00, 0x00, 0x00, 0x00,
0xFF, 0x00, 0x00, 0x00, 0xFF, 0x00, 0x00, 0x00, 0x00, 0xFF, 0x00, 0x00, 0x00, 0xFF, 0xFF, 0xFF,
0xFF, 0xFF, 0xFF, 0x00, 0x00, 0x00, 0xFF, 0x00, 0x00, 0x00, 0x00, 0xFF, 0x00, 0x00, 0x00, 0xFF,
0x00, 0x00, 0x00, 0x00, 0xFF, 0x00, 0x00, 0x00, 0xFF, 0x00, 0x00, 0x00, 0x00, 0xFF, 0x00, 0x00,
0x00, 0xFF, 0x00, 0x00, 0x00, 0x00, 0xFF, 0x00, 0x00, 0x00, 0xFF, 0xFF, 0xFF, 0xFF, 0xFF, 0xFF,
0xFF, 0xFF, 0x00, 0x00, 0x00, 0x00, 0x00, 0x00, 0x00, 0xFF, 0x00, 0x00, 0x00, 0x00, 0x00, 0x00,
0xFF, 0x00, 0x00, 0x00, 0x00, 0x00, 0x00, 0x00, 0xFF, 0x00, 0x00, 0x00, 0x00, 0x00, 0x00, 0xFF,
0x00, 0x00, 0x00, 0x00, 0x00, 0x00, 0x00, 0xFF, 0x00, 0x00, 0x00, 0x00, 0x00, 0x00, 0xFF, 0x00,
0x00, 0x00, 0x00, 0x00, 0x00, 0x00, 0xFF, 0x00, 0x00, 0x00, 0x00, 0x00, 0x00, 0xFF, 0x73, 0xC6,
0xEF, 0xF4, 0xBF, 0x3A, 0x00, 0xFF, 0x00, 0x00, 0x00, 0x00, 0x00, 0x00, 0xFF, 0x85, 0x39, 0x11,
0x15, 0x63, 0xEB, 0x2B, 0xFF, 0x00, 0x00, 0x00, 0x00, 0x00, 0x00, 0xFF, 0x00, 0x00, 0x00, 0x00,
0x00, 0x78, 0xA2, 0xFF, 0x00, 0x00, 0x00, 0x00, 0x00, 0x00, 0xFF, 0x00, 0x00, 0x00, 0x00, 0x00,
0x24, 0xDD, 0xFF, 0x00, 0x00, 0x00, 0x00, 0x00, 0x00, 0xFF, 0x00, 0x00, 0x00, 0x00, 0x00, 0x09,
0xF8, 0xFF, 0x00, 0x00, 0x00, 0x00, 0x00, 0x00, 0xFF, 0x00, 0x00, 0x00, 0x00, 0x00, 0x1A, 0xF0,
0xFF, 0x00, 0x00, 0x00, 0x00, 0x00, 0x00, 0xFF, 0x00, 0x00, 0x00, 0x00, 0x00, 0x46, 0xC8, 0x00,
0x00, 0x00, 0x00, 0x00, 0x00, 0x00, 0x00, 0x00, 0x00, 0x00, 0x00, 0x00, 0xBC, 0x75, 0x00, 0x00,
0x00, 0x00, 0x00, 0x00, 0x00, 0xBC, 0x8A, 0x21, 0x05, 0x23, 0x9E, 0xCD, 0x09, 0x00, 0x00, 0x00,
0x00, 0x00, 0x00, 0x00, 0x0A, 0x84, 0xDA, 0xF8, 0xDB, 0x75, 0x06, 0x00, 0xFF, 0xFF, 0xFF, 0xFF,
0xFF, 0xFF, 0x00, 0x00, 0x00, 0x00, 0x00, 0xFF, 0x00, 0x00, 0x00, 0x00, 0xFF, 0x00, 0x00, 0x00,
0x00, 0x00, 0xFF, 0x00, 0x00, 0x00, 0x00, 0xFF, 0x00, 0x00, 0x00, 0x00, 0x00, 0xFF, 0x00, 0x00,
0x00, 0x00, 0xFF, 0x00, 0x00, 0x00, 0x00, 0x00, 0xFF, 0x00, 0x00, 0x00, 0x00, 0xFF, 0xD4, 0xF5,
0xD6, 0x5B, 0x00, 0xFF, 0x00, 0x00, 0x00, 0x00, 0xFF, 0x1D, 0x07, 0x31, 0xCC, 0x66, 0xFF, 0x00,
0x00, 0x00, 0x00, 0xFF, 0x00, 0x00, 0x00, 0x2F, 0xDF, 0xFF, 0x00, 0x00, 0x00, 0x00, 0xFF, 0x00,
0x00, 0x00, 0x09, 0xF8, 0x00, 0x00, 0x00, 0x00, 0x00, 0x00, 0x00, 0x00, 0x00, 0x38, 0xCB, 0x00,
0x00, 0x00, 0x00, 0x00, 0xD0, 0x69, 0x09, 0x28, 0xCA, 0x44, 0x00, 0x00, 0x00, 0x00, 0x00, 0x23,
0xB8, 0xF4, 0xE6, 0x5F, 0x00, 0x00, 0x00, 0x5C, 0xED, 0xB5, 0x00, 0x00, 0x00, 0x00, 0x00, 0x00,
0x2C, 0xC6, 0x15, 0x25, 0xB2, 0xF6, 0xB4, 0x0D, 0x00, 0x00, 0x99, 0x51, 0x00, 0x83, 0x86, 0x0D,
0x81, 0x8B, 0x00, 0x00, 0xE8, 0x10, 0x00, 0xCE, 0x0E, 0x00, 0x3B, 0xD0, 0x00, 0x07, 0xEF, 0x00,
0x00, 0xED, 0x00, 0x00, 0x0F, 0xEE, 0x00, 0x1B, 0xE4, 0x00, 0x00, 0xFB, 0x04, 0x00, 0x05, 0xFA,
0x00, 0x11, 0xF1, 0x00, 0x00, 0xE8, 0x19, 0x00, 0x19, 0xE7, 0x00, 0x00, 0xEA, 0x11, 0x00, 0xAC,
0x56, 0x00, 0x56, 0xAA, 0x00, 0x00, 0xA3, 0x5E, 0x00, 0x38, 0xCC, 0x10, 0xCC, 0x35, 0x00, 0x00,
0x29, 0xEB, 0x6C, 0x12, 0x72, 0xEE, 0x6D, 0x11, 0x28, 0x00, 0x00, 0x3D, 0xC9, 0xF8, 0xE5, 0xAB,
0xE3, 0xF7, 0xA9, 0x00, 0x70, 0xEC, 0xB3, 0x00, 0x00, 0x00, 0x00, 0x6F, 0xBC, 0x15, 0x32, 0xD4,
0xD4, 0x20, 0x00, 0xCE, 0x39, 0x00, 0xAD, 0x68, 0x6D, 0xAC, 0x00, 0xF2, 0x0C, 0x00, 0xF0, 0x15,
0x17, 0xEF, 0x00, 0xF0, 0x0F, 0x00, 0xEF, 0x16, 0x17, 0xEF, 0x00, 0xC6, 0x4B, 0x00, 0xC6, 0x59,
0x59, 0xC7, 0x00, 0x51, 0xDE, 0x3F, 0x5D, 0xED, 0xED, 0x5E, 0x1E, 0x00, 0x64, 0xDA, 0xFA, 0xDF,
0xDC, 0xF9, 0xB3, 0x00, 0x00, 0x5F, 0xC7, 0xF2, 0xEA, 0xB0, 0x2E, 0x00, 0x00, 0xA2, 0xC0, 0x3E,
0x0C, 0x17, 0x72, 0xED, 0x32, 0x5A, 0xC7, 0x05, 0x00, 0x00, 0x00, 0x00, 0x74, 0xBC, 0xBC, 0x4F,
0x00, 0x00, 0x00, 0x00, 0x00, 0x0A, 0x41, 0xEA, 0x15, 0x00, 0x00, 0x00, 0x00, 0x00, 0x00, 0x00,
0xF9, 0x04, 0x00, 0x00, 0x00, 0x00, 0x00, 0x00, 0x00, 0xE5, 0x15, 0x00, 0x00, 0x00, 0x00, 0x00,
0x00, 0x00, 0xAC, 0x4E, 0x00, 0x00, 0x00, 0x00, 0x00, 0x16, 0x78, 0x48, 0xC3, 0x03, 0x00, 0x00,
0x00, 0x00, 0x81, 0xB0, 0x00, 0x95, 0xBA, 0x37, 0x09, 0x1C, 0x7C, 0xF2, 0x2E, 0x00, 0x00, 0x5A,
0xC2, 0xF0, 0xFA, 0xBC, 0x38, 0x00, 0x00, 0x00, 0x00, 0x00, 0x10, 0xE5, 0x00, 0x00, 0x00, 0x00,
0x00, 0x00, 0x24, 0x40, 0xE9, 0x00, 0x00, 0x00, 0x00, 0x00, 0x00, 0xC2, 0xF5, 0x6D, 0x00, 0x00,
0x00, 0x03, 0x85, 0xE5, 0xF6, 0xC5, 0x31, 0x76, 0x97, 0x1D, 0x09, 0x69, 0xC6, 0xC9, 0x08, 0x00,
0x00, 0x00, 0x00, 0xED, 0x00, 0x00, 0x00, 0x00, 0x00, 0xEC, 0x00, 0x00, 0x00, 0x00, 0x00, 0xCA,
0x0C, 0x00, 0x00, 0x00, 0x00, 0x70, 0x9A, 0x19, 0x09, 0x66, 0xC2, 0x04, 0x97, 0xF4, 0xF8, 0xA6,
0x1F, 0x00, 0x00, 0x0E, 0xE5, 0x00, 0x00, 0x00, 0x24, 0x40, 0xEA, 0x00, 0x00, 0x00, 0xC2, 0xF5,
0x6D, 0x00, 0x00, 0xFF, 0xFF, 0xFF, 0xFF, 0xFF, 0xFF, 0xFF, 0xFF, 0xFF, 0x00, 0x00, 0x00, 0x00,
0xFF, 0x00, 0x00, 0x00, 0x00, 0x00, 0x00, 0x00, 0x00, 0xFF, 0x00, 0x00, 0x00, 0x00, 0x00, 0x00,
0x00, 0x00, 0xFF, 0x00, 0x00, 0x00, 0x00, 0x00, 0x00, 0x00, 0x00, 0xFF, 0x00, 0x00, 0x00, 0x00,
0x00, 0x00, 0x00, 0x00, 0xFF, 0x00, 0x00, 0x00, 0x00, 0x00, 0x00, 0x00, 0x00, 0xFF, 0x00, 0x00,
0x00, 0x00, 0x00, 0x00, 0x00, 0x00, 0xFF, 0x00, 0x00, 0x00, 0x00, 0x00, 0x00, 0x00, 0x00, 0xFF,
0x00, 0x00, 0x00, 0x00, 0x00, 0x00, 0x00, 0x00, 0xFF, 0x00, 0x00, 0x00, 0x00, 0x00, 0x00, 0x00,
0x00, 0xFF, 0xFF, 0x00, 0x00, 0x00, 0x00, 0x00, 0x00, 0x00, 0x00, 0xFF, 0x00, 0x00, 0x00, 0x00,
0x00, 0x00, 0x00, 0x00, 0xFF, 0x00, 0x00, 0x00, 0x00, 0x00, 0x00, 0x00, 0x00, 0xFF, 0x00, 0x00,
0x00, 0xFF, 0xFF, 0xFF, 0xFF, 0xFF, 0xFF, 0xFF, 0x00, 0x00, 0x00, 0xFF, 0x00, 0x00, 0x00, 0x00,
0x00, 0x00, 0xFF, 0x00, 0x00, 0x00, 0x00, 0x00, 0x00, 0xFF, 0x00, 0x00, 0x00, 0x00, 0x00, 0x00,
0xFF, 0x00, 0x00, 0x00, 0x00, 0x00, 0x00, 0xFF, 0x00, 0x00, 0x00, 0x00, 0x00, 0x00, 0xFF, 0x00,
0x00, 0x00, 0x00, 0x00, 0x00, 0xFF, 0xFF, 0x00, 0x00, 0x00, 0x00, 0x00, 0x00, 0xFF, 0x00, 0x00,
0x00, 0x00, 0x00, 0x00, 0xFF, 0x00, 0x00, 0xC0, 0x41, 0x00, 0x00, 0x00, 0x40, 0xBF, 0x40, 0xC4,
0x00, 0x00, 0x00, 0xC2, 0x3F, 0x00, 0xC0, 0x48, 0x00, 0x44, 0xBF, 0x00, 0x00, 0x40, 0xCB, 0x00,
0xC5, 0x3F, 0x00, 0x00, 0x00, 0xC0, 0x88, 0xBF, 0x00, 0x00, 0x00, 0x00, 0x40, 0xFF, 0x3F, 0x00,
0x00, 0x00, 0x00, 0x00, 0xFF, 0x00, 0x00, 0x00, 0x00, 0x00, 0x00, 0xFF, 0x00, 0x00, 0x00, 0x00,
0x00, 0x00, 0xFF, 0x00, 0x00, 0x00, 0x00, 0x00, 0x00, 0xFF, 0x00, 0x00, 0x00, 0x00, 0x00, 0x00,
0xFF, 0x00, 0x00, 0x00, 0xD0, 0x2D, 0x00, 0x00, 0x00, 0x2D, 0xCE, 0x71, 0x91, 0x00, 0x00, 0x00,
0x92, 0x6F, 0x15, 0xE8, 0x07, 0x00, 0x07, 0xE8, 0x15, 0x00, 0xB1, 0x58, 0x00, 0x59, 0xAF, 0x00,
0x00, 0x51, 0xBB, 0x00, 0xBC, 0x4F, 0x00, 0x00, 0x05, 0xE8, 0x32, 0xE7, 0x05, 0x00, 0x00, 0x00,
0x91, 0xD4, 0x8F, 0x00, 0x00, 0x00, 0x00, 0x30, 0xFF, 0x2F, 0x00, 0x00, 0x00, 0x00, 0x00, 0xFF,
0x00, 0x00, 0x00, 0x00, 0x00, 0x00, 0xFF, 0x00, 0x00, 0x00, 0x00, 0x00, 0x00, 0xFF, 0x00, 0x00,
0x00, 0xA9, 0x53, 0x00, 0x00, 0x00, 0x00, 0x41, 0xBE, 0x13, 0xD3, 0x16, 0x00, 0x00, 0x00, 0xC3,
0x3C, 0x00, 0x4E, 0xAF, 0x00, 0x00, 0x46, 0xB9, 0x00, 0x00, 0x00, 0xA1, 0x5F, 0x00, 0xC6, 0x37,
0x00, 0x00, 0x00, 0x0F, 0xD1, 0x5A, 0xB5, 0x00, 0x00, 0xFF, 0xFF, 0xFF, 0xFF, 0xFC, 0xFF, 0xFF,
0xFF, 0x00, 0x00, 0x00, 0x00, 0xFF, 0x00, 0x00, 0x00, 0x00, 0x00, 0x00, 0x00, 0xFF, 0x00, 0x00,
0x00, 0x00, 0x00, 0x00, 0x00, 0xFF, 0x00, 0x00, 0x00, 0x00, 0x00, 0x00, 0x00, 0xFF, 0x00, 0x00,
0x00, 0x00, 0x00, 0x00, 0x00, 0xFF, 0x00, 0x00, 0x00, 0xD0, 0x2D, 0x00, 0x00, 0x00, 0x2D, 0xCE,
0x71, 0x91, 0x00, 0x00, 0x00, 0x92, 0x6F, 0x15, 0xE8, 0x07, 0x00, 0x07, 0xE8, 0x15, 0x00, 0xB1,
0x58, 0x00, 0x59, 0xAF, 0x00, 0x00, 0x51, 0xBB, 0x00, 0xBC, 0x4F, 0x00, 0x00, 0x05, 0xE8, 0x32,
0xE7, 0x05, 0x00, 0x00, 0x00, 0x91, 0xD4, 0x8F, 0x00, 0x00, 0x00, 0x00, 0x30, 0xFF, 0x2F, 0x00,
0x00, 0x00, 0xFF, 0xFF, 0xFF, 0xFF, 0xFF, 0x00, 0x00, 0x00, 0x00, 0xFF, 0x00, 0x00, 0x00, 0x00,
0x00, 0x00, 0xFF, 0x00, 0x00, 0x00, 0x9B, 0x7E, 0x00, 0x00, 0x00, 0x00, 0x00, 0x00, 0x6B, 0x96,
0x07, 0xC8, 0x4F, 0x00, 0x00, 0x00, 0x00, 0x45, 0xBC, 0x05, 0x00, 0x1C, 0xDC, 0x2A, 0x00, 0x00,
0x27, 0xCE, 0x14, 0x00, 0x00, 0x00, 0x40, 0xD6, 0x0F, 0x11, 0xCF, 0x2D, 0x00, 0x00, 0x00, 0x00,
0x00, 0x72, 0xAF, 0xB2, 0x51, 0x00, 0x00, 0x00, 0x00, 0x00, 0x00, 0x00, 0xC8, 0xAB, 0x00, 0x00,
0x00, 0x00, 0x00, 0x00, 0x00, 0x52, 0xB4, 0xD2, 0x3F, 0x00, 0x00, 0x00, 0x00, 0x00, 0x2E, 0xCD,
0x10, 0x26, 0xD6, 0x1C, 0x00, 0x00, 0x00, 0x14, 0xCD, 0x25, 0x00, 0x00, 0x3D, 0xC2, 0x06, 0x00,
0x05, 0xBB, 0x42, 0x00, 0x00, 0x00, 0x00, 0x5B, 0x99, 0x00, 0x97, 0x67, 0x00, 0x00, 0x00, 0x00,
0x00, 0x00, 0x7E, 0xFF, 0x00, 0x00, 0x00, 0x00, 0x00, 0x00, 0x00, 0x00, 0x00, 0xFF, 0x00, 0x00,
0x00, 0x00, 0x00, 0x00, 0x00, 0x00, 0x00, 0xFF, 0x00, 0x00, 0x00, 0x00, 0x00, 0x00, 0x00, 0x00,
0x00, 0xFF, 0xA4, 0x58, 0x00, 0x00, 0x00, 0x5D, 0x9E, 0x0E, 0xCF, 0x22, 0x00, 0x2C, 0xCA, 0x0A,
0x00, 0x39, 0xC4, 0x0F, 0xCC, 0x29, 0x00, 0x00, 0x00, 0x7D, 0xDF, 0x5E, 0x00, 0x00, 0x00, 0x00,
0x60, 0xF3, 0x39, 0x00, 0x00, 0x00, 0x29, 0xC8, 0x28, 0xCE, 0x0E, 0x00, 0x0A, 0xC8, 0x29, 0x00,
0x57, 0xA3, 0x00, 0x9F, 0x5C, 0x00, 0x00, 0x00, 0xA0, 0xFF, 0x00, 0x00, 0x00, 0x00, 0x00, 0x00,
0xFF, 0x00, 0x00, 0x00, 0x00, 0x00, 0x00, 0xFF, 0xFF, 0xFF, 0xFF, 0xFF, 0xFF, 0xFF, 0xFF, 0xFF,
0xFF, 0x00, 0x00, 0xFF, 0x00, 0x00, 0x00, 0x00, 0x00, 0xFF, 0x00, 0x00, 0x00, 0x00, 0x00, 0x00,
0xFF, 0x00, 0x00, 0x00, 0x00, 0x00, 0xFF, 0x00, 0x00, 0x00, 0x00, 0x00, 0x00, 0xFF, 0x00, 0x00,
0x00, 0x00, 0x00, 0xFF, 0x00, 0x00, 0x00, 0x00, 0x00, 0x00, 0xFF, 0x00, 0x00, 0x00, 0x00, 0x00,
0xFF, 0x00, 0x00, 0x00, 0x00, 0x00, 0x00, 0xFF, 0x00, 0x00, 0x00, 0x00, 0x00, 0xFF, 0x00, 0x00,
0x00, 0x00, 0x00, 0x00, 0xFF, 0x00, 0x00, 0x00, 0x00, 0x00, 0xFF, 0x00, 0x00, 0x00, 0x00, 0x00,
0x00, 0xFF, 0x00, 0x00, 0x00, 0x00, 0x00, 0xFF, 0x00, 0x00, 0x00, 0x00, 0x00, 0x00, 0xFF, 0x00,
0x00, 0x00, 0x00, 0x00, 0xFF, 0x00, 0x00, 0x00, 0x00, 0x00, 0x00, 0xFF, 0x00, 0x00, 0x00, 0x00,
0x00, 0xFF, 0x00, 0x00, 0x00, 0x00, 0x00, 0x00, 0xFF, 0x00, 0x00, 0x00, 0x00, 0x00, 0xFF, 0xFF,
0xFF, 0xFF, 0xFF, 0xFF, 0xFF, 0xFF, 0xFF, 0x00, 0x00, 0x00, 0x00, 0x00, 0x00, 0x00, 0x00, 0x00,
0x00, 0x00, 0x00, 0xFF, 0x00, 0x00, 0x00, 0x00, 0x00, 0x00, 0x00, 0x00, 0x00, 0x00, 0x00, 0x00,
0xFF, 0x00, 0x00, 0x00, 0x00, 0x00, 0x00, 0x00, 0x00, 0x00, 0x00, 0x00, 0x00, 0xFF, 0xFF, 0xFF,
0xFF, 0xFF, 0xFF, 0xFF, 0xFF, 0x00, 0xFF, 0x00, 0x00, 0x00, 0x00, 0xFF, 0x00, 0x00, 0x00, 0x00,
0xFF, 0x00, 0x00, 0x00, 0x00, 0xFF, 0x00, 0x00, 0x00, 0x00, 0xFF, 0x00, 0x00, 0x00, 0x00, 0xFF,
0x00, 0x00, 0x00, 0x00, 0xFF, 0x00, 0x00, 0x00, 0x00, 0xFF, 0x00, 0x00, 0x00, 0x00, 0xFF, 0x00,
0x00, 0x00, 0x00, 0xFF, 0x00, 0x00, 0x00, 0x00, 0xFF, 0x00, 0x00, 0x00, 0x00, 0xFF, 0x00, 0x00,
0x00, 0x00, 0xFF, 0x00, 0x00, 0x00, 0x00, 0xFF, 0xFF, 0xFF, 0xFF, 0xFF, 0xFF, 0xFF, 0x00, 0x00,
0x00, 0x00, 0x00, 0x00, 0x00, 0x00, 0x00, 0xFF, 0x00, 0x00, 0x00, 0x00, 0x00, 0x00, 0x00, 0x00,
0x00, 0xFF, 0xFF, 0x00, 0x00, 0x00, 0x00, 0x00, 0xFF, 0x00, 0xFF, 0x00, 0x00, 0x00, 0x00, 0x00,
0xFF, 0x00, 0xFF, 0x00, 0x00, 0x00, 0x00, 0x00, 0xFF, 0x00, 0xF4, 0x00, 0x00, 0x00, 0x00, 0x00,
0xFF, 0x00, 0xD9, 0x09, 0x00, 0x00, 0x00, 0x00, 0xFF, 0x00, 0x8D, 0x92, 0x16, 0x0D, 0x32, 0x80,
0xFF, 0x00, 0x07, 0x92, 0xED, 0xF0, 0xC7, 0x77, 0xFF, 0x00, 0x00, 0x00, 0x00, 0x00, 0x00, 0x00,
0xFF, 0x00, 0x00, 0x00, 0x00, 0x00, 0x00, 0x00, 0xFF, 0x00, 0x00, 0x00, 0x00, 0x00, 0x00, 0x00,
0xFF, 0x00, 0x00, 0x00, 0x00, 0x00, 0x00, 0x00, 0xFF, 0xFF, 0x00, 0x00, 0x00, 0x00, 0x00, 0x00,
0x00, 0xFF, 0x00, 0x00, 0x00, 0x00, 0x00, 0x00, 0x00, 0xFF, 0x00, 0x00, 0x00, 0x00, 0x00, 0x00,
0x00, 0xFF, 0xFF, 0x00, 0x00, 0x00, 0x00, 0xFF, 0x00, 0xFF, 0x00, 0x00, 0x00, 0x00, 0xFF, 0x00,
0xEC, 0x11, 0x00, 0x00, 0x00, 0xFF, 0x00, 0xB1, 0x89, 0x0E, 0x11, 0x46, 0xFF, 0x00, 0x19, 0xB2,
0xF6, 0xED, 0xBC, 0xFF, 0x00, 0x00, 0x00, 0x00, 0x00, 0x00, 0xFF, 0x00, 0x00, 0x00, 0x00, 0x00,
0x00, 0xFF, 0x00, 0x00, 0x00, 0x00, 0x00, 0x00, 0xFF, 0xFF, 0x00, 0x00, 0x00, 0x00, 0x00, 0x00,
0xFF, 0x00, 0x00, 0x00, 0x00, 0x00, 0x00, 0xFF, 0xFF, 0x00, 0x00, 0x00, 0x00, 0x00, 0xFF, 0xFF,
0x00, 0x00, 0x00, 0x00, 0x00, 0xFF, 0xFF, 0x00, 0x00, 0x00, 0x00, 0x00, 0xFF, 0xFB, 0x02, 0x00,
0xFF, 0x00, 0x00, 0xFF, 0xE4, 0x15, 0x00, 0xFF, 0x00, 0x00, 0xFF, 0x98, 0x7D, 0x0E, 0xFF, 0x30,
0x7C, 0xFF, 0x0C, 0xA4, 0xF5, 0xFF, 0xC8, 0x7A, 0xFF, 0x00, 0x00, 0x00, 0xFF, 0x00, 0x00, 0xFF,
0x00, 0x00, 0x00, 0xFF, 0x00, 0x00, 0xFF, 0x00, 0x00, 0x00, 0x00, 0x00, 0x00, 0xFF, 0x00, 0x00,
0x00, 0x00, 0x00, 0x00, 0xFF, 0xFF, 0x00, 0x00, 0x00, 0x00, 0xFF, 0xFF, 0x00, 0x00, 0x00, 0x00,
0xFF, 0xF4, 0x13, 0x00, 0xFF, 0x00, 0xFF, 0xAB, 0x8A, 0x1B, 0xFF, 0x2F, 0xFF, 0x12, 0xA1, 0xF3,
0xFF, 0xC8, 0xFF, 0x00, 0x00, 0x00, 0xFF, 0x00, 0xFF, 0x00, 0x00, 0x00, 0xFF, 0x00, 0xFF, 0x00,
0x00, 0x00, 0x00, 0x00, 0xFF, 0xFF, 0x00, 0x00, 0x00, 0x00, 0x00, 0x00, 0x00, 0xFF, 0x00, 0x00,
0x00, 0x00, 0x00, 0x00, 0x00, 0xFF, 0x00, 0x00, 0x00, 0x00, 0x00, 0x00, 0x00, 0xFF, 0x00, 0x00,
0x00, 0x00, 0x00, 0x00, 0x00, 0xFF, 0x6D, 0xB6, 0xE4, 0xF8, 0xD8, 0x6F, 0x01, 0xFF, 0x88, 0x42,
0x1A, 0x08, 0x30, 0xCC, 0x68, 0xFF, 0x00, 0x00, 0x00, 0x00, 0x00, 0x36, 0xCD, 0xFF, 0x00, 0x00,
0x00, 0x00, 0x00, 0x0A, 0xF6, 0xFF, 0x00, 0x00, 0x00, 0x00, 0x00, 0x00, 0xFF, 0xFF, 0x00, 0x00,
0x00, 0x00, 0x00, 0x00, 0xFF, 0xFF, 0x00, 0x00, 0x00, 0x00, 0x00, 0x00, 0xFF, 0xFF, 0x00, 0x00,
0x00, 0x00, 0x00, 0xFF, 0x00, 0x00, 0x00, 0x00, 0x00, 0xFF, 0x00, 0x00, 0x00, 0x00, 0x00, 0xFF,
0x66, 0xD8, 0xFD, 0xFA, 0x50, 0xFF, 0xBE, 0x24, 0x00, 0x52, 0xFA, 0xFF, 0x25, 0x00, 0x00, 0x00,
0xFF, 0xFF, 0x03, 0x00, 0x00, 0x00, 0xFF, 0xFF, 0x00, 0x00, 0x00, 0x00, 0xFF, 0xFF, 0x00, 0x00,
0x00, 0x00, 0xFF, 0xFF, 0x00, 0x00, 0x00, 0x00, 0xFF, 0xFF, 0x00, 0x00, 0x00, 0x00, 0xFF, 0x00,
0x00, 0x00, 0x05, 0x71, 0xCF, 0xF4, 0xF5, 0xCF, 0x73, 0x05, 0x00, 0x00, 0x00, 0x00, 0xB1, 0xC7,
0x42, 0x0A, 0x0A, 0x42, 0xC7, 0xB8, 0x03, 0x00, 0x00, 0x52, 0xD6, 0x07, 0x00, 0x00, 0x00, 0x00,
0x07, 0xD6, 0x67, 0x8A, 0x01, 0xB9, 0x52, 0x00, 0x00, 0x00, 0x00, 0x00, 0x00, 0x52, 0xC4, 0xED,
0x1E, 0xE9, 0x18, 0x00, 0x00, 0x00, 0x00, 0x00, 0x00, 0x18, 0xF0, 0x66, 0xEC, 0xFF, 0xFF, 0xFF,
0xFF, 0xFF, 0xFF, 0xFF, 0xFF, 0xFF, 0xFE, 0x00, 0x00, 0xE0, 0x27, 0x00, 0x00, 0x00, 0x00, 0x00,
0x00, 0x00, 0x00, 0x00, 0x00, 0xA7, 0x5D, 0x00, 0x00, 0x00, 0x00, 0x00, 0x00, 0x00, 0x00, 0x00,
0x00, 0x3A, 0xD7, 0x06, 0x00, 0x00, 0x00, 0x00, 0x42, 0xB9, 0x00, 0x00, 0x00, 0x00, 0x83, 0xBD,
0x37, 0x06, 0x13, 0x59, 0xE8, 0x55, 0x00, 0x00, 0x00, 0x00, 0x00, 0x56, 0xC7, 0xF3, 0xEC, 0xB9,
0x42, 0x00, 0x00, 0x00, 0x00, 0x00, 0x02, 0x80, 0xE3, 0xF1, 0x95, 0x04, 0x00, 0x00, 0x00, 0x76,
0x8F, 0x1A, 0x15, 0x8B, 0x76, 0xF1, 0x32, 0x03, 0xD6, 0x21, 0x00, 0x00, 0x0F, 0xD6, 0x79, 0xDE,
0xF8, 0xFF, 0xFF, 0xFF, 0xFF, 0xFF, 0xF8, 0x00, 0x00, 0x00, 0xED, 0x10, 0x00, 0x00, 0x00, 0x00,
0x00, 0x00, 0x00, 0xC1, 0x3A, 0x00, 0x00, 0x00, 0x00, 0x00, 0x00, 0x00, 0x56, 0x95, 0x0E, 0x14,
0x82, 0xBF, 0x00, 0x00, 0x00, 0x00, 0x7C, 0xEA, 0xF4, 0xBC, 0x24, 0x00, 0x00, 0x00, 0x00, 0x5D,
0xCB, 0xF4, 0xF5, 0xCC, 0x5E, 0x00, 0x00, 0x00, 0x00, 0x00, 0x63, 0xC5, 0x41, 0x0A, 0x0A, 0x41,
0xC6, 0x6B, 0x00, 0x00, 0x00, 0x33, 0xCE, 0x06, 0x00, 0x00, 0x00, 0x00, 0x06, 0xD1, 0x3A, 0xD0,
0x09, 0xB0, 0x51, 0x00, 0x00, 0x00, 0x00, 0x00, 0x00, 0x51, 0xB1, 0xED, 0x2A, 0xEE, 0x18, 0x00,
0x00, 0x00, 0x00, 0x00, 0x00, 0x18, 0xEC, 0x66, 0xEC, 0xFF, 0xFF, 0xFF, 0xFF, 0xFF, 0xFF, 0xFF,
0xFF, 0xFF, 0xFE, 0x00, 0x00, 0xDB, 0x2A, 0x00, 0x00, 0x00, 0x00, 0x00, 0x00, 0x00, 0x00, 0x00,
0x00, 0x9C, 0x68, 0x00, 0x00, 0x00, 0x00, 0x00, 0x00, 0x16, 0xBD, 0x00, 0x00, 0x2B, 0xE0, 0x13,
0x00, 0x00, 0x00, 0x00, 0x00, 0x66, 0x8E, 0x00, 0x00, 0x00, 0x5C, 0xD2, 0x54, 0x12, 0x07, 0x22,
0x76, 0xCB, 0x0D, 0x00, 0x00, 0x00, 0x00, 0x2D, 0xA4, 0xE7, 0xFF, 0xE2, 0x93, 0x10, 0x00, 0x00,
0x00, 0x00, 0x00, 0x00, 0x00, 0x00, 0xFF, 0x00, 0x00, 0x00, 0x00, 0x00, 0x00, 0x00, 0x00, 0x00,
0x00, 0x00, 0xFF, 0x00, 0x00, 0x00, 0x00, 0x00, 0x00, 0x00, 0x59, 0xD0, 0xF6, 0xDE, 0x72, 0x00,
0xD3, 0x09, 0x5F, 0xD6, 0x3A, 0x0A, 0x30, 0xC5, 0x62, 0xF0, 0x2B, 0xD0, 0x3A, 0x00, 0x00, 0x00,
0x22, 0xD0, 0x6D, 0xEE, 0xFF, 0xFF, 0xFF, 0xFF, 0xFF, 0xFF, 0xF7, 0x00, 0x00, 0xEC, 0x17, 0x00,
0x00, 0x00, 0x00, 0x00, 0x00, 0x00, 0xBB, 0x64, 0x00, 0x00, 0x00, 0x3A, 0xC6, 0x00, 0x00, 0x49,
0xEE, 0x53, 0x0D, 0x32, 0xD9, 0x61, 0x00, 0x00, 0x00, 0x5B, 0xD7, 0xFF, 0xE4, 0x70, 0x00, 0x00,
0x00, 0x00, 0x00, 0x00, 0xFF, 0x00, 0x00, 0x00, 0x00, 0x00, 0x00, 0x00, 0x00, 0xFF, 0x00, 0x00,
0x00, 0xFF, 0xFF, 0xFF, 0xFF, 0xFF, 0xFF, 0xFF, 0xFF, 0xFF, 0xFF, 0xFF, 0x00, 0x00, 0x00, 0x00,
0x00, 0x00, 0xE2, 0x48, 0x4B, 0xE1, 0x00, 0x00, 0x00, 0x00, 0x00, 0x00, 0x00, 0x00, 0x00, 0x00,
0x00, 0x54, 0xE9, 0xE9, 0x54, 0x00, 0x00, 0x00, 0x00, 0x00, 0x00, 0x00, 0x00, 0x00, 0x00, 0x00,
0x00, 0x00, 0x00, 0x00, 0x00, 0x00, 0x00, 0x00, 0x00, 0xFE, 0xDF, 0x42, 0x00, 0x00, 0x00, 0x00,
0xFF, 0x00, 0x00, 0x00, 0x00, 0x3F, 0xDE, 0xFD, 0x03, 0x36, 0xE4, 0x17, 0x00, 0x00, 0x00, 0xFF,
0x00, 0x00, 0x00, 0x15, 0xE3, 0x35, 0x01, 0x00, 0x00, 0x7E, 0x82, 0x00, 0x00, 0x00, 0xFF, 0x00,
0x00, 0x00, 0x81, 0x7E, 0x00, 0x00, 0x00, 0x00, 0x13, 0xE0, 0x0B, 0x00, 0x00, 0xFF, 0x00, 0x00,
0x0C, 0xDF, 0x12, 0x00, 0x00, 0x00, 0x00, 0x00, 0x7C, 0xA3, 0x22, 0x07, 0xFF, 0x06, 0x21, 0xA8,
0x78, 0x00, 0x00, 0x00, 0x00, 0x00, 0x00, 0x01, 0xA7, 0xFF, 0xFF, 0xFF, 0xFF, 0xFF, 0xAE, 0x01,
0x00, 0x00, 0x00, 0x00, 0x00, 0x03, 0xAD, 0xB1, 0x3A, 0x09, 0xFF, 0x0A, 0x38, 0xB4, 0xAC, 0x03,
0x00, 0x00, 0x00, 0x00, 0x85, 0x7E, 0x00, 0x00, 0x00, 0xFF, 0x00, 0x00, 0x00, 0x72, 0x85, 0x00,
0x00, 0x00, 0x3E, 0xBD, 0x02, 0x00, 0x00, 0x00, 0xFF, 0x00, 0x00, 0x00, 0x00, 0xAD, 0x3E, 0x00,
0x0F, 0xD1, 0x1E, 0x00, 0x00, 0x00, 0x00, 0xFF, 0x00, 0x00, 0x00, 0x00, 0x16, 0xCC, 0x0F, 0xA6,
0x5A, 0x00, 0x00, 0x00, 0x00, 0x00, 0xFF, 0x00, 0x00, 0x00, 0x00, 0x00, 0x53, 0xA5, 0x00, 0x00,
0x00, 0xE2, 0x48, 0x4B, 0xE1, 0x00, 0x00, 0x00, 0x00, 0x00, 0x54, 0xE9, 0xE9, 0x54, 0x00, 0x00,
0x00, 0x00, 0x00, 0x00, 0x00, 0x00, 0x00, 0x00, 0x00, 0xFB, 0xA0, 0x00, 0x00, 0xFF, 0x00, 0x00,
0x9F, 0xFB, 0x07, 0xC5, 0x3E, 0x00, 0xFF, 0x00, 0x3A, 0xCA, 0x07, 0x00, 0x4B, 0xC3, 0x0F, 0xFF,
0x0D, 0xC0, 0x4F, 0x00, 0x00, 0x00, 0xA3, 0xFF, 0xFF, 0xFF, 0xA3, 0x00, 0x00, 0x00, 0x3E, 0xD6,
0x27, 0xFF, 0x27, 0xD6, 0x3A, 0x00, 0x00, 0xC6, 0x3B, 0x00, 0xFF, 0x00, 0x3F, 0xC3, 0x00, 0x44,
0xBC, 0x00, 0x00, 0xFF, 0x00, 0x00, 0xBF, 0x41, 0xC1, 0x3E, 0x00, 0x00, 0xFF, 0x00, 0x00, 0x40,
0xC0, 0xFF, 0x00, 0x00, 0x00, 0x2B, 0xD4, 0xFE, 0x00, 0xFF, 0x00, 0x00, 0x00, 0xCA, 0x6C, 0x06,
0x00, 0xFF, 0x00, 0x00, 0x2D, 0xD4, 0x00, 0x00, 0x00, 0xFF, 0x00, 0x00, 0x93, 0x73, 0x00, 0x00,
0x00, 0xFF, 0x13, 0x65, 0xE7, 0x11, 0x00, 0x00, 0x00, 0xFF, 0xFF, 0xFF, 0xFE, 0xEE, 0xB4, 0x36,
0x00, 0xFF, 0x00, 0x00, 0x00, 0x18, 0x74, 0xF3, 0x32, 0xFF, 0x00, 0x00, 0x00, 0x00, 0x00, 0x7D,
0xB4, 0xFF, 0x00, 0x00, 0x00, 0x00, 0x00, 0x1E, 0xEA, 0xFF, 0x00, 0x00, 0x00, 0x00, 0x00, 0x02,
0xF8, 0xFF, 0x00, 0x00, 0x00, 0x00, 0x00, 0x16, 0xD9, 0x00, 0x00, 0x00, 0x00, 0x00, 0x00, 0x7C,
0x8E, 0xBC, 0x8A, 0x21, 0x07, 0x28, 0x8E, 0xE1, 0x15, 0x0A, 0x84, 0xDA, 0xF9, 0xEA, 0xA2, 0x1D,
0x00, 0xFF, 0x00, 0x00, 0x9B, 0xFB, 0x00, 0xFF, 0x00, 0x2A, 0xDA, 0x0D, 0x00, 0xFF, 0x00, 0x7C,
0x83, 0x00, 0x00, 0xFF, 0x24, 0xDA, 0x23, 0x00, 0x00, 0xFF, 0xFF, 0xFF, 0xE0, 0x63, 0x00, 0xFF,
0x00, 0x04, 0x32, 0xCE, 0x62, 0xFF, 0x00, 0x00, 0x00, 0x31, 0xDD, 0xFF, 0x00, 0x00, 0x00, 0x09,
0xF4, 0x00, 0x00, 0x00, 0x00, 0x37, 0xCA, 0xD0, 0x69, 0x09, 0x28, 0xCE, 0x4B, 0x23, 0xB8, 0xF4,
0xE7, 0x6D, 0x00, 0x00, 0x00, 0xFF, 0xFF, 0xFF, 0xFF, 0xFF, 0xFF, 0xFF, 0x00, 0x00, 0x00, 0xFF,
0x00, 0x00, 0x00, 0x00, 0x00, 0xFF, 0x00, 0x00, 0x00, 0xFF, 0x00, 0x00, 0x00, 0x00, 0x00, 0xFF,
0x00, 0x00, 0x00, 0xFF, 0x00, 0x00, 0x00, 0x00, 0x00, 0xFF, 0x00, 0x00, 0x00, 0xFF, 0x00, 0x00,
0x00, 0x00, 0x00, 0xFF, 0x00, 0x00, 0x00, 0xFF, 0x00, 0x00, 0x00, 0x00, 0x00, 0xFF, 0x00, 0x00,
0x00, 0xFF, 0x00, 0x00, 0x00, 0x00, 0x00, 0xFF, 0x00, 0x00, 0x00, 0xFE, 0x00, 0x00, 0x00, 0x00,
0x00, 0xFF, 0x00, 0x00, 0x06, 0xF3, 0x00, 0x00, 0x00, 0x00, 0x00, 0xFF, 0x00, 0x0C, 0x53, 0xC2,
0x00, 0x00, 0x00, 0x00, 0x00, 0xFF, 0x00, 0xD4, 0xE6, 0x3D, 0x00, 0x00, 0x00, 0x00, 0x00, 0xFF,
0xDF, 0x00, 0x00, 0x00, 0x00, 0x00, 0x00, 0x00, 0x00, 0x5D, 0x9F, 0x00, 0x00, 0x00, 0x00, 0x00,
0x00, 0x00, 0x00, 0x9E, 0x5F, 0x00, 0x00, 0x00, 0x00, 0x00, 0x00, 0x00, 0x00, 0xDF, 0x1F, 0x00,
0x00, 0xFF, 0xFF, 0xFF, 0xFF, 0xFF, 0xFF, 0x00, 0x00, 0x00, 0xFF, 0x00, 0x00, 0x00, 0x00, 0xFF,
0x00, 0x00, 0x00, 0xFF, 0x00, 0x00, 0x00, 0x00, 0xFF, 0x00, 0x00, 0x00, 0xFF, 0x00, 0x00, 0x00,
0x00, 0xFF, 0x00, 0x00, 0x00, 0xFF, 0x00, 0x00, 0x00, 0x00, 0xFF, 0x00, 0x00, 0x01, 0xFF, 0x00,
0x00, 0x00, 0x00, 0xFF, 0x00, 0x00, 0x2B, 0xEF, 0x00, 0x00, 0x00, 0x00, 0xFF, 0x00, 0xF9, 0xF2,
0x65, 0x00, 0x00, 0x00, 0x00, 0xFF, 0xAA, 0x00, 0x00, 0x00, 0x00, 0x00, 0x00, 0x0F, 0xC6, 0x15,
0x00, 0x00, 0x00, 0x00, 0x00, 0x00, 0xB0, 0x55, 0x00, 0xFF, 0x00, 0x00, 0x00, 0x00, 0x00, 0x00,
0x00, 0xFF, 0xFF, 0x00, 0x00, 0x00, 0x00, 0x00, 0x00, 0x00, 0xFF, 0xFF, 0x00, 0x00, 0x00, 0x00,
0x00, 0x00, 0x00, 0xFF, 0xFF, 0x00, 0x00, 0x00, 0x00, 0x00, 0x00, 0x00, 0xFF, 0xFF, 0x00, 0x00,
0x00, 0x00, 0x00, 0x00, 0x00, 0xFF, 0xFF, 0xFF, 0xFF, 0xFF, 0xFF, 0xFF, 0xFF, 0xFF, 0xFF, 0xFF,
0x00, 0x00, 0x00, 0x00, 0x00, 0x00, 0x00, 0xFF, 0xFF, 0x00, 0x00, 0x00, 0x00, 0x00, 0x00, 0x00,
0xFF, 0xFF, 0x00, 0x00, 0x00, 0x00, 0x00, 0x00, 0x00, 0xFC, 0xFF, 0x00, 0x00, 0x00, 0x00, 0x00,
0x00, 0x0D, 0xEB, 0xFF, 0x00, 0x00, 0x00, 0x00, 0x00, 0x00, 0x43, 0xB9, 0x00, 0x00, 0x00, 0x00,
0x00, 0x00, 0x03, 0xC0, 0x59, 0xBC, 0x95, 0x30, 0x09, 0x09, 0x3C, 0xBD, 0xAB, 0x00, 0x08, 0x71,
0xC8, 0xF0, 0xF8, 0xD3, 0x71, 0x03, 0x00, 0xFF, 0x00, 0x00, 0x00, 0x00, 0xFF, 0xFF, 0x00, 0x00,
0x00, 0x00, 0xFF, 0xFF, 0x00, 0x00, 0x00, 0x00, 0xFF, 0xFF, 0xFF, 0xFF, 0xFF, 0xFF, 0xFF, 0xFF,
0x00, 0x00, 0x00, 0x00, 0xFF, 0xFF, 0x00, 0x00, 0x00, 0x00, 0xFF, 0xFF, 0x00, 0x00, 0x00, 0x00,
0xFF, 0xFF, 0x00, 0x00, 0x00, 0x0E, 0xF2, 0x00, 0x00, 0x00, 0x00, 0x3C, 0xCC, 0xD1, 0x6A, 0x09,
0x25, 0xC9, 0x62, 0x26, 0xBB, 0xF4, 0xE5, 0x71, 0x00, 0xFF, 0x00, 0x00, 0x00, 0x00, 0x00, 0x00,
0xFF, 0x00, 0xFF, 0x00, 0x00, 0x00, 0x00, 0x00, 0x00, 0xFF, 0x00, 0xFF, 0x00, 0x00, 0x00, 0x00,
0x00, 0x00, 0xFF, 0x00, 0xFF, 0x00, 0x00, 0x00, 0x00, 0x00, 0x00, 0xFF, 0x00, 0xFF, 0x00, 0x00,
0x00, 0x00, 0x00, 0x00, 0xFF, 0x00, 0xFF, 0xFF, 0xFF, 0xFF, 0xFF, 0xFF, 0xFF, 0xFF, 0x00, 0xFF,
0x00, 0x00, 0x00, 0x00, 0x00, 0x00, 0xFF, 0x00, 0xFF, 0x00, 0x00, 0x00, 0x00, 0x00, 0x00, 0xFF,
0x00, 0xFF, 0x00, 0x00, 0x00, 0x00, 0x00, 0x00, 0xFF, 0x00, 0xFF, 0x00, 0x00, 0x00, 0x00, 0x00,
0x00, 0xFF, 0x00, 0xFF, 0x00, 0x00, 0x00, 0x00, 0x00, 0x00, 0xFF, 0xDF, 0x00, 0x00, 0x00, 0x00,
0x00, 0x00, 0x00, 0x27, 0x9E, 0x00, 0x00, 0x00, 0x00, 0x00, 0x00, 0x00, 0x7E, 0x5F, 0x00, 0x00,
0x00, 0x00, 0x00, 0x00, 0x00, 0xD5, 0x1F, 0xFF, 0x00, 0x00, 0x00, 0x00, 0xFF, 0x00, 0xFF, 0x00,
0x00, 0x00, 0x00, 0xFF, 0x00, 0xFF, 0x00, 0x00, 0x00, 0x00, 0xFF, 0x00, 0xFF, 0xFF, 0xFF, 0xFF,
0xFF, 0xFF, 0x00, 0xFF, 0x00, 0x00, 0x00, 0x00, 0xFF, 0x00, 0xFF, 0x00, 0x00, 0x00, 0x00, 0xFF,
0x00, 0xFF, 0x00, 0x00, 0x00, 0x00, 0xFF, 0x00, 0xFF, 0x00, 0x00, 0x00, 0x00, 0xFF, 0xAA, 0x00,
0x00, 0x00, 0x00, 0x0F, 0xC6, 0x15, 0x00, 0x00, 0x00, 0x00, 0xB0, 0x55, 0x00, 0xFF, 0x00, 0x00,
0x00, 0x00, 0x00, 0x00, 0xFF, 0xFF, 0x00, 0x00, 0x00, 0x00, 0x00, 0x00, 0xFF, 0xFF, 0x00, 0x00,
0x00, 0x00, 0x00, 0x00, 0xFF, 0xF9, 0x0C, 0x00, 0x00, 0x00, 0x00, 0x00, 0xFF, 0xDC, 0x3F, 0x00,
0x00, 0x00, 0x00, 0x00, 0xFF, 0x61, 0xD1, 0x32, 0x07, 0x19, 0x41, 0x87, 0xFF, 0x00, 0x62, 0xD9,
0xF8, 0xE5, 0xB8, 0x71, 0xFF, 0x00, 0x00, 0x00, 0x00, 0x00, 0x00, 0x00, 0xFF, 0x00, 0x00, 0x00,
0x00, 0x00, 0x00, 0x00, 0xFF, 0x00, 0x00, 0x00, 0x00, 0x00, 0x00, 0x00, 0xFF, 0x00, 0x00, 0x00,
0x00, 0x00, 0x00, 0xFF, 0xFF, 0x00, 0x00, 0x00, 0x00, 0x00, 0x00, 0xFF, 0x00, 0x00, 0x00, 0x00,
0x00, 0x00, 0x00, 0xFF, 0x00, 0x00, 0x00, 0x00, 0x00, 0x00, 0x00, 0xFF, 0x00, 0xFF, 0x00, 0x00,
0x00, 0x00, 0xFF, 0xFF, 0x00, 0x00, 0x00, 0x00, 0xFF, 0xEC, 0x11, 0x00, 0x00, 0x00, 0xFF, 0xB1,
0x89, 0x0E, 0x11, 0x46, 0xFF, 0x19, 0xB2, 0xF6, 0xED, 0xBC, 0xFF, 0x00, 0x00, 0x00, 0x00, 0x00,
0xFF, 0x00, 0x00, 0x00, 0x00, 0x00, 0xFF, 0x00, 0x00, 0x00, 0x00, 0xFF, 0xFF, 0x00, 0x00, 0x00,
0x00, 0xFF, 0x00, 0x00, 0x00, 0x00, 0x00, 0xFF, 0x00, 0xF4, 0x10, 0x00, 0x00, 0x00, 0x00, 0x21,
0xFF, 0xFF, 0x00, 0xFF, 0x6B, 0x00, 0x00, 0x00, 0x00, 0x64, 0xFE, 0xFF, 0x00, 0xFF, 0x92, 0x01,
0x00, 0x00, 0x00, 0xA7, 0xC2, 0xFF, 0x00, 0xFF, 0x61, 0x48, 0x00, 0x00, 0x01, 0xE9, 0x6A, 0xFF,
0x00, 0xFF, 0x10, 0xAD, 0x00, 0x00, 0x2D, 0xFC, 0x16, 0xFF, 0x00, 0xFF, 0x00, 0xB2, 0x21, 0x00,
0x70, 0xBA, 0x00, 0xFF, 0x00, 0xFF, 0x00, 0x5F, 0x8B, 0x00, 0xB2, 0x62, 0x00, 0xFF, 0x00, 0xFF,
0x00, 0x0F, 0xE6, 0x0D, 0xEB, 0x11, 0x00, 0xFF, 0x00, 0xFF, 0x00, 0x00, 0xB3, 0x98, 0xB3, 0x00,
0x00, 0xFF, 0x00, 0xFF, 0x00, 0x00, 0x5D, 0xFE, 0x5B, 0x00, 0x00, 0xFF, 0x00, 0xFF, 0x00, 0x00,
0x0E, 0xEF, 0x0C, 0x00, 0x00, 0xFF, 0xDF, 0x00, 0x00, 0x00, 0x00, 0x00, 0x00, 0x00, 0x00, 0x2A,
0x9F, 0x00, 0x00, 0x00, 0x00, 0x00, 0x00, 0x00, 0x00, 0x80, 0x5F, 0x00, 0x00, 0x00, 0x00, 0x00,
0x00, 0x00, 0x00, 0xD5, 0x1F, 0xFF, 0xA6, 0x00, 0x00, 0x00, 0x00, 0x99, 0xFF, 0x00, 0xFF, 0xDD,
0x13, 0x00, 0x00, 0x0D, 0xE9, 0xFF, 0x00, 0xFF, 0x89, 0x70, 0x00, 0x00, 0x6A, 0x9D, 0xFF, 0x00,
0xFF, 0x28, 0xD5, 0x00, 0x00, 0xD2, 0x34, 0xFF, 0x00, 0xFF, 0x00, 0xC9, 0x3A, 0x3C, 0xCB, 0x00,
0xFF, 0x00, 0xFF, 0x00, 0x69, 0x9F, 0xA5, 0x62, 0x00, 0xFF, 0x00, 0xFF, 0x00, 0x10, 0xED, 0xE8,
0x0A, 0x00, 0xFF, 0x00, 0xFF, 0x00, 0x00, 0xA8, 0x90, 0x00, 0x00, 0xFF, 0xAA, 0x00, 0x00, 0x00,
0x00, 0x00, 0x00, 0x0F, 0xC6, 0x15, 0x00, 0x00, 0x00, 0x00, 0x00, 0x00, 0xB0, 0x55, 0x00, 0xFF,
0xFF, 0xFF, 0xFF, 0xFF, 0xFF, 0xFF, 0xFF, 0xFF, 0xFF, 0xFF, 0x00, 0x00, 0x00, 0x00, 0xE2, 0x48,
0x4B, 0xE1, 0x00, 0x00, 0x00, 0x00, 0x00, 0x00, 0x00, 0x54, 0xE9, 0xE9, 0x54, 0x00, 0x00, 0x00,
0x00, 0x00, 0x00, 0x00, 0x00, 0x00, 0x00, 0x00, 0x00, 0x00, 0x00, 0x00, 0x00, 0x00, 0x00, 0x57,
0xFF, 0x55, 0x00, 0x00, 0x00, 0x00, 0x00, 0x00, 0x00, 0x00, 0xB3, 0xA7, 0xB2, 0x00, 0x00, 0x00,
0x00, 0x00, 0x00, 0x00, 0x14, 0xEC, 0x10, 0xEB, 0x14, 0x00, 0x00, 0x00, 0x00, 0x00, 0x00, 0x6C,
0x9F, 0x00, 0x9F, 0x6B, 0x00, 0x00, 0x00, 0x00, 0x00, 0x00, 0xC8, 0x3D, 0x00, 0x3F, 0xC7, 0x00,
0x00, 0x00, 0x00, 0x00, 0x24, 0xD9, 0x00, 0x00, 0x00, 0xDA, 0x24, 0x00, 0x00, 0x00, 0x00, 0x81,
0x79, 0x00, 0x00, 0x00, 0x79, 0x80, 0x00, 0x00, 0x00, 0x00, 0xDC, 0xFF, 0xFF, 0xFF, 0xFF, 0xFF,
0xDB, 0x00, 0x00, 0x00, 0x39, 0xD3, 0x00, 0x00, 0x00, 0x00, 0x00, 0xD4, 0x38, 0x00, 0x00, 0x96,
0x65, 0x00, 0x00, 0x00, 0x00, 0x00, 0x68, 0x95, 0x00, 0x05, 0xD9, 0x09, 0x00, 0x00, 0x00, 0x00,
0x00, 0x0B, 0xDB, 0x05, 0x00, 0xE2, 0x48, 0x4B, 0xE1, 0x00, 0x00, 0x54, 0xE9, 0xE9, 0x54, 0x00,
0x00, 0x00, 0x00, 0x00, 0x00, 0x00, 0x25, 0xB1, 0xE4, 0xF9, 0xD6, 0x4E, 0xCE, 0x6A, 0x0B, 0x0E,
0x7A, 0xE6, 0x00, 0x00, 0x00, 0x00, 0x07, 0xFE, 0x00, 0x3A, 0x82, 0xA9, 0xDD, 0xFF, 0x63, 0xDB,
0x65, 0x37, 0x1F, 0xFF, 0xE8, 0x1A, 0x00, 0x00, 0x2B, 0xFF, 0xDB, 0x5D, 0x08, 0x32, 0xD0, 0xFF,
0x3D, 0xD4, 0xF5, 0xD0, 0x5B, 0xFF, 0x00, 0x00, 0x00, 0x00, 0xFF, 0x00, 0xFF, 0x00, 0x00, 0x00,
0x00, 0x00, 0x00, 0x00, 0x00, 0x00, 0x00, 0x00, 0x00, 0x00, 0x00, 0x00, 0x00, 0x00, 0x00, 0x00,
0x57, 0xFF, 0x55, 0x00, 0x00, 0x00, 0x00, 0x00, 0x00, 0x00, 0x00, 0xB3, 0xA7, 0xB2, 0x00, 0x00,
0x00, 0x00, 0x00, 0x00, 0x00, 0x14, 0xEC, 0x10, 0xEB, 0x14, 0x00, 0x00, 0x00, 0x00, 0x00, 0x00,
0x6C, 0x9F, 0x00, 0x9F, 0x6B, 0x00, 0x00, 0x00, 0x00, 0x00, 0x00, 0xC8, 0x3D, 0x00, 0x3F, 0xC7,
0x00, 0x00, 0x00, 0x00, 0x00, 0x24, 0xD9, 0x00, 0x00, 0x00, 0xDA, 0x24, 0x00, 0x00, 0x00, 0x00,
0x81, 0x79, 0x00, 0x00, 0x00, 0x79, 0x80, 0x00, 0x00, 0x00, 0x00, 0xDC, 0xFF, 0xFF, 0xFF, 0xFF,
0xFF, 0xDB, 0x00, 0x00, 0x00, 0x39, 0xD3, 0x00, 0x00, 0x00, 0x00, 0x00, 0xD4, 0x38, 0x00, 0x00,
0x96, 0x65, 0x00, 0x00, 0x00, 0x00, 0x00, 0x68, 0x95, 0x00, 0x05, 0xD9, 0x09, 0x00, 0x00, 0x00,
0x00, 0x00, 0x0B, 0xDB, 0x05, 0x00, 0x00, 0xFF, 0x00, 0xFF, 0x00, 0x00, 0x00, 0x00, 0x00, 0x00,
0x00, 0x25, 0xB1, 0xE4, 0xF9, 0xD6, 0x4E, 0xCE, 0x6A, 0x0B, 0x0E, 0x7A, 0xE6, 0x00, 0x00, 0x00,
0x00, 0x07, 0xFE, 0x00, 0x3A, 0x82, 0xA9, 0xDD, 0xFF, 0x63, 0xDB, 0x65, 0x37, 0x1F, 0xFF, 0xE8,
0x1A, 0x00, 0x00, 0x2B, 0xFF, 0xDB, 0x5D, 0x08, 0x32, 0xD0, 0xFF, 0x3D, 0xD4, 0xF5, 0xD0, 0x5B,
0xFF, 0x00, 0x00, 0x00, 0x00, 0x00, 0x54, 0xFF, 0xFF, 0xFF, 0xFF, 0xFF, 0xFF, 0xFF, 0xFF, 0xFF,
0x00, 0x00, 0x00, 0x00, 0x01, 0xCF, 0x2D, 0x00, 0xFF, 0x00, 0x00, 0x00, 0x00, 0x00, 0x00, 0x00,
0x00, 0x00, 0x00, 0x50, 0xAE, 0x00, 0x00, 0xFF, 0x00, 0x00, 0x00, 0x00, 0x00, 0x00, 0x00, 0x00,
0x00, 0x00, 0xCC, 0x31, 0x00, 0x00, 0xFF, 0x00, 0x00, 0x00, 0x00, 0x00, 0x00, 0x00, 0x00, 0x00,
0x4C, 0xB2, 0x00, 0x00, 0x00, 0xFF, 0x00, 0x00, 0x00, 0x00, 0x00, 0x00, 0x00, 0x00, 0x00, 0xC9,
0x35, 0x00, 0x00, 0x00, 0xFF, 0xFF, 0xFF, 0xFF, 0xFF, 0xFF, 0xFF, 0x00, 0x00, 0x49, 0xB6, 0x00,
0x00, 0x00, 0x00, 0xFF, 0x00, 0x00, 0x00, 0x00, 0x00, 0x00, 0x00, 0x00, 0xC6, 0xFF, 0xFF, 0xFF,
0xFF, 0xFF, 0xFF, 0x00, 0x00, 0x00, 0x00, 0x00, 0x00, 0x00, 0x45, 0xBC, 0x00, 0x00, 0x00, 0x00,
0x00, 0xFF, 0x00, 0x00, 0x00, 0x00, 0x00, 0x00, 0x00, 0xC2, 0x3E, 0x00, 0x00, 0x00, 0x00, 0x00,
0xFF, 0x00, 0x00, 0x00, 0x00, 0x00, 0x00, 0x41, 0xBF, 0x00, 0x00, 0x00, 0x00, 0x00, 0x00, 0xFF,
0xFF, 0xFF, 0xFF, 0xFF, 0xFF, 0xFF, 0x1E, 0xAA, 0xE1, 0xF9, 0xDF, 0x63, 0x49, 0xD8, 0xF9, 0xDB,
0x6A, 0x00, 0xC8, 0x74, 0x13, 0x09, 0x69, 0xFF, 0xC7, 0x32, 0x08, 0x2C, 0xC3, 0x63, 0x12, 0x00,
0x00, 0x00, 0x05, 0xFF, 0x24, 0x00, 0x00, 0x00, 0x25, 0xD2, 0x00, 0x0A, 0x59, 0xAD, 0xE0, 0xFF,
0xFF, 0xFF, 0xFF, 0xFF, 0xFF, 0xFA, 0x69, 0xD1, 0x8E, 0x60, 0x2A, 0xFF, 0x0A, 0x00, 0x00, 0x00,
0x01, 0x18, 0xF0, 0x18, 0x00, 0x00, 0x24, 0xFF, 0x3C, 0x00, 0x00, 0x00, 0x44, 0xCE, 0xD4, 0x5D,
0x08, 0x2F, 0xC6, 0xC4, 0xD7, 0x43, 0x09, 0x37, 0xDD, 0x51, 0x30, 0xC8, 0xF6, 0xD6, 0x5F, 0x00,
0x47, 0xD0, 0xF8, 0xD9, 0x5D, 0x00, 0x00, 0x00, 0xE2, 0x48, 0x4B, 0xE1, 0x00, 0x00, 0x00, 0x00,
0x54, 0xE9, 0xE9, 0x54, 0x00, 0x00, 0x00, 0x00, 0x00, 0x00, 0x00, 0x00, 0x00, 0x00, 0xFF, 0xFF,
0xFF, 0xFF, 0xFF, 0xFF, 0xFF, 0xFF, 0xFF, 0x00, 0x00, 0x00, 0x00, 0x00, 0x00, 0x00, 0xFF, 0x00,
0x00, 0x00, 0x00, 0x00, 0x00, 0x00, 0xFF, 0x00, 0x00, 0x00, 0x00, 0x00, 0x00, 0x00, 0xFF, 0x00,
0x00, 0x00, 0x00, 0x00, 0x00, 0x00, 0xFF, 0xFF, 0xFF, 0xFF, 0xFF, 0xFF, 0xFF, 0xFF, 0xFF, 0x00,
0x00, 0x00, 0x00, 0x00, 0x00, 0x00, 0xFF, 0x00, 0x00, 0x00, 0x00, 0x00, 0x00, 0x00, 0xFF, 0x00,
0x00, 0x00, 0x00, 0x00, 0x00, 0x00, 0xFF, 0x00, 0x00, 0x00, 0x00, 0x00, 0x00, 0x00, 0xFF, 0xFF,
0xFF, 0xFF, 0xFF, 0xFF, 0xFF, 0xFF, 0x00, 0xE2, 0x48, 0x4B, 0xE1, 0x00, 0x00, 0x54, 0xE9, 0xE9,
0x54, 0x00, 0x00, 0x00, 0x00, 0x00, 0x00, 0x00, 0x00, 0x80, 0xEB, 0xE7, 0x88, 0x04, 0x5D, 0x5A,
0x07, 0x08, 0x8D, 0x74, 0xC8, 0x0C, 0x00, 0x00, 0x1C, 0xD6, 0xEF, 0xFF, 0xFF, 0xFF, 0xFF, 0xF7,
0xF2, 0x08, 0x00, 0x00, 0x00, 0x00, 0xCF, 0x1E, 0x00, 0x00, 0x00, 0x00, 0x68, 0x79, 0x0C, 0x14,
0x7A, 0xBC, 0x02, 0x87, 0xEC, 0xF3, 0xB2, 0x19, 0x00, 0x00, 0x5F, 0xD0, 0xF5, 0xE1, 0x86, 0x09,
0x00, 0x00, 0x6B, 0xDE, 0x43, 0x0A, 0x18, 0x72, 0xB4, 0x03, 0x00, 0xB9, 0x39, 0x00, 0x00, 0x00,
0x00, 0x69, 0x63, 0x00, 0x00, 0x00, 0x00, 0x00, 0x00, 0x00, 0x2A, 0xBD, 0x00, 0x00, 0x00, 0x00,
0x00, 0x00, 0x00, 0x0D, 0xEA, 0xFF, 0xFF, 0xFF, 0xFF, 0xFF, 0xFF, 0xFF, 0xFF, 0xFC, 0xF2, 0x0F,
0x00, 0x00, 0x00, 0x00, 0x00, 0x0F, 0xF1, 0xC9, 0x30, 0x00, 0x00, 0x00, 0x00, 0x00, 0x31, 0xC5,
0x74, 0x7B, 0x00, 0x00, 0x00, 0x00, 0x00, 0x7E, 0x6B, 0x09, 0xC3, 0x5C, 0x14, 0x04, 0x14, 0x5C,
0xBC, 0x06, 0x00, 0x13, 0x95, 0xE4, 0xFA, 0xE2, 0x90, 0x0F, 0x00, 0x00, 0x64, 0xE9, 0xE3, 0x6F,
0x00, 0x46, 0xBE, 0x17, 0x2F, 0xDC, 0x68, 0xBE, 0x2D, 0x00, 0x00, 0x50, 0xCE, 0x00, 0x00, 0x00,
0x00, 0x13, 0xF1, 0xF9, 0xFF, 0xFF, 0xFF, 0xFF, 0xEF, 0xC1, 0x1B, 0x00, 0x00, 0x33, 0xC8, 0x2C,
0x99, 0x17, 0x1F, 0xC1, 0x5E, 0x00, 0x56, 0xF0, 0xDE, 0x5B, 0x00, 0x00, 0x00, 0x00, 0xFF, 0x00,
0xFF, 0x00, 0x00, 0x00, 0x00, 0x00, 0x00, 0x00, 0x00, 0x00, 0x00, 0x00, 0x00, 0x00, 0x00, 0x5F,
0xD0, 0xF5, 0xE1, 0x86, 0x09, 0x00, 0x00, 0x6B, 0xDE, 0x43, 0x0A, 0x18, 0x72, 0xB4, 0x03, 0x00,
0xB9, 0x39, 0x00, 0x00, 0x00, 0x00, 0x69, 0x63, 0x00, 0x00, 0x00, 0x00, 0x00, 0x00, 0x00, 0x2A,
0xBD, 0x00, 0x00, 0x00, 0x00, 0x00, 0x00, 0x00, 0x0D, 0xEA, 0xFF, 0xFF, 0xFF, 0xFF, 0xFF, 0xFF,
0xFF, 0xFF, 0xFC, 0xF2, 0x0F, 0x00, 0x00, 0x00, 0x00, 0x00, 0x0F, 0xF1, 0xC9, 0x30, 0x00, 0x00,
0x00, 0x00, 0x00, 0x31, 0xC5, 0x74, 0x7B, 0x00, 0x00, 0x00, 0x00, 0x00, 0x7E, 0x6B, 0x09, 0xC3,
0x5C, 0x14, 0x04, 0x14, 0x5C, 0xBC, 0x06, 0x00, 0x13, 0x95, 0xE4, 0xFA, 0xE2, 0x90, 0x0F, 0x00,
0x00, 0x00, 0xFF, 0x00, 0xFF, 0x00, 0x00, 0x00, 0x00, 0x00, 0x00, 0x00, 0x00, 0x64, 0xE9, 0xE3,
0x6F, 0x00, 0x46, 0xBE, 0x17, 0x2F, 0xDC, 0x68, 0xBE, 0x2D, 0x00, 0x00, 0x50, 0xCE, 0x00, 0x00,
0x00, 0x00, 0x13, 0xF1, 0xF9, 0xFF, 0xFF, 0xFF, 0xFF, 0xEF, 0xC1, 0x1B, 0x00, 0x00, 0x33, 0xC8,
0x2C, 0x99, 0x17, 0x1F, 0xC1, 0x5E, 0x00, 0x56, 0xF0, 0xDE, 0x5B, 0x00, 0x00, 0x00, 0x00, 0x00,
0x00, 0x00, 0xFF, 0x00, 0xFF, 0x00, 0x00, 0x00, 0x00, 0x00, 0x00, 0x00, 0x00, 0x00, 0x00, 0x00,
0x00, 0x00, 0x00, 0x00, 0x00, 0x00, 0x00, 0x00, 0x00, 0x00, 0xFE, 0xDF, 0x42, 0x00, 0x00, 0x00,
0x00, 0xFF, 0x00, 0x00, 0x00, 0x00, 0x3F, 0xDE, 0xFD, 0x03, 0x36, 0xE4, 0x17, 0x00, 0x00, 0x00,
0xFF, 0x00, 0x00, 0x00, 0x15, 0xE3, 0x35, 0x01, 0x00, 0x00, 0x7E, 0x82, 0x00, 0x00, 0x00, 0xFF,
0x00, 0x00, 0x00, 0x81, 0x7E, 0x00, 0x00, 0x00, 0x00, 0x13, 0xE0, 0x0B, 0x00, 0x00, 0xFF, 0x00,
0x00, 0x0C, 0xDF, 0x12, 0x00, 0x00, 0x00, 0x00, 0x00, 0x7C, 0xA3, 0x22, 0x07, 0xFF, 0x06, 0x21,
0xA8, 0x78, 0x00, 0x00, 0x00, 0x00, 0x00, 0x00, 0x01, 0xA7, 0xFF, 0xFF, 0xFF, 0xFF, 0xFF, 0xAE,
0x01, 0x00, 0x00, 0x00, 0x00, 0x00, 0x03, 0xAD, 0xB1, 0x3A, 0x09, 0xFF, 0x0A, 0x38, 0xB4, 0xAC,
0x03, 0x00, 0x00, 0x00, 0x00, 0x85, 0x7E, 0x00, 0x00, 0x00, 0xFF, 0x00, 0x00, 0x00, 0x72, 0x85,
0x00, 0x00, 0x00, 0x3E, 0xBD, 0x02, 0x00, 0x00, 0x00, 0xFF, 0x00, 0x00, 0x00, 0x00, 0xAD, 0x3E,
0x00, 0x0F, 0xD1, 0x1E, 0x00, 0x00, 0x00, 0x00, 0xFF, 0x00, 0x00, 0x00, 0x00, 0x16, 0xCC, 0x0F,
0xA6, 0x5A, 0x00, 0x00, 0x00, 0x00, 0x00, 0xFF, 0x00, 0x00, 0x00, 0x00, 0x00, 0x53, 0xA5, 0x00,
0x00, 0x00, 0xFF, 0x00, 0xFF, 0x00, 0x00, 0x00, 0x00, 0x00, 0x00, 0x00, 0x00, 0x00, 0x00, 0x00,
0x00, 0xFB, 0xA0, 0x00, 0x00, 0xFF, 0x00, 0x00, 0x9F, 0xFB, 0x07, 0xC5, 0x3E, 0x00, 0xFF, 0x00,
0x3A, 0xCA, 0x07, 0x00, 0x4B, 0xC3, 0x0F, 0xFF, 0x0D, 0xC0, 0x4F, 0x00, 0x00, 0x00, 0xA3, 0xFF,
0xFF, 0xFF, 0xA3, 0x00, 0x00, 0x00, 0x3E, 0xD6, 0x27, 0xFF, 0x27, 0xD6, 0x3A, 0x00, 0x00, 0xC6,
0x3B, 0x00, 0xFF, 0x00, 0x3F, 0xC3, 0x00, 0x44, 0xBC, 0x00, 0x00, 0xFF, 0x00, 0x00, 0xBF, 0x41,
0xC1, 0x3E, 0x00, 0x00, 0xFF, 0x00, 0x00, 0x40, 0xC0, 0x00, 0x00, 0xFF, 0x00, 0xFF, 0x00, 0x00,
0x00, 0x00, 0x00, 0x00, 0x00, 0x00, 0x00, 0x00, 0x6A, 0xD5, 0xF8, 0xFF, 0xFA, 0x50, 0x6A, 0xCC,
0x36, 0x06, 0x00, 0x52, 0xFA, 0xD8, 0x25, 0x00, 0x00, 0x00, 0x00, 0xFF, 0x00, 0x00, 0x00, 0x00,
0x00, 0x1B, 0xE3, 0x00, 0x00, 0x00, 0x04, 0x22, 0xA6, 0x45, 0x00, 0x00, 0x00, 0xFF, 0xEC, 0x3E,
0x00, 0x00, 0x00, 0x00, 0x02, 0x27, 0xB1, 0x3A, 0x00, 0x00, 0x00, 0x00, 0x00, 0x1A, 0xCD, 0xCD,
0x3A, 0x00, 0x00, 0x00, 0x00, 0xFF, 0x4F, 0xDF, 0x42, 0x06, 0x00, 0x50, 0xFA, 0x00, 0x59, 0xD4,
0xFA, 0xFF, 0xFA, 0x51, 0x00, 0x00, 0xFF, 0x00, 0xFF, 0x00, 0x00, 0x00, 0x00, 0x00, 0x00, 0x00,
0x16, 0xAB, 0xEE, 0xFF, 0xFA, 0x50, 0xBF, 0x92, 0x22, 0x00, 0x52, 0xFA, 0x00, 0x00, 0x01, 0x0B,
0x62, 0xDC, 0x00, 0x00, 0xFF, 0xFF, 0xFF, 0x7A, 0x00, 0x00, 0x00, 0x00, 0x52, 0xFB, 0x00, 0x00,
0x00, 0x00, 0x00, 0xFF, 0xCB, 0x7C, 0x1F, 0x00, 0x50, 0xFA, 0x22, 0xB5, 0xF0, 0xFF, 0xFA, 0x51,
0xFF, 0xFF, 0xFF, 0xFF, 0xFF, 0xFF, 0xFF, 0x00, 0x00, 0x00, 0x00, 0x00, 0x74, 0x72, 0x00, 0x00,
0x00, 0x01, 0x89, 0x5C, 0x00, 0x00, 0x00, 0x05, 0xA5, 0xA9, 0x11, 0x00, 0x00, 0x00, 0x38, 0xFF,
0xFF, 0xE1, 0x21, 0x00, 0x00, 0x00, 0x05, 0x29, 0xA1, 0xA6, 0x00, 0x00, 0x00, 0x00, 0x00, 0x1C,
0xE7, 0x63, 0x0D, 0x00, 0x00, 0x00, 0x09, 0xF8, 0xBC, 0x68, 0x00, 0x00, 0x00, 0x39, 0xCF, 0x3F,
0xF0, 0x58, 0x0C, 0x34, 0xD4, 0x5B, 0x00, 0x4F, 0xD1, 0xF5, 0xD3, 0x59, 0x00, 0xFF, 0xFF, 0xFF,
0xFF, 0xFF, 0xA7, 0x00, 0x00, 0x00, 0x16, 0xCF, 0x12, 0x00, 0x00, 0x00, 0xB1, 0x48, 0x00, 0x00,
0x00, 0x63, 0x97, 0x00, 0x00, 0x00, 0x00, 0xBC, 0xF0, 0x4C, 0x00, 0x00, 0x00, 0x00, 0x22, 0xB2,
0x3F, 0x00, 0x00, 0x00, 0x00, 0x2A, 0xD5, 0x00, 0x00, 0x00, 0x00, 0x09, 0xF3, 0xD9, 0x18, 0x00,
0x00, 0x3A, 0xC7, 0x90, 0x94, 0x14, 0x27, 0xCF, 0x47, 0x0B, 0x9B, 0xED, 0xEA, 0x6E, 0x00, 0x00,
0x00, 0xFF, 0xFF, 0xFF, 0xFF, 0xFF, 0x00, 0x00, 0x00, 0x00, 0x00, 0x00, 0x00, 0x00, 0x00, 0x00,
0x00, 0xFF, 0x00, 0x00, 0x00, 0x00, 0x00, 0x00, 0x08, 0xC4, 0xFF, 0x00, 0x00, 0x00, 0x00, 0x00,
0x01, 0xAA, 0xFF, 0xFF, 0x00, 0x00, 0x00, 0x00, 0x00, 0x8D, 0xA0, 0xFF, 0xFF, 0x00, 0x00, 0x00,
0x00, 0x6D, 0xC0, 0x06, 0xFF, 0xFF, 0x00, 0x00, 0x00, 0x50, 0xD7, 0x12, 0x00, 0xFF, 0xFF, 0x00,
0x00, 0x37, 0xE2, 0x24, 0x00, 0x00, 0xFF, 0xFF, 0x00, 0x23, 0xE4, 0x3D, 0x00, 0x00, 0x00, 0xFF,
0xFF, 0x14, 0xDA, 0x5D, 0x00, 0x00, 0x00, 0x00, 0xFF, 0xFF, 0xC6, 0x81, 0x00, 0x00, 0x00, 0x00,
0x00, 0xFF, 0xFF, 0xA6, 0x00, 0x00, 0x00, 0x00, 0x00, 0x00, 0xFF, 0xC5, 0x07, 0x00, 0x00, 0x00,
0x00, 0x00, 0x00, 0xFF, 0x00, 0xFF, 0xFF, 0xFF, 0xFF, 0xFF, 0x00, 0x00, 0x00, 0x00, 0x00, 0x00,
0xFF, 0x00, 0x00, 0x00, 0x1E, 0xF1, 0xFF, 0x00, 0x00, 0x01, 0xBD, 0xFF, 0xFF, 0x00, 0x00, 0x70,
0x9A, 0xFF, 0xFF, 0x00, 0x28, 0xD2, 0x0B, 0xFF, 0xFF, 0x04, 0xC6, 0x37, 0x00, 0xFF, 0xFF, 0x7F,
0x80, 0x00, 0x00, 0xFF, 0xFF, 0xC4, 0x04, 0x00, 0x00, 0xFF, 0xF4, 0x25, 0x00, 0x00, 0x00, 0xFF,
0x00, 0x00, 0x00, 0xFF, 0x00, 0xFF, 0x00, 0x00, 0x00, 0x00, 0x00, 0x00, 0x00, 0x00, 0x00, 0x00,
0x00, 0x00, 0xFF, 0x00, 0x00, 0x00, 0x00, 0x00, 0x00, 0x08, 0xC4, 0xFF, 0x00, 0x00, 0x00, 0x00,
0x00, 0x01, 0xAA, 0xFF, 0xFF, 0x00, 0x00, 0x00, 0x00, 0x00, 0x8D, 0xA0, 0xFF, 0xFF, 0x00, 0x00,
0x00, 0x00, 0x6D, 0xC0, 0x06, 0xFF, 0xFF, 0x00, 0x00, 0x00, 0x50, 0xD7, 0x12, 0x00, 0xFF, 0xFF,
0x00, 0x00, 0x37, 0xE2, 0x24, 0x00, 0x00, 0xFF, 0xFF, 0x00, 0x23, 0xE4, 0x3D, 0x00, 0x00, 0x00,
0xFF, 0xFF, 0x14, 0xDA, 0x5D, 0x00, 0x00, 0x00, 0x00, 0xFF, 0xFF, 0xC6, 0x81, 0x00, 0x00, 0x00,
0x00, 0x00, 0xFF, 0xFF, 0xA6, 0x00, 0x00, 0x00, 0x00, 0x00, 0x00, 0xFF, 0xC5, 0x07, 0x00, 0x00,
0x00, 0x00, 0x00, 0x00, 0xFF, 0x00, 0x00, 0xFF, 0x00, 0xFF, 0x00, 0x00, 0x00, 0x00, 0x00, 0x00,
0x00, 0xFF, 0x00, 0x00, 0x00, 0x1E, 0xF1, 0xFF, 0x00, 0x00, 0x01, 0xBD, 0xFF, 0xFF, 0x00, 0x00,
0x70, 0x9A, 0xFF, 0xFF, 0x00, 0x28, 0xD2, 0x0B, 0xFF, 0xFF, 0x04, 0xC6, 0x37, 0x00, 0xFF, 0xFF,
0x7F, 0x80, 0x00, 0x00, 0xFF, 0xFF, 0xC4, 0x04, 0x00, 0x00, 0xFF, 0xF4, 0x25, 0x00, 0x00, 0x00,
0xFF, 0x00, 0x00, 0x00, 0x00, 0xFF, 0x00, 0xFF, 0x00, 0x00, 0x00, 0x00, 0x00, 0x00, 0x00, 0x00,
0x00, 0x00, 0x00, 0x00, 0x00, 0x00, 0x00, 0x59, 0xC5, 0xF4, 0xEF, 0xBF, 0x50, 0x00, 0x00, 0x00,
0x8F, 0xD0, 0x4B, 0x0D, 0x10, 0x4F, 0xD7, 0x86, 0x00, 0x48, 0xD0, 0x0A, 0x00, 0x00, 0x00, 0x00,
0x0F, 0xDC, 0x42, 0xB2, 0x54, 0x00, 0x00, 0x00, 0x00, 0x00, 0x00, 0x5E, 0xAC, 0xE8, 0x18, 0x00,
0x00, 0x00, 0x00, 0x00, 0x00, 0x1A, 0xE5, 0xFA, 0x04, 0x00, 0x00, 0x00, 0x00, 0x00, 0x00, 0x05,
0xF9, 0xE9, 0x12, 0x00, 0x00, 0x00, 0x00, 0x00, 0x00, 0x17, 0xE5, 0xAE, 0x52, 0x00, 0x00, 0x00,
0x00, 0x00, 0x00, 0x59, 0xAE, 0x42, 0xD3, 0x0C, 0x00, 0x00, 0x00, 0x00, 0x0D, 0xD7, 0x46, 0x00,
0x85, 0xD1, 0x49, 0x0B, 0x0B, 0x4A, 0xD3, 0x8A, 0x00, 0x00, 0x00, 0x50, 0xC0, 0xF0, 0xF0, 0xBF,
0x50, 0x00, 0x00, 0x00, 0x00, 0xFF, 0x00, 0xFF, 0x00, 0x00, 0x00, 0x00, 0x00, 0x00, 0x00, 0x02,
0x82, 0xE6, 0xF6, 0xC4, 0x29, 0x73, 0x90, 0x0D, 0x0A, 0x74, 0xA9, 0xD4, 0x21, 0x00, 0x00, 0x16,
0xE4, 0xF8, 0x07, 0x00, 0x00, 0x04, 0xF8, 0xF1, 0x07, 0x00, 0x00, 0x06, 0xFF, 0xCD, 0x22, 0x00,
0x00, 0x16, 0xFF, 0x67, 0x90, 0x0D, 0x0A, 0x74, 0xEC, 0x02, 0x8A, 0xEF, 0xEF, 0xAD, 0x31, 0x00,
0x00, 0x5D, 0xC6, 0xF3, 0xF4, 0xC6, 0x5A, 0x00, 0x00, 0x00, 0x90, 0xD1, 0x4A, 0x0C, 0x0C, 0x4B,
0xD4, 0x8B, 0x00, 0x46, 0xDD, 0x0B, 0x00, 0x00, 0x00, 0x00, 0x0F, 0xE2, 0x45, 0xB0, 0x5B, 0x00,
0x00, 0x00, 0x00, 0x00, 0x00, 0x60, 0xB2, 0xE8, 0x1C, 0x00, 0x00, 0x00, 0x00, 0x00, 0x00, 0x1D,
0xEA, 0xFB, 0xFF, 0xFF, 0xFF, 0xFF, 0xFF, 0xFF, 0xFF, 0xFF, 0xFB, 0xE8, 0x1C, 0x00, 0x00, 0x00,
0x00, 0x00, 0x00, 0x1D, 0xEB, 0xAC, 0x60, 0x00, 0x00, 0x00, 0x00, 0x00, 0x00, 0x62, 0xB3, 0x40,
0xE2, 0x10, 0x00, 0x00, 0x00, 0x00, 0x10, 0xE4, 0x48, 0x00, 0x85, 0xD3, 0x49, 0x0B, 0x0B, 0x48,
0xD3, 0x8E, 0x00, 0x00, 0x00, 0x4E, 0xBE, 0xEF, 0xF5, 0xC6, 0x5A, 0x00, 0x00, 0x11, 0x96, 0xE8,
0xF0, 0x9C, 0x0E, 0x97, 0x77, 0x17, 0x17, 0x77, 0x99, 0xDF, 0x0A, 0x00, 0x00, 0x0A, 0xDE, 0xFA,
0xFF, 0xFF, 0xFF, 0xFF, 0xF7, 0xF5, 0x00, 0x00, 0x00, 0x00, 0xF6, 0xD3, 0x00, 0x00, 0x00, 0x00,
0xD0, 0x99, 0x8A, 0x1D, 0x1D, 0x8A, 0x90, 0x0F, 0x9D, 0xF0, 0xEF, 0xAC, 0x13, 0x00, 0x00, 0x00,
0x00, 0xFF, 0x00, 0xFF, 0x00, 0x00, 0x00, 0x00, 0x00, 0x00, 0x00, 0x00, 0x00, 0x00, 0x00, 0x00,
0x00, 0x00, 0x00, 0x5D, 0xC6, 0xF3, 0xF4, 0xC6, 0x5A, 0x00, 0x00, 0x00, 0x90, 0xD1, 0x4A, 0x0C,
0x0C, 0x4B, 0xD4, 0x8B, 0x00, 0x46, 0xDD, 0x0B, 0x00, 0x00, 0x00, 0x00, 0x0F, 0xE2, 0x45, 0xB0,
0x5B, 0x00, 0x00, 0x00, 0x00, 0x00, 0x00, 0x60, 0xB2, 0xE8, 0x1C, 0x00, 0x00, 0x00, 0x00, 0x00,
0x00, 0x1D, 0xEA, 0xFB, 0xFF, 0xFF, 0xFF, 0xFF, 0xFF, 0xFF, 0xFF, 0xFF, 0xFB, 0xE8, 0x1C, 0x00,
0x00, 0x00, 0x00, 0x00, 0x00, 0x1D, 0xEB, 0xAC, 0x60, 0x00, 0x00, 0x00, 0x00, 0x00, 0x00, 0x62,
0xB3, 0x40, 0xE2, 0x10, 0x00, 0x00, 0x00, 0x00, 0x10, 0xE4, 0x48, 0x00, 0x85, 0xD3, 0x49, 0x0B,
0x0B, 0x48, 0xD3, 0x8E, 0x00, 0x00, 0x00, 0x4E, 0xBE, 0xEF, 0xF5, 0xC6, 0x5A, 0x00, 0x00, 0x00,
0x00, 0xFF, 0x00, 0xFF, 0x00, 0x00, 0x00, 0x00, 0x00, 0x00, 0x00, 0x11, 0x96, 0xE8, 0xF0, 0x9C,
0x0E, 0x97, 0x77, 0x17, 0x17, 0x77, 0x99, 0xDF, 0x0A, 0x00, 0x00, 0x0A, 0xDE, 0xFA, 0xFF, 0xFF,
0xFF, 0xFF, 0xF7, 0xF5, 0x00, 0x00, 0x00, 0x00, 0xF6, 0xD3, 0x00, 0x00, 0x00, 0x00, 0xD0, 0x99,
0x8A, 0x1D, 0x1D, 0x8A, 0x90, 0x0F, 0x9D, 0xF0, 0xEF, 0xAC, 0x13, 0x00, 0x00, 0x00, 0xFF, 0x00,
0xFF, 0x00, 0x00, 0x00, 0x00, 0x00, 0x00, 0x00, 0x00, 0x00, 0x00, 0x00, 0x00, 0x00, 0x32, 0xB0,
0xE7, 0xF3, 0xCB, 0x60, 0x00, 0x00, 0x39, 0xE2, 0x5C, 0x14, 0x07, 0x34, 0xB8, 0x97, 0x00, 0xC6,
0x43, 0x00, 0x00, 0x00, 0x00, 0x03, 0xD0, 0x4C, 0x00, 0x00, 0x00, 0x00, 0x00, 0x00, 0x00, 0x50,
0xB3, 0x00, 0x00, 0x00, 0x00, 0x00, 0x00, 0x00, 0x18, 0xE8, 0x00, 0x00, 0x00, 0x00, 0xFF, 0xFF,
0xFF, 0xFF, 0xFB, 0x00, 0x00, 0x00, 0x00, 0x00, 0x00, 0x00, 0x17, 0xED, 0x00, 0x00, 0x00, 0x00,
0x00, 0x00, 0x00, 0x4C, 0xB5, 0xC5, 0x45, 0x00, 0x00, 0x00, 0x00, 0x02, 0xCB, 0x46, 0x3A, 0xE5,
0x64, 0x18, 0x05, 0x2D, 0xB2, 0x8C, 0x00, 0x00, 0x34, 0xB0, 0xE8, 0xF8, 0xCF, 0x60, 0x00, 0x00,
0x00, 0xFF, 0x00, 0xFF, 0x00, 0x00, 0x00, 0x00, 0x00, 0x00, 0x00, 0x00, 0x23, 0xBA, 0xF3, 0xCF,
0x37, 0x00, 0xCC, 0x69, 0x09, 0x23, 0xBA, 0x36, 0x00, 0x00, 0x00, 0x00, 0x27, 0xBC, 0x00, 0x00,
0xFF, 0xFF, 0xFF, 0xF4, 0x00, 0x00, 0x00, 0x00, 0x16, 0xD0, 0x00, 0x00, 0x00, 0x00, 0x52, 0x6E,
0xC9, 0x69, 0x0A, 0x27, 0xBA, 0x09, 0x1F, 0xB4, 0xF2, 0xE7, 0x3E, 0x00, 0x00, 0x00, 0x00, 0xFF,
0xFF, 0xFF, 0xFF, 0xFF, 0x00, 0x00, 0x00, 0x00, 0x00, 0x00, 0x00, 0x00, 0x00, 0x00, 0x00, 0x00,
0x00, 0x00, 0x3A, 0xC4, 0x00, 0x00, 0x00, 0x00, 0x00, 0x00, 0x00, 0xC4, 0x3B, 0x00, 0xAC, 0x53,
0x00, 0x00, 0x00, 0x00, 0x00, 0x4F, 0xB2, 0x00, 0x00, 0x24, 0xD5, 0x05, 0x00, 0x00, 0x00, 0x03,
0xD3, 0x2C, 0x00, 0x00, 0x00, 0x91, 0x6D, 0x00, 0x00, 0x00, 0x63, 0xA1, 0x00, 0x00, 0x00, 0x00,
0x13, 0xDB, 0x0E, 0x00, 0x08, 0xDD, 0x20, 0x00, 0x00, 0x00, 0x00, 0x00, 0x76, 0x87, 0x00, 0x76,
0x90, 0x00, 0x00, 0x00, 0x00, 0x00, 0x00, 0x07, 0xD7, 0x2E, 0xE1, 0x15, 0x00, 0x00, 0x00, 0x00,
0x00, 0x00, 0x00, 0x5A, 0xEF, 0x7F, 0x00, 0x00, 0x00, 0x00, 0x00, 0x00, 0x00, 0x00, 0x50, 0xEB,
0x0C, 0x00, 0x00, 0x00, 0x00, 0x00, 0x00, 0x00, 0x15, 0xD0, 0x70, 0x00, 0x00, 0x00, 0x00, 0x00,
0x00, 0x00, 0xFF, 0xF8, 0xA5, 0x03, 0x00, 0x00, 0x00, 0x00, 0x00, 0x00, 0x00, 0xFF, 0xFF, 0xFF,
0xFF, 0xFF, 0x00, 0x00, 0x00, 0x00, 0x00, 0x00, 0x00, 0x00, 0x00, 0x00, 0x00, 0x2B, 0xD3, 0x00,
0x00, 0x00, 0x00, 0x09, 0xE4, 0x11, 0x00, 0xC0, 0x47, 0x00, 0x00, 0x00, 0x64, 0xA0, 0x00, 0x00,
0x55, 0xBA, 0x00, 0x00, 0x00, 0xD0, 0x38, 0x00, 0x00, 0x04, 0xE4, 0x2E, 0x00, 0x3E, 0xD1, 0x00,
0x00, 0x00, 0x00, 0x7F, 0xA0, 0x00, 0xAB, 0x69, 0x00, 0x00, 0x00, 0x00, 0x19, 0xF2, 0x26, 0xEE,
0x0E, 0x00, 0x00, 0x00, 0x00, 0x00, 0xA9, 0xD3, 0x9A, 0x00, 0x00, 0x00, 0x00, 0x00, 0x00, 0x3E,
0xFF, 0x32, 0x00, 0x00, 0x00, 0x00, 0x00, 0x00, 0x20, 0xDD, 0x00, 0x00, 0x00, 0x00, 0x00, 0x00,
0x0D, 0x8E, 0x80, 0x00, 0x00, 0x00, 0x00, 0x00, 0x00, 0xF3, 0xBF, 0x09, 0x00, 0x00, 0x00, 0x00,
0x00, 0x00, 0x00, 0x00, 0xFF, 0x00, 0xFF, 0x00, 0x00, 0x00, 0x00, 0x00, 0x00, 0x00, 0x00, 0x00,
0x00, 0x00, 0x00, 0x00, 0x00, 0x00, 0x3A, 0xC4, 0x00, 0x00, 0x00, 0x00, 0x00, 0x00, 0x00, 0xC4,
0x3B, 0x00, 0xAC, 0x53, 0x00, 0x00, 0x00, 0x00, 0x00, 0x4F, 0xB2, 0x00, 0x00, 0x24, 0xD5, 0x05,
0x00, 0x00, 0x00, 0x03, 0xD3, 0x2C, 0x00, 0x00, 0x00, 0x91, 0x6D, 0x00, 0x00, 0x00, 0x63, 0xA1,
0x00, 0x00, 0x00, 0x00, 0x13, 0xDB, 0x0E, 0x00, 0x08, 0xDD, 0x20, 0x00, 0x00, 0x00, 0x00, 0x00,
0x76, 0x87, 0x00, 0x76, 0x90, 0x00, 0x00, 0x00, 0x00, 0x00, 0x00, 0x07, 0xD7, 0x2E, 0xE1, 0x15,
0x00, 0x00, 0x00, 0x00, 0x00, 0x00, 0x00, 0x5A, 0xEF, 0x7F, 0x00, 0x00, 0x00, 0x00, 0x00, 0x00,
0x00, 0x00, 0x50, 0xEB, 0x0C, 0x00, 0x00, 0x00, 0x00, 0x00, 0x00, 0x00, 0x15, 0xD0, 0x70, 0x00,
0x00, 0x00, 0x00, 0x00, 0x00, 0x00, 0xFF, 0xF8, 0xA5, 0x03, 0x00, 0x00, 0x00, 0x00, 0x00, 0x00,
0x00, 0x00, 0xFF, 0x00, 0xFF, 0x00, 0x00, 0x00, 0x00, 0x00, 0x00, 0x00, 0x00, 0x00, 0x00, 0x00,
0x00, 0x2B, 0xD3, 0x00, 0x00, 0x00, 0x00, 0x09, 0xE4, 0x11, 0x00, 0xC0, 0x47, 0x00, 0x00, 0x00,
0x64, 0xA0, 0x00, 0x00, 0x55, 0xBA, 0x00, 0x00, 0x00, 0xD0, 0x38, 0x00, 0x00, 0x04, 0xE4, 0x2E,
0x00, 0x3E, 0xD1, 0x00, 0x00, 0x00, 0x00, 0x7F, 0xA0, 0x00, 0xAB, 0x69, 0x00, 0x00, 0x00, 0x00,
0x19, 0xF2, 0x26, 0xEE, 0x0E, 0x00, 0x00, 0x00, 0x00, 0x00, 0xA9, 0xD3, 0x9A, 0x00, 0x00, 0x00,
0x00, 0x00, 0x00, 0x3E, 0xFF, 0x32, 0x00, 0x00, 0x00, 0x00, 0x00, 0x00, 0x20, 0xDD, 0x00, 0x00,
0x00, 0x00, 0x00, 0x00, 0x0D, 0x8E, 0x80, 0x00, 0x00, 0x00, 0x00, 0x00, 0x00, 0xF3, 0xBF, 0x09,
0x00, 0x00, 0x00, 0x00, 0x00, 0x00, 0x00, 0x00, 0x40, 0xB3, 0x40, 0xB5, 0x00, 0x00, 0x00, 0x00,
0x00, 0x00, 0x00, 0xB9, 0x23, 0xBB, 0x27, 0x00, 0x00, 0x00, 0x00, 0x00, 0x00, 0x00, 0x00, 0x00,
0x00, 0x00, 0x00, 0x00, 0x00, 0x3A, 0xC4, 0x00, 0x00, 0x00, 0x00, 0x00, 0x00, 0x00, 0xC4, 0x3B,
0x00, 0xAC, 0x53, 0x00, 0x00, 0x00, 0x00, 0x00, 0x4F, 0xB2, 0x00, 0x00, 0x24, 0xD5, 0x05, 0x00,
0x00, 0x00, 0x03, 0xD3, 0x2C, 0x00, 0x00, 0x00, 0x91, 0x6D, 0x00, 0x00, 0x00, 0x63, 0xA1, 0x00,
0x00, 0x00, 0x00, 0x13, 0xDB, 0x0E, 0x00, 0x08, 0xDD, 0x20, 0x00, 0x00, 0x00, 0x00, 0x00, 0x76,
0x87, 0x00, 0x76, 0x90, 0x00, 0x00, 0x00, 0x00, 0x00, 0x00, 0x07, 0xD7, 0x2E, 0xE1, 0x15, 0x00,
0x00, 0x00, 0x00, 0x00, 0x00, 0x00, 0x5A, 0xEF, 0x7F, 0x00, 0x00, 0x00, 0x00, 0x00, 0x00, 0x00,
0x00, 0x50, 0xEB, 0x0C, 0x00, 0x00, 0x00, 0x00, 0x00, 0x00, 0x00, 0x15, 0xD0, 0x70, 0x00, 0x00,
0x00, 0x00, 0x00, 0x00, 0x00, 0xFF, 0xF8, 0xA5, 0x03, 0x00, 0x00, 0x00, 0x00, 0x00, 0x00, 0x00,
0x00, 0x40, 0xB3, 0x40, 0xB5, 0x00, 0x00, 0x00, 0x00, 0x00, 0xB9, 0x23, 0xBB, 0x27, 0x00, 0x00,
0x00, 0x00, 0x00, 0x00, 0x00, 0x00, 0x00, 0x00, 0x00, 0x2B, 0xD3, 0x00, 0x00, 0x00, 0x00, 0x09,
0xE4, 0x11, 0x00, 0xC0, 0x47, 0x00, 0x00, 0x00, 0x64, 0xA0, 0x00, 0x00, 0x55, 0xBA, 0x00, 0x00,
0x00, 0xD0, 0x38, 0x00, 0x00, 0x04, 0xE4, 0x2E, 0x00, 0x3E, 0xD1, 0x00, 0x00, 0x00, 0x00, 0x7F,
0xA0, 0x00, 0xAB, 0x69, 0x00, 0x00, 0x00, 0x00, 0x19, 0xF2, 0x26, 0xEE, 0x0E, 0x00, 0x00, 0x00,
0x00, 0x00, 0xA9, 0xD3, 0x9A, 0x00, 0x00, 0x00, 0x00, 0x00, 0x00, 0x3E, 0xFF, 0x32, 0x00, 0x00,
0x00, 0x00, 0x00, 0x00, 0x20, 0xDD, 0x00, 0x00, 0x00, 0x00, 0x00, 0x00, 0x0D, 0x8E, 0x80, 0x00,
0x00, 0x00, 0x00, 0x00, 0x00, 0xF3, 0xBF, 0x09, 0x00, 0x00, 0x00, 0x00, 0x00, 0x00, 0xFF, 0x00,
0xFF, 0x00, 0x00, 0x00, 0x00, 0x00, 0x00, 0x00, 0x00, 0x00, 0xFF, 0x00, 0x00, 0x00, 0x00, 0x00,
0xFF, 0xFF, 0x00, 0x00, 0x00, 0x00, 0x00, 0xFF, 0xFF, 0x00, 0x00, 0x00, 0x00, 0x00, 0xFF, 0xFF,
0x00, 0x00, 0x00, 0x00, 0x00, 0xFF, 0xFF, 0x00, 0x00, 0x00, 0x00, 0x00, 0xFF, 0xFA, 0x51, 0x00,
0x0D, 0x32, 0x80, 0xFF, 0x52, 0xFA, 0xFF, 0xEE, 0xBC, 0x5E, 0xFF, 0x00, 0x00, 0x00, 0x00, 0x00,
0x00, 0xFF, 0x00, 0x00, 0x00, 0x00, 0x00, 0x00, 0xFF, 0x00, 0x00, 0x00, 0x00, 0x00, 0x00, 0xFF,
0x00, 0x00, 0x00, 0x00, 0x00, 0x00, 0xFF, 0x00, 0x00, 0xFF, 0x00, 0xFF, 0x00, 0x00, 0x00, 0x00,
0x00, 0x00, 0x00, 0xFF, 0x00, 0x00, 0x00, 0x00, 0xFF, 0xFF, 0x00, 0x00, 0x00, 0x00, 0xFF, 0xFA,
0x50, 0x00, 0x00, 0x00, 0xFF, 0x52, 0xF5, 0x51, 0x11, 0x46, 0xFF, 0x00, 0x52, 0xFA, 0xF0, 0xC5,
0xFF, 0x00, 0x00, 0x00, 0x00, 0x00, 0xFF, 0x00, 0x00, 0x00, 0x00, 0x00, 0xFF, 0x00, 0x00, 0x00,
0x00, 0x00, 0xFF, 0xFF, 0xFF, 0xFF, 0xFF, 0xFF, 0xFF, 0xFF, 0xFF, 0x00, 0x00, 0x00, 0x00, 0x00,
0x00, 0xFF, 0x00, 0x00, 0x00, 0x00, 0x00, 0x00, 0xFF, 0x00, 0x00, 0x00, 0x00, 0x00, 0x00, 0xFF,
0x00, 0x00, 0x00, 0x00, 0x00, 0x00, 0xFF, 0x00, 0x00, 0x00, 0x00, 0x00, 0x00, 0xFF, 0x00, 0x00,
0x00, 0x00, 0x00, 0x00, 0xFF, 0x00, 0x00, 0x00, 0x00, 0x00, 0x00, 0xFF, 0x00, 0x00, 0x00, 0x00,
0x00, 0x00, 0xFF, 0x00, 0x00, 0x00, 0x00, 0x00, 0x00, 0xFF, 0xFF, 0x00, 0x00, 0x00, 0x00, 0x00,
0x00, 0xFF, 0x00, 0x00, 0x00, 0x00, 0x00, 0x00, 0xFF, 0x00, 0x00, 0x00, 0x00, 0x00, 0x00, 0xFF,
0x00, 0x00, 0x00, 0x00, 0x00, 0xFF, 0xFF, 0xFF, 0xFF, 0xFF, 0x00, 0x00, 0x00, 0xFF, 0x00, 0x00,
0x00, 0xFF, 0x00, 0x00, 0x00, 0xFF, 0x00, 0x00, 0x00, 0xFF, 0x00, 0x00, 0x00, 0xFF, 0x00, 0x00,
0x00, 0xFF, 0xFF, 0x00, 0x00, 0x00, 0xFF, 0x00, 0x00, 0x00, 0xFF, 0x00, 0x00, 0x00, 0x00, 0x00,
0x00, 0xFF, 0x00, 0xFF, 0x00, 0x00, 0x00, 0x00, 0x00, 0x00, 0x00, 0x00, 0x00, 0x00, 0x00, 0x00,
0x00, 0x00, 0x00, 0xFF, 0x00, 0x00, 0x00, 0x00, 0x00, 0x00, 0x00, 0x00, 0x00, 0xFF, 0xFF, 0x00,
0x00, 0x00, 0x00, 0x00, 0x00, 0x00, 0x00, 0x00, 0xFF, 0xFF, 0x00, 0x00, 0x00, 0x00, 0x00, 0x00,
0x00, 0x00, 0x00, 0xFF, 0xFF, 0x00, 0x00, 0x00, 0x00, 0x00, 0x00, 0x00, 0x00, 0x00, 0xFF, 0xFF,
0x00, 0x00, 0x00, 0x00, 0x00, 0x00, 0x00, 0x00, 0x00, 0xFF, 0xFF, 0xFF, 0xFF, 0xFF, 0xFF, 0xFF,
0xFA, 0x50, 0x00, 0x00, 0xFF, 0xFF, 0x00, 0x00, 0x00, 0x00, 0x00, 0x52, 0xFA, 0x00, 0x00, 0xFF,
0xFF, 0x00, 0x00, 0x00, 0x00, 0x00, 0x00, 0xFF, 0x00, 0x00, 0xFF, 0xFF, 0x00, 0x00, 0x00, 0x00,
0x00, 0x00, 0xFF, 0x00, 0x00, 0xFF, 0xFF, 0x00, 0x00, 0x00, 0x00, 0x00, 0x50, 0xFA, 0x00, 0x00,
0xFF, 0xFF, 0xFF, 0xFF, 0xFF, 0xFF, 0xFF, 0xFA, 0x51, 0x00, 0x00, 0xFF, 0x00, 0x00, 0x00, 0xFF,
0x00, 0xFF, 0x00, 0x00, 0x00, 0x00, 0x00, 0x00, 0x00, 0x00, 0x00, 0x00, 0x00, 0x00, 0xFF, 0x00,
0x00, 0x00, 0x00, 0x00, 0x00, 0x00, 0xFF, 0xFF, 0x00, 0x00, 0x00, 0x00, 0x00, 0x00, 0x00, 0xFF,
0xFF, 0x00, 0x00, 0x00, 0x00, 0x00, 0x00, 0x00, 0xFF, 0xFF, 0xFF, 0xFF, 0xFF, 0xFA, 0x50, 0x00,
0x00, 0xFF, 0xFF, 0x00, 0x00, 0x00, 0x52, 0xFA, 0x00, 0x00, 0xFF, 0xFF, 0x00, 0x00, 0x00, 0x00,
0xFF, 0x00, 0x00, 0xFF, 0xFF, 0x00, 0x00, 0x00, 0x50, 0xFA, 0x00, 0x00, 0xFF, 0xFF, 0xFF, 0xFF,
0xFF, 0xFA, 0x51, 0x00, 0x00, 0xFF, 0x00, 0xFF, 0xFF, 0xFF, 0xFF, 0xFF, 0xFF, 0xFF, 0x00, 0xFF,
0x00, 0x00, 0x00, 0x00, 0x00, 0x00, 0x00, 0xFF, 0x00, 0x00, 0x00, 0x00, 0x00, 0x00, 0x00, 0xFF,
0x00, 0x00, 0x00, 0x00, 0x00, 0x00, 0x00, 0xFF, 0x00, 0x00, 0x00, 0x00, 0x00, 0x00, 0xFF, 0xFF,
0xFF, 0xFF, 0xFF, 0x00, 0x00, 0x00, 0x00, 0xFF, 0x00, 0x00, 0x00, 0x00, 0x00, 0x00, 0x00, 0xFF,
0x00, 0x00, 0x00, 0x00, 0x00, 0x00, 0x00, 0xFF, 0x00, 0x00, 0x00, 0x00, 0x00, 0x00, 0x00, 0xFF,
0x00, 0x00, 0x00, 0x00, 0x00, 0x00, 0x00, 0xFF, 0xFF, 0x00, 0x00, 0x00, 0x00, 0x00, 0x00, 0x00,
0xFD, 0x00, 0x00, 0x00, 0x00, 0x00, 0x00, 0x27, 0xEA, 0x00, 0x00, 0x00, 0x00, 0x00, 0x20, 0xF2,
0x7E, 0x00, 0x00, 0x00, 0x00, 0x00, 0x00, 0xFF, 0xFF, 0xFF, 0xFF, 0x00, 0xFF, 0x00, 0x00, 0x00,
0x00, 0xFF, 0x00, 0x00, 0x00, 0xFF, 0xFF, 0xFF, 0xFF, 0x00, 0x00, 0xFF, 0x00, 0x00, 0x00, 0x00,
0xFF, 0x00, 0x00, 0x00, 0x00, 0xFF, 0x00, 0x00, 0x00, 0x00, 0xFF, 0xFF, 0x00, 0x00, 0x00, 0x00,
0xFD, 0x00, 0x00, 0x00, 0x27, 0xEA, 0x00, 0x00, 0x20, 0xF2, 0x7E, 0x00, 0x00, 0x00, 0x9A, 0x5D,
0x00, 0x00, 0x00, 0x00, 0x00, 0x68, 0x96, 0x00, 0x06, 0xB9, 0x24, 0x00, 0x00, 0x00, 0x3F, 0xBA,
0x04, 0x00, 0x00, 0x19, 0xB2, 0x06, 0x00, 0x20, 0xCA, 0x13, 0x00, 0x00, 0x00, 0x00, 0x39, 0x87,
0x0C, 0xC5, 0x2C, 0x00, 0x00, 0x00, 0x00, 0x00, 0x00, 0x65, 0xCA, 0x4F, 0x00, 0x00, 0x00, 0x00,
0x00, 0x00, 0x00, 0x32, 0xE2, 0x19, 0x00, 0x00, 0x00, 0x00, 0x00, 0x00, 0x20, 0x92, 0x46, 0xBB,
0x02, 0x00, 0x00, 0x00, 0x00, 0x12, 0xA6, 0x0A, 0x00, 0x88, 0x7A, 0x00, 0x00, 0x00, 0x08, 0xAD,
0x1E, 0x00, 0x00, 0x04, 0xC3, 0x3A, 0x00, 0x02, 0xA5, 0x3C, 0x00, 0x00, 0x00, 0x00, 0x20, 0xD0,
0x0F, 0x8F, 0x64, 0x00, 0x00, 0x00, 0x00, 0x00, 0x00, 0x5C, 0x8B, 0x00, 0x00, 0x00, 0x00, 0x00,
0x00, 0x00, 0x00, 0x00, 0xB5, 0x00, 0x00, 0x00, 0x00, 0x00, 0x00, 0x00, 0x00, 0x0D, 0xB9, 0x00,
0x00, 0x00, 0x00, 0x00, 0x00, 0x00, 0x20, 0xF3, 0x76, 0x90, 0x6A, 0x00, 0x00, 0x00, 0x00, 0x6F,
0x8F, 0x02, 0xAD, 0x4C, 0x00, 0x00, 0x51, 0xAC, 0x02, 0x00, 0x0A, 0xBF, 0x33, 0x38, 0xBF, 0x09,
0x00, 0x00, 0x00, 0x17, 0xC6, 0xC7, 0x15, 0x00, 0x00, 0x00, 0x00, 0x14, 0xC7, 0xC3, 0x0F, 0x00,
0x00, 0x00, 0x09, 0xBE, 0x39, 0x41, 0xB6, 0x05, 0x00, 0x02, 0xAB, 0x52, 0x00, 0x00, 0x5C, 0x9E,
0x00, 0x90, 0x70, 0x00, 0x00, 0x00, 0x00, 0x82, 0x65, 0x00, 0x00, 0x00, 0x00, 0x00, 0x00, 0x02,
0xAC, 0x00, 0x00, 0x00, 0x00, 0x00, 0x00, 0x0C, 0xAA, 0x00, 0x00, 0x00, 0x00, 0x00, 0x20, 0xF3,
0x7A, 0x00, 0x9C, 0x5D, 0x00, 0x00, 0x00, 0x00, 0x00, 0x68, 0x96, 0x00, 0x08, 0xC0, 0x24, 0x00,
0x00, 0x00, 0x3F, 0xBB, 0x05, 0x00, 0x00, 0x20, 0xB9, 0x05, 0x00, 0x1F, 0xCA, 0x14, 0x00, 0x00,
0x00, 0x00, 0x49, 0x89, 0x0B, 0xC5, 0x2E, 0x00, 0x00, 0x00, 0x00, 0x00, 0x00, 0x7E, 0xC8, 0x52,
0x00, 0x00, 0x00, 0x00, 0xFF, 0xFF, 0xFF, 0xFF, 0xF9, 0xFF, 0xFF, 0x00, 0x00, 0x00, 0x00, 0x00,
0x52, 0xA9, 0x47, 0xB5, 0x01, 0x00, 0x00, 0x00, 0x00, 0x2E, 0xC3, 0x0A, 0x00, 0x8B, 0x73, 0x00,
0x00, 0x00, 0x14, 0xC9, 0x1E, 0x00, 0x00, 0x05, 0xC5, 0x33, 0x00, 0x05, 0xBA, 0x3C, 0x00, 0x00,
0x00, 0x00, 0x24, 0xCE, 0x0C, 0x97, 0x64, 0x00, 0x00, 0x00, 0x00, 0x00, 0x00, 0x5D, 0xA2, 0x8F,
0x6B, 0x00, 0x00, 0x00, 0x00, 0x6F, 0x8F, 0x02, 0xA9, 0x4F, 0x00, 0x00, 0x51, 0xAB, 0x02, 0x00,
0x08, 0xBA, 0x36, 0x38, 0xBD, 0x09, 0x00, 0xFF, 0xFF, 0xFF, 0xEA, 0xEA, 0xFF, 0xFF, 0xFF, 0x00,
0x00, 0x14, 0xC6, 0xC3, 0x12, 0x00, 0x00, 0x00, 0x09, 0xBD, 0x38, 0x37, 0xBA, 0x08, 0x00, 0x02,
0xAB, 0x51, 0x00, 0x00, 0x50, 0xA9, 0x02, 0x90, 0x6F, 0x00, 0x00, 0x00, 0x00, 0x6C, 0x8E, 0x00,
0x0C, 0x53, 0x65, 0x67, 0x6F, 0x65, 0x20, 0x55, 0x49, 0x2E, 0x76, 0x6C, 0x77, 0x00, 0x0C, 0x44,
0x69, 0x61, 0x6C, 0x6F, 0x67, 0x2E, 0x70, 0x6C, 0x61, 0x69, 0x6E, 0x01, 
};
